<?xml version="1.0" encoding="UTF-8" standalone="yes"?>
<addon id="script.module.idna"
       name="idna"
       version="2.8"
       provider-name="Kim Davies">
  <requires>
    <!-- <import addon="xbmc.python" version="2.25.0"/> -->
  </requires>
  <extension point="xbmc.python.module"
             library="lib" />
  <extension point="xbmc.addon.metadata">
    <summary lang="en_GB">Internationalized Domain Names for Python</summary>
    <description lang="en_GB">Packed for KODI from https://github.com/kjd/idna</description>
    <platform>all</platform>
    <language></language>
    <license>BSD</license>
    <forum></forum>
    <website>https://github.com/kjd/idna</website>
    <source>https://github.com/Freso/script.module.idna</source>
    <email>freso.dk AT gmail.com</email>
    <assets>
      <icon>resources/icon.png</icon>
    </assets>
  </extension>
</addon>
