<?xml version="1.0" encoding="UTF-8" standalone="yes"?>
<addon id="plugin.video.mcenter" name="Arabic Media Center" version="1.6.0" provider-name="MG.Arabic">
  <requires>
    <import addon="xbmc.python" version="2.1.0"/>
    <import addon="script.module.requests" version="2.3.0"/>
    <import addon="script.module.parsedom" version="0.9.1"/>
  </requires>
  <extension point="xbmc.python.pluginsource"         library="default.py">
    <provides>video</provides>
  </extension>
<!--   <extension library="service.py" point="xbmc.service"/> -->
  <extension point="xbmc.addon.metadata">
    <summary lang="en">Arabic Media Center.</summary>
    <description lang="en">[B][COLOR red]•••ARABIC Media Center•••[/COLOR][/B] |
	HD Movies  |  Arabic Movies  |  3D Movies  |  4K Movies  |  Shows  |  Cartoon Movies  |  Documentary  |  Cartoon Series  |  TV Programs </description>
    <disclaimer lang="en"></disclaimer>
    <language></language>
    <platform>all</platform>
    <license>All rights reserved.</license>
    <forum></forum>
    <website></website>
    <email></email>
    <source></source>
  </extension>
 </addon>