<?xml version="1.0" encoding="UTF-8" standalone="yes"?>
<addon id="plugin.video.mdniter" name="niter" version="1.0.1" provider-name="Mucky Duck">
  <requires>
    <import addon="xbmc.python" version="2.1.0"/>
	<import addon="script.module.addon.common" />
	<import addon="script.module.metahandler" version="2.5.1"/>
	<import addon="script.module.requests" />
  </requires>
  <extension point="xbmc.python.pluginsource" library="default.py">
        <provides>video</provides>
  </extension>
  <extension point="xbmc.addon.metadata">
    <summary lang="en">Stream Movies From The niter.co WebSite</summary>
    <description lang="en">Stream Movies From The niter.co WebSite</description>
	<disclaimer lang="en">
	The author does not host or distribute any of the content displayed by this addon 
	or have any affiliation with the website owners.
	</disclaimer>
    <platform>all</platform>
  </extension>
</addon>
