<?xml version="1.0" encoding="UTF-8"?>
<addon id="plugin.video.cimaclub" version="2.0.2" name="CimaClub" provider-name="MG.Arabic">
 <requires>
        <import addon="xbmc.python" version="2.1.0" optional="true" />
        <import addon="script.module.mg.arabic.common"/>
        <import addon="script.module.urlresolver" />
		<import addon="script.mrknow.urlresolver" />
		<import addon="script.module.requests"/>
        <import addon="repository.MG.Arabic" />
  </requires>
  <extension point="xbmc.python.pluginsource"
            library="cimaclub.py">
    <provides>video</provides>
  </extension>
  <extension point="xbmc.addon.metadata">
    <summary> http://cimaclub.com/ </summary>
    <description> videos from cimaclub </description>
   <platform>all</platform>
   <assets>
 			<icon>img/icon.png</icon>
 			<fanart>img/fanart.jpg</fanart>
 		</assets>
  </extension>
</addon>