<?xml version="1.0" encoding="UTF-8" standalone="yes"?>
<addon id="script.module.urlresolver.ar" name="Arabic Resolver" version="5.0.09" provider-name="MG.Arabic">
	<requires>
		<import addon="xbmc.python" version="2.1.0"/>
        <import addon="script.module.urlresolver" version="5.0.09" />
	</requires>
	<extension point="xbmc.python.module" library="lib" />
	<extension point="xbmc.addon.metadata">
		<summary lang="en">Resolve Arabic video host URL's to be playable in XBMC/Kodi.</summary>
		<description lang="en">Resolve Arabic video host URL's to be playable in XBMC/Kodi.</description>
		<platform>all</platform>
	</extension>
</addon>
