<?xml version="1.0" encoding="UTF-8"?>
<addon
  id="plugin.video.aflam4all"
  version="1.0.0"
  name="aflam4all"
  provider-name="Made by mfaraj,opesboy">
   <requires>
    <import addon="xbmc.python" version="2.1.0"/>
	<import addon="script.module.addon.common" />
	<import addon="script.module.requests" />
	<import addon="script.module.urlresolver" />
  </requires>
  <extension point="xbmc.python.pluginsource"
             library="default.py">
    <provides>video</provides>
  </extension>
  <extension point="xbmc.addon.metadata">
    <summary>MOVIES Arabic plugin from aflam4all.com</summary>
    <description>MOVIES Arabic plugin from aflam4all.com</description>
   
    <platform>all</platform>
  </extension>
</addon>
