<?xml version="1.0" encoding="UTF-8"?>
<addon id="plugin.video.city4online"
       name="City4Online"
       version="1.0.2"
       provider-name="mfaraj,opesboy">
   <requires>
        <import addon="xbmc.python" version="2.1.0"/>
        <import addon="script.module.urlresolver" version="3.0"/>
        <import addon="script.module.addon.common" version="2.0.0" />
        <import addon="script.module.metahandler" version="2.6.0" />
        <import addon="script.module.myconnpy" version="1.1.6" />
        <import addon="script.module.axel.downloader" version="0.2.0" optional="true"/>
    </requires>
  <extension point="xbmc.python.pluginsource"
            library="default.py">
        <provides>video</provides>
  </extension>
  <extension point="xbmc.addon.metadata">
    <summary>Movies and series from city4online.com</summary>
    <description>Movies and series from city4online.com</description>
    <platform>all</platform>
  </extension>
</addon>
