<?xml version="1.0" encoding="UTF-8"?>
<addon id="plugin.video.panettv"
       name="Panet TV"
       version="1.0.2"
       provider-name="mfaraj,opesboy">
  <requires>
    <import addon="xbmc.python"
            version="2.1.0"/>
  </requires>
  <extension point="xbmc.python.pluginsource"
            library="default.py">
        <provides>video</provides>
  </extension>
  <extension point="xbmc.addon.metadata">
    <summary>libre-stream.com</summary>
    <description>arabic Movies and series from from Panet tv</description>
    <platform>all</platform>
  </extension>
</addon>
