<?xml version="1.0" encoding="utf-8"?>
<window>
	<defaultcontrol always="true">9000</defaultcontrol>
	<onload>SetProperty(infobackground,$ESCINFO[ListItem.Art(fanart)],home)</onload>
	<onunload>ClearProperty(infobackground,home)</onunload>
	<controls>
		<control type="group">
			<centerleft>50%</centerleft>
			<width>1920</width>
			<control type="image">
				<include>OpenClose_Left</include>
				<visible>Skin.HasSetting(show_musicclearlogos)</visible>
				<top>15</top>
				<left>186</left>
				<width>332</width>
				<height>150</height>
				<aspectratio>keep</aspectratio>
				<texture background="true">$INFO[Window(Home).Property(SkinHelper.ListItem.Art.Clearlogo)]</texture>
			</control>
			<control type="image">
				<include>OpenClose_Right</include>
				<visible>Skin.HasSetting(show_studiologos)</visible>
				<top>25</top>
				<right>85</right>
				<width>200</width>
				<height>135</height>
				<aspectratio align="center">keep</aspectratio>
				<texture>$INFO[Skin.String(recordlabels.path),,/]$INFO[ListItem.Property(Album_Label),,.png]</texture>
			</control>
			<control type="group">
				<include>OpenClose_Left</include>
				<top>158</top>
				<left>40</left>
				<control type="image">
					<width>615</width>
					<height>615</height>
					<aspectratio>scale</aspectratio>
					<texture colordiffuse="border_alpha">colors/black.png</texture>
					<bordertexture border="20">overlays/shadow.png</bordertexture>
					<bordersize>20</bordersize>
				</control>
				<control type="image">
					<left>24</left>
					<top>24</top>
					<width>567</width>
					<height>567</height>
					<aspectratio aligny="top">scale</aspectratio>
					<fadetime>300</fadetime>
					<texture background="true" fallback="DefaultFolderSquare.png">$INFO[ListItem.Art(thumb)]</texture>
				</control>
			</control>
			<control type="group">
				<include>OpenClose_Right</include>
			<include>Visible_Right</include>
			<left>80</left>
			<visible>![Window.Is(songinformation) + Window.IsActive(musicinformation)]</visible>
			<control type="group">
				<visible>Integer.IsEqual(Container(50).NumItems,0) + String.IsEmpty(Control.GetLabel(400))</visible>
				<top>160</top>
				<control type="button" id="130">
					<left>586</left>
					<width>1190</width>
					<height>610</height>
					<onup condition="Container.Content(albums)">50</onup>
					<onup condition="Container.Content(artists)">502</onup>
					<ondown>9000</ondown>
					<label></label>
				</control>
				<control type="image">
					<left>614</left>
					<top>30</top>
					<width>1130</width>
					<height>550</height>
					<aspectratio aligny="top">scale</aspectratio>
					<texture fallback="special://skin/extras/home-images/music.jpg">$INFO[ListItem.Art(fanart)]</texture>
					<visible>String.IsEmpty(Control.GetLabel(400))</visible>
				</control>
				<control type="group">
					<visible>String.IsEmpty(Control.GetLabel(400)) + String.IsEmpty(ListItem.Art(fanart))</visible>
					<control type="image">
						<left>614</left>
						<top>30</top>
						<width>1130</width>
						<height>550</height>
						<aspectratio>scale</aspectratio>
						<texture colordiffuse="AAFFFFFF">colors/black.png</texture>
					</control>
					<control type="textbox">
						<left>614</left>
						<top>30</top>
						<width>1130</width>
						<height>550</height>
						<align>center</align>
						<aligny>center</aligny>
						<font>font30_title</font>
						<label>$LOCALIZE[19055]</label>
					</control>
				</control>
			</control>
			<control type="group">
				<visible>!Integer.IsEqual(Container(50).NumItems,0) | !String.IsEmpty(Control.GetLabel(400))</visible>
				<top>454</top>
				<control type="button" id="130">
					<onup condition="Container.Content(albums)">50</onup>
					<onup condition="Container.Content(artists)">502</onup>
					<ondown>9000</ondown>
					<left>586</left>
					<top>-295</top>
					<width>1190</width>
					<height>320</height>
					<label></label>
					<visible>Integer.IsEqual(Container(50).NumItems,0)</visible>
				</control>
				<control type="button" id="130">
					<onup condition="Container.Content(albums)">50</onup>
					<onup condition="Container.Content(artists)">502</onup>
					<ondown>9000</ondown>
					<left>586</left>
					<width>1190</width>
					<height>320</height>
					<label></label>
					<onclick>SetProperty(TextViewer_Header,$LOCALIZE[21821],home)</onclick>
					<onclick>SetProperty(TextViewer_Text,$ESCVAR[MusicInfoTextboxVar],home)</onclick>
					<onclick>ActivateWindow(1102)</onclick>
				</control>
				<control type="group">
					<animation effect="slide" start="0,0" end="0,-295" time="0" condition="Integer.IsEqual(Container(50).NumItems,0)">Conditional</animation>
					<visible>String.IsEmpty(Control.GetLabel(400))]</visible>
					<control type="image">
						<left>614</left>
						<top>30</top>
						<width>1130</width>
						<height>260</height>
						<aspectratio aligny="top">scale</aspectratio>
						<texture fallback="special://skin/extras/home-images/music.jpg">$INFO[ListItem.Art(fanart)]</texture>
					</control>
					<control type="group">
						<visible>String.IsEmpty(ListItem.Art(fanart))</visible>
						<control type="image">
							<left>614</left>
							<top>30</top>
							<width>1130</width>
							<height>260</height>
							<aspectratio>scale</aspectratio>
							<texture colordiffuse="AAFFFFFF">colors/black.png</texture>
						</control>
						<control type="textbox">
							<left>614</left>
							<top>30</top>
							<width>1130</width>
							<height>260</height>
							<align>center</align>
							<aligny>center</aligny>
							<font>font30_title</font>
							<label>$LOCALIZE[19055]</label>
						</control>
					</control>
				</control>
			</control>
			<control type="textbox" id="400">
				<left>620</left>
				<top>480</top>
				<width>1100</width>
				<height>260</height>
				<font>font_textbox</font>
				<label fallback="19055">$VAR[MusicInfoTextboxVar]</label>
				<autoscroll delay="10000" time="4000" repeat="10000"/>
			</control>
			<control type="image">
				<left>620</left>
				<top>214</top>
				<width>1120</width>
				<height>207</height>
				<aspectratio>stretch</aspectratio>
				<texture>$INFO[Window(Home).Property(SkinHelper.ListItem.Art.Banner)]</texture>
				<visible>String.IsEqual(ListItem.DBType,song)</visible>
			</control>
			<control type="panel" id="50">
				<left>585</left>
				<top>170</top>
				<width>1190</width>
				<height>360</height>
				<ondown>130</ondown>
				<onup>9000</onup>
				<orientation>horizontal</orientation>
				<visible>Container.Content(albums)</visible>
				<itemlayout height="72.5" width="595" condition="Container.Content(albums)">
					<control type="image">
						<top>-10</top>
						<width>595</width>
						<height>100</height>
						<texture border="40">buttons/button-nofo.png</texture>
					</control>
					<control type="label">
						<left>40</left>
						<top>10</top>
						<width>435</width>
						<height>60</height>
						<font>font12</font>
						<aligny>center</aligny>
						<label>$INFO[ListItem.TrackNumber,, - ][COLOR white]$INFO[ListItem.Label][/COLOR]</label>
						<textcolor>$VAR[SkinColorVar]</textcolor>
					</control>
					<control type="label">
						<right>40</right>
						<top>10</top>
						<width>75</width>
						<height>60</height>
						<font>font12</font>
						<align>right</align>
						<aligny>center</aligny>
						<label>$INFO[ListItem.Duration]</label>
					</control>
					<control type="group">
						<left>230</left>
						<top>28</top>
						<include>UserRatingCircle</include>
					</control>
				</itemlayout>
				<focusedlayout height="72.5" width="595" condition="Container.Content(albums)">
					<control type="group">
						<control type="image">
							<top>-10</top>
							<width>595</width>
							<height>100</height>
							<texture border="40" colordiffuse="$VAR[SkinColorVar]">buttons/button-fo.png</texture>
						</control>
						<control type="label">
							<left>40</left>
							<top>10</top>
							<width>435</width>
							<height>60</height>
							<font>font12</font>
							<aligny>center</aligny>
							<scroll>true</scroll>
							<label>$INFO[ListItem.TrackNumber,, - ][COLOR white]$INFO[ListItem.Label][/COLOR]</label>
							<textcolor>$VAR[SkinColorVar]</textcolor>
						</control>
						<control type="label">
							<right>40</right>
							<top>10</top>
							<width>75</width>
							<height>60</height>
							<font>font12</font>
							<align>right</align>
							<aligny>center</aligny>
							<label>$INFO[ListItem.Duration]</label>
						</control>
						<control type="group">
							<left>230</left>
							<top>28</top>
							<include>UserRatingCircle</include>
						</control>
					</control>
				</focusedlayout>
			</control>
			<control type="panel" id="502">
				<left>585</left>
				<top>170</top>
				<width>1190</width>
				<height>360</height>
				<ondown>130</ondown>
				<onup>9000</onup>
				<orientation>horizontal</orientation>
				<visible>Container.Content(artists)</visible>
				<itemlayout height="360" width="235">
					<control type="image">
						<top>-10</top>
						<width>250</width>
						<height>312</height>
						<texture border="40">buttons/button-nofo.png</texture>
					</control>
					<control type="image">
						<left>30</left>
						<top>21</top>
						<width>190</width>
						<height>190</height>
						<texture border="2" fallback="DefaultMusicAlbums.png" background="true">$VAR[PosterImageVar]</texture>
						<aspectratio>stretch</aspectratio>
						<bordertexture colordiffuse="border_alpha">colors/black.png</bordertexture>
						<bordersize>4</bordersize>
					</control>
					<control type="textbox">
						<left>28</left>
						<top>207</top>
						<width>196</width>
						<height>65</height>
						<font>font10</font>
						<align>center</align>
						<aligny>center</aligny>
						<label>$INFO[ListItem.Label2,[COLOR = $VAR[ColourFocus]], - [/COLOR]]$INFO[ListItem.Label]</label>
					</control>
					<control type="group">
						<left>230</left>
						<top>28</top>
						<include>UserRatingCircle</include>
					</control>
				</itemlayout>
				<focusedlayout height="360" width="235">
					<control type="group">
						<animation effect="zoom" start="100" end="105" time="200" tween="sine" easing="inout" center="160,180">Focus</animation>
						<animation effect="zoom" start="105" end="100" time="200" tween="sine" easing="inout" center="160,180">UnFocus</animation>
						<control type="image">
							<top>-10</top>
							<width>250</width>
							<height>312</height>
							<texture border="40">buttons/button-nofo.png</texture>
						</control>
						<control type="image">
							<left>30</left>
							<top>21</top>
							<width>190</width>
							<height>190</height>
							<texture border="2" fallback="DefaultMusicAlbums.png" background="true">$VAR[PosterImageVar]</texture>
							<aspectratio>stretch</aspectratio>
							<bordertexture colordiffuse="border_alpha">colors/black.png</bordertexture>
							<bordersize>4</bordersize>
						</control>
						<control type="textbox">
							<left>28</left>
							<top>207</top>
							<width>196</width>
							<height>65</height>
							<font>font10</font>
							<align>center</align>
							<aligny>center</aligny>
							<label>$INFO[ListItem.Label2,[COLOR = $VAR[ColourFocus]], - [/COLOR]]$INFO[ListItem.Label]</label>
						</control>
						<control type="group">
							<left>230</left>
							<top>28</top>
							<include>UserRatingCircle</include>
						</control>
						<control type="image">
							<left>15</left>
							<top>5</top>
							<width>220</width>
							<height>278</height>
							<texture border="8" colordiffuse="$VAR[SkinColorVar]">buttons/thumbnail_focused.png</texture>
							<animation effect="fade" start="100" end="0" time="200">Unfocus</animation>
						</control>
					</control>
				</focusedlayout>
				<content target="music">plugin://script.extendedinfo?info=discography&amp;&amp;artistname=$VAR[ArtistLabelVar]</content>
			</control>
			<control type="grouplist" id="9000">
				<left>-20</left>
				<top>820</top>
				<width>1800</width>
				<height>300</height>
				<onleft>9000</onleft>
				<onright>9000</onright>
				<onup>130</onup>
				<ondown>50</ondown>
				<align>center</align>
				<itemgap>-7</itemgap>
				<orientation>horizontal</orientation>
				<control type="radiobutton" id="121">
					<include content="VideoInfoButtonsCommon">
						<param name="icon" value="icons/infodialogs/play.png" />
					</include>
					<label>$LOCALIZE[208]</label>
					<enable>System.HasAddon(script.playalbum)</enable>
					<onclick>RunScript(script.playalbum,albumid=$INFO[ListItem.DBID])</onclick>
					<visible>String.IsEqual(ListItem.DBType,album) | System.HasAddon(script.playalbum)</visible>
				</control>
				<include content="InfoDialogButton">
					<param name="id" value="10" />
					<param name="icon" value="icons/infodialogs/thumb.png" />
					<param name="label" value="$LOCALIZE[13405]" />
				</include>
				<include content="InfoDialogButton">
					<param name="id" value="12" />
					<param name="icon" value="icons/infodialogs/image.png" />
					<param name="label" value="$LOCALIZE[20413]" />
				</include>
				<control type="radiobutton" id="120">
					<include content="VideoInfoButtonsCommon">
						<param name="icon" value="icons/infodialogs/fullscreen.png" />
					</include>
					<label>$LOCALIZE[31028]</label>
					<onclick>SetProperty(fanart,$ESCINFO[ListItem.Art(fanart)],home)</onclick>
					<onclick>ActivateWindow(1104)</onclick>
					<visible>[String.IsEqual(ListItem.DBType,artist) | String.IsEqual(ListItem.DBType,album)]</visible>
				</control>
				<include content="InfoDialogButton">
					<param name="id" value="105" />
					<param name="icon" value="icons/infodialogs/path.png" />
					<param name="label" value="$LOCALIZE[40063]" />
					<param name="onclick_1" value="ActivateWindow(1110)" />
					<param name="visible" value="Container.Content(songs)" />
				</include>
				<control type="radiobutton" id="440">
					<label>$LOCALIZE[31114]</label>
					<include content="VideoInfoButtonsCommon">
						<param name="icon" value="icons/infodialogs/trailer.png" />
					</include>
					<onclick>Action(close)</onclick>
					<visible>System.hasAddon(script.extendedinfo)</visible>
					<onclick condition="!String.IsEqual(ListItem.DBType,song)">RunScript(script.extendedinfo,info=youtubebrowser,id=$INFO[ListItem.Artist] $INFO[ListItem.Album])</onclick>
					<onclick condition="String.IsEqual(ListItem.DBType,song)">RunScript(script.extendedinfo,info=youtubebrowser,id=$INFO[ListItem.Artist] $INFO[ListItem.Title])</onclick>
				</control>
				<control type="group" id="420">
					<width>262</width>
					<visible>String.IsEqual(ListItem.DBType,album) | String.IsEqual(ListItem.DBType,song)</visible>
					<control type="button" id="7">
						<include content="VideoInfoButtonsCommon">
							<param name="icon" value="" />
						</include>
						<label>$LOCALIZE[31033]</label>
						<onup>130</onup>
						<onleft>440</onleft>
						<onright condition="!System.HasAddon(script.libraryeditor)">6</onright>
						<onright condition="System.HasAddon(script.libraryeditor)">442</onright>
						<onup condition="Integer.IsGreater(Container(5000).CurrentItem,3)">210</onup>
						<onup condition="!Integer.IsGreater(Container(5000).CurrentItem,3)">138</onup>
					</control>
					<control type="label">
						<label>$INFO[ListItem.UserRating]</label>
						<font>font30_title</font>
						<left>0</left>
						<top>22</top>
						<width>262</width>
						<align>center</align>
					</control>
					<control type="image">
						<texture>icons/infodialogs/rating.png</texture>
						<left>107</left>
						<top>32</top>
						<width>48</width>
						<height>48</height>
						<align>center</align>
						<visible>String.IsEmpty(ListItem.UserRating)</visible>
					</control>
				</control>
				<include content="InfoDialogButton">
					<param name="id" value="442" />
					<param name="icon" value="icons/infodialogs/edit.png" />
					<param name="onclick_1" value="RunScript(script.libraryeditor,DBID=$INFO[ListItem.DBID])" />
					<param name="label" value="$LOCALIZE[21435]" />
					<param name="visible" value="System.HasAddon(script.libraryeditor)" />
				</include>
				<include content="InfoDialogButton">
					<param name="id" value="6" />
					<param name="icon" value="icons/infodialogs/update.png" />
					<param name="label" value="$LOCALIZE[184]" />
				</include>
			</control>
			<include content="LeftRightArrows">
				<param name="list_id" value="50" />
				<param name="left_posx" value="560" />
				<param name="right_posx" value="1772" />
				<param name="posy" value="304" />
				<param name="visible" value="Control.HasFocus(50)" />
			</include>
			<include content="LeftRightArrows">
				<param name="list_id" value="502" />
				<param name="left_posx" value="560" />
				<param name="right_posx" value="1772" />
				<param name="posy" value="300" />
				<param name="visible" value="Control.HasFocus(502)" />
			</include>
		</control>
		<control type="group">
			<visible>String.IsEqual(ListItem.DBType,artist)</visible>
			<include content="InfoDialogTopBarInfo">
				<param name="main_label" value="[COLOR white]$INFO[ListItem.Artist][/COLOR]" />
				<param name="sub_label" value="$INFO[ListItem.Genre]" />
				<param name="id" value="33333" />
				<param name="textcolor" value="$VAR[SkinColorVar]" />
			</include>
		</control>
		<control type="group">
			<visible>String.IsEqual(ListItem.DBType,album)</visible>
			<include content="InfoDialogTopBarInfo">
				<param name="main_label" value="[COLOR white]$INFO[ListItem.Album]$INFO[ListItem.Year, (,)[/COLOR]]" />
				<param name="sub_label" value="$INFO[ListItem.Artist]" />
				<param name="id" value="33334" />
				<param name="textcolor" value="$VAR[SkinColorVar]" />
			</include>
		</control>
		<control type="group">
			<visible>String.IsEqual(ListItem.DBType,song) + !Window.IsActive(musicinformation)</visible>
			<include content="InfoDialogTopBarInfo">
				<param name="main_label" value="[COLOR white]$INFO[ListItem.TrackNumber]. $INFO[ListItem.Title][/COLOR]" />
				<param name="sub_label" value="$INFO[ListItem.Artist,,[COLOR white] • [/COLOR]]$INFO[ListItem.Album]$INFO[ListItem.Year, (,)]" />
				<param name="id" value="33335" />
				<param name="textcolor" value="$VAR[SkinColorVar]" />
			</include>
			</control>
		</control>
	</controls>
</window>