<?xml version="1.0" encoding="UTF-8" standalone="yes"?>
<addon id="repository.kaosbox2" name="KAOSbox Repo" version="7.1.0" provider-name="KAOSbox">
	<extension point="xbmc.addon.repository" name="KAOSbox Repo">
        <dir>
		<info compressed="false">https://raw.githubusercontent.com/kaosbox/KAOSbox-Repo/master/addons.xml</info>
		<checksum>https://raw.githubusercontent.com/kaosbox/KAOSbox-Repo/master/addons.xml.md5</checksum>
		<datadir zip="true">https://raw.githubusercontent.com/kaosbox/KAOSbox-Repo/master/</datadir>
        </dir>
	<dir>
		<info compressed="false">https://repo.kaosbox.tv/addons.xml</info>
		<checksum>https://repo.kaosbox.tv/addons.xml.md5</checksum>
		<datadir zip="true">https://repo.kaosbox.tv</datadir>
	</dir>
	</extension>
	<extension point="xbmc.addon.metadata">
		<summary>Official New Repo for the KAOSbox (www.kaosbox.tv)</summary>
		<description>Download and install addons for the KAOSbox (www.kaosbox.tv)</description>
       		<disclaimer>KAOSbox did not make all the add-ons in this repository and is not responsible for their content.</disclaimer>
		<platform>all</platform>      
                <website>https://www.kaosbox.tv</website>
	</extension>
</addon>
