﻿<?xml version="1.0" encoding="UTF-8" standalone="yes"?>
<addon id="repository.eldorado" name="Eldorado's XBMC Addons" version="2.1.0" provider-name="eldorado">
	<extension point="xbmc.addon.repository" name="Eldorado's XBMC Addon Repository">
		<info compressed="false">http://raw.github.com/Eldorados/eldorado-xbmc-addons/master/addons.xml</info>
		<checksum>http://raw.github.com/Eldorados/eldorado-xbmc-addons/master/addons.xml.md5</checksum>
		<datadir zip="true">http://raw.github.com/Eldorados/eldorado-xbmc-addons/master/repo/</datadir>
	</extension>
	<extension point="xbmc.addon.metadata">
		<summary>Install Eldorado's Addons</summary>
		<forum>http://tvaddons.co/forums</forum>
		<description>Download and install addons by Eldorado</description>
		<platform>all</platform>
	</extension>
</addon>