<?xml version="1.0" encoding="UTF-8" standalone="yes"?>
<addon id="script.globalsearch" name="Global Search" version="7.4.6" provider-name="ronie">
	<requires>
		<import addon="xbmc.python" version="2.25.0"/>
	</requires>
	<extension point="xbmc.python.script" library="default.py">
		<provides>executable</provides>
	</extension>
	<extension point="xbmc.addon.metadata">
		<language></language>
		<platform>all</platform>
		<license>GNU GENERAL PUBLIC LICENSE Version 2</license>
		<forum>http://forum.kodi.tv/showthread.php?tid=109301</forum>
		<website></website>
		<email></email>
		<source>https://github.com/ronie/script.globalsearch/</source>
	</extension>
</addon>
