<?xml version="1.0" encoding="UTF-8" standalone="yes"?>
<addon id="plugin.video.exodus" name="[COLOR orange]Exodus[/COLOR]" provider-name="Exodus" version="12.0.0b">
    <requires>
        <!--<import addon="xbmc.python" version="2.20.0" />-->
        <import addon="script.exodus.artwork" />
        <import addon="script.exodus.metadata" />
        <import addon="repository.kodibae" />
        <import addon="script.module.urlresolver" />
        <import addon="script.module.requests" />
        <import addon="script.module.beautifulsoup4" />
        <import addon="script.module.playscrapers" />
        <import addon="plugin.video.pressplay" />
        <import addon="script.module.six" />
        <import addon="script.module.simplejson" />
        <import addon="script.module.metahandler" optional="true" />
        <import addon="script.module.exoscrapers" optional="true" />
        <import addon="script.module.orion" optional="true" />
        <import addon="plugin.video.youtube" optional="true" />
    </requires>
    <extension library="exodus.py" point="xbmc.python.pluginsource">
        <provides>video</provides>
    </extension>
    <extension library="service.py" point="xbmc.service" start="startup" />
    <extension point="xbmc.addon.metadata">
        <reuselanguageinvoker>false</reuselanguageinvoker>
        <summary lang="en_GB">Exodus</summary>
        <description lang="en_GB">Get Better Streaming and Support Exodus with a VPN from [COLOR pink]ExodusVPN.com[/COLOR]</description>
        <platform>all</platform>
        <license>GNU GENERAL PUBLIC LICENSE. Version 3, 29 June 2007</license>
        <forum />
        <website>https://www.exodusvpn.com</website>
        <source />
        <disclaimer lang="en_GB">The author of this add-on does not host any of the content which is found and has no affiliation with any of the content providers. This add-on simply searches websites for content. Use at your own risk!</disclaimer>
        <assets>
            <icon>icon.png</icon>
            <fanart>fanart.jpg</fanart>
        </assets>
        <news>
- See Changelog on Tools menu
        </news>
    </extension>
</addon>