<?xml version="1.0" encoding="UTF-8" standalone="yes"?>
<addon id="plugin.video.Evolve" name="[COLOR red]E[/COLOR][COLOR white]volve[/COLOR]" version="2.0.3" provider-name="Team Evolve">
  <requires>
    <import addon="xbmc.python" version="2.1.0"/>
    <import addon="script.module.simplejson" version="0.0.1"/>
    <import addon="script.module.urlresolver"  version="0.0.1"/>
    <import addon="script.module.liveresolver" version="0.0.1"/>
    <import addon="script.module.nanscrapers" version="0.5"/>
    <import addon="script.common.plugin.cache" version="0.0.1"/>
    <import addon="script.module.metahandler" version="0.0.1"/>
    <import addon="plugin.video.youtube" optional="true" />

  </requires>
  <extension point="xbmc.python.pluginsource" library="default.py">
        <provides>video</provides>
  </extension>
  <extension point="xbmc.addon.metadata">
    <summary lang="en">The Home Of Evolve Add-on Where You Can Discover Great Playlists</summary>
    <description lang="en">The author does not host or distribute any of the content displayed by this addon. The author does not have any affiliation with the content provider.</description>
    <platform>all</platform>
  </extension>
</addon>
