<?xml version="1.0" encoding="UTF-8" standalone="yes"?>
<addon id="plugin.video.arabmovies" name="Arabmovies" version="1.0.2" provider-name="Edit by MG.Arabic">  
	<requires>    
		<import addon="xbmc.python" version="2.1.0"/>    
		<import addon="script.module.urlresolver"  version="2.10.10"/>    
	</requires>  
	<extension point="xbmc.python.pluginsource" library="default.py">        
		<provides>video</provides>  
	</extension>  
	<extension point="xbmc.addon.metadata">    
			<summary lang="en"></summary>    
			<description lang="en">Watch from a huge selection of Arabic Movies Tv Shows and Collections...</description>
			<disclaimer lang="en">The author does not host or distribute any of the content displayed by this add-on</disclaimer>
			
			<platform>all</platform>  
	</extension>
</addon>