<?xml version="1.0" encoding="utf-8" ?><dwsync><file name=".DS_Store" server="ftp.offshoregit.com" local="3535850811" remote="318763443928769052" Dst="-1" /><file name="__init__.py" server="ftp.offshoregit.com" local="3535823826" remote="318763443928587732" Dst="-1" /><file name="addonwindow.py" server="ftp.offshoregit.com" local="3535823826" remote="318763443928769052" Dst="-1" /><file name="cleantitle.py" server="ftp.offshoregit.com" local="3535823826" remote="318763443928769052" Dst="-1" /><file name="cloudflare.py" server="ftp.offshoregit.com" local="3535823826" remote="318763443928769052" Dst="-1" /><file name="kodi.py" server="ftp.offshoregit.com" local="3535823826" remote="318763443928769052" Dst="-1" /><file name="log_utils.py" server="ftp.offshoregit.com" local="3535823826" remote="318763443928769052" Dst="-1" /><file name="message.py" server="ftp.offshoregit.com" local="3535823826" remote="318763443928769052" Dst="-1" /><file name="rating.py" server="ftp.offshoregit.com" local="3535823826" remote="318763443928769052" Dst="-1" /><file name="strings.py" server="ftp.offshoregit.com" local="3535823826" remote="318763443928769052" Dst="-1" /><file name="timeout_decorator.py" server="ftp.offshoregit.com" local="3535823826" remote="318763443928769112" Dst="-1" /><file name="trakt.py" server="ftp.offshoregit.com" local="3535823826" remote="318763443928769112" Dst="-1" /><file name="trakt_auth.py" server="ftp.offshoregit.com" local="3535823826" remote="318763443928769112" Dst="-1" /><file name="trans_utils.py" server="ftp.offshoregit.com" local="3535823826" remote="318763443928769112" Dst="-1" /><file name="window_box.py" server="ftp.offshoregit.com" local="3535823826" remote="318763443928769112" Dst="-1" /></dwsync>