<?xml version='1.0' encoding='UTF-8'?>
<shortcuts>
	<shortcut>
		<label>OpenELEC</label>
		<label2>24001</label2>
		<icon>icons/submenu/openelec.png</icon>
		<action>RunAddon(service.openelec.settings)</action>
        <visible>System.HasAddon(service.openelec.settings)</visible>
	</shortcut>
	<shortcut>
		<label>LibreELEC</label>
		<label2>24001</label2>
		<icon>icons/submenu/libreelec.png</icon>
		<action>RunAddon(service.libreelec.settings)</action>
        <visible>System.HasAddon(service.libreelec.settings)</visible>
	</shortcut>
    <shortcut>
        <label>10040</label>
        <label2>24001</label2>
        <icon>special://skin/extras/icons/addons.png</icon>
        <action>ActivateWindow(addonbrowser)</action>
    </shortcut>
</shortcuts>
