<?xml version='1.0' encoding='UTF-8'?>
<shortcuts>
	<shortcut>
		<defaultID>plugin.video.3sktv</defaultID>
		<label>قصة عشق تركية</label>
		<label2>Video Add-On</label2>
		<icon>DefaultShortcut.png</icon>
		<thumb>special://home/addons/plugin.video.3sktv/icon.png</thumb>
		<action>ActivateWindow(VideoLibrary,"plugin://plugin.video.3sktv",return)</action>
	</shortcut>
	<shortcut>
		<defaultID>plugin.video.4arabz</defaultID>
		<label>موقع فور أرابز</label>
		<label2>Video Add-On</label2>
		<icon>DefaultShortcut.png</icon>
		<thumb>special://home/addons/plugin.video.4arabz/icon.png</thumb>
		<action>ActivateWindow(VideoLibrary,"plugin://plugin.video.4arabz",return)</action>
	</shortcut>
	<shortcut>
		<defaultID>plugin.video.arabhd</defaultID>
		<label>عرب اتش دي</label>
		<label2>Video Add-On</label2>
		<icon>DefaultShortcut.png</icon>
		<thumb>special://home/addons/plugin.video.arabhd/icon.png</thumb>
		<action>ActivateWindow(VideoLibrary,"plugin://plugin.video.arabhd",return)</action>
	</shortcut>
	<shortcut>
		<defaultID>plugin.video.aflamy</defaultID>
		<label>أفلامي اون لاين</label>
		<label2>Video Add-On</label2>
		<icon>DefaultShortcut.png</icon>
		<thumb>special://home/addons/plugin.video.aflamy/icon.png</thumb>
		<action>ActivateWindow(VideoLibrary,"plugin://plugin.video.aflamy",return)</action>
	</shortcut>
	<shortcut>
		<defaultID>plugin.video.akoam</defaultID>
		<label>Akoam</label>
		<label2>Video Add-On</label2>
		<icon>DefaultShortcut.png</icon>
		<thumb>special://home/addons/plugin.video.akoam/icon.png</thumb>
		<action>ActivateWindow(VideoLibrary,"plugin://plugin.video.akoam",return)</action>
	</shortcut>
	<shortcut>
		<defaultID>plugin.video.alqudseyes</defaultID>
		<label>Alqudseyes</label>
		<label2>Video Add-On</label2>
		<icon>DefaultShortcut.png</icon>
		<thumb>special://home/addons/plugin.video.alqudseyes/icon.png</thumb>
		<action>ActivateWindow(VideoLibrary,"plugin://plugin.video.alqudseyes",return)</action>
	</shortcut>
	<shortcut>
		<defaultID>plugin.video.arablionz</defaultID>
		<label>عرب ليونز</label>
		<label2>Video Add-On</label2>
		<icon>DefaultShortcut.png</icon>
		<thumb>special://home/addons/plugin.video.arablionz/icon.png</thumb>
		<action>ActivateWindow(VideoLibrary,"plugin://plugin.video.arablionz",return)</action>
	</shortcut>
	<shortcut>
		<defaultID>plugin.video.arbcinema</defaultID>
		<label>السنماء العربية</label>
		<label2>Video Add-On</label2>
		<icon>DefaultShortcut.png</icon>
		<thumb>special://home/addons/plugin.video.arbcinema/icon.png</thumb>
		<action>ActivateWindow(VideoLibrary,"plugin://plugin.video.arbcinema",return)</action>
	</shortcut>
	<shortcut>
		<defaultID>plugin.video.bokra</defaultID>
		<label>بكرا</label>
		<label2>Video Add-On</label2>
		<icon>DefaultShortcut.png</icon>
		<thumb>special://home/addons/plugin.video.bokra/icon.png</thumb>
		<action>ActivateWindow(VideoLibrary,"plugin://plugin.video.bokra",return)</action>
	</shortcut>
	<shortcut>
		<defaultID>plugin.video.cinemalek</defaultID>
		<label>سينما ليك</label>
		<label2>Video Add-On</label2>
		<icon>DefaultShortcut.png</icon>
		<thumb>special://home/addons/plugin.video.cinemalek/icon.png</thumb>
		<action>ActivateWindow(VideoLibrary,"plugin://plugin.video.cinemalek",return)</action>
	</shortcut>
	<shortcut>
		<defaultID>plugin.video.city4online</defaultID>
		<label>سيتي فور اون لاين</label>
		<label2>Video Add-On</label2>
		<icon>DefaultShortcut.png</icon>
		<thumb>image://C%3a%5cUsers%5cp20050097%5cAppData%5cRoaming%5cKodi%5caddons%5cplugin.video.city4online%5cicon.png/</thumb>
		<action>ActivateWindow(VideoLibrary,"plugin://plugin.video.city4online",return)</action>
	</shortcut>
	<shortcut>
		<defaultID>plugin.video.EL7L</defaultID>
		<label>الحل اون لان</label>
		<label2>Video Add-On</label2>
		<icon>DefaultShortcut.png</icon>
		<thumb>special://home/addons/plugin.video.EL7L/icon.png</thumb>
		<action>ActivateWindow(VideoLibrary,"plugin://plugin.video.EL7L",return)</action>
	</shortcut>
	<shortcut>
		<defaultID>plugin.video.dramacafe</defaultID>
		<label>دراما كافيه اون لاين</label>
		<label2>Video Add-On</label2>
		<icon>DefaultShortcut.png</icon>
		<thumb>special://home/addons/plugin.video.dramacafe/icon.png</thumb>
		<action>ActivateWindow(VideoLibrary,"plugin://plugin.video.dramacafe",return)</action>
	</shortcut>
	<shortcut>
		<defaultID>plugin.video.easycima</defaultID>
		<label>ايزي سيما</label>
		<label2>Video Add-On</label2>
		<icon>DefaultShortcut.png</icon>
		<thumb>special://home/addons/plugin.video.easycima/icon.png</thumb>
		<action>ActivateWindow(VideoLibrary,"plugin://plugin.video.easycima",return)</action>
	</shortcut>
	<shortcut>
		<defaultID>plugin.video.farfesh</defaultID>
		<label>فرفش</label>
		<label2>Video Add-On</label2>
		<icon>DefaultShortcut.png</icon>
		<thumb>special://home/addons/plugin.video.farfesh/icon.png</thumb>
		<action>ActivateWindow(VideoLibrary,"plugin://plugin.video.farfesh",return)</action>
	</shortcut>
	<shortcut>
		<defaultID>plugin.video.foxeyg</defaultID>
		<label>فوكس ايجى</label>
		<label2>Video Add-On</label2>
		<icon>DefaultShortcut.png</icon>
		<thumb>special://home/addons/plugin.video.foxeyg/icon.png</thumb>
		<action>ActivateWindow(VideoLibrary,"plugin://plugin.video.foxeyg",return)</action>
	</shortcut>
	<shortcut>
		<defaultID>plugin.video.movizland</defaultID>
		<label>MoviZland</label>
		<label2>Video Add-On</label2>
		<icon>DefaultShortcut.png</icon>
		<thumb>special://home/addons/plugin.video.movizland/icon.png</thumb>
		<action>ActivateWindow(VideoLibrary,"plugin://plugin.video.movizland",return)</action>
	</shortcut>
	<shortcut>
		<defaultID>plugin.video.movizcinma</defaultID>
		<label>موفيز سينما</label>
		<label2>Video Add-On</label2>
		<icon>DefaultShortcut.png</icon>
		<thumb>special://home/addons/plugin.video.movizcinma/icon.png</thumb>
		<action>ActivateWindow(VideoLibrary,"plugin://plugin.video.movizcinma",return)</action>
	</shortcut>
	<shortcut>
		<defaultID>plugin.video.mytuun</defaultID>
		<label>ماي تون</label>
		<label2>Video Add-On</label2>
		<icon>DefaultShortcut.png</icon>
		<thumb>special://home/addons/plugin.video.mytuun/icon.png</thumb>
		<action>ActivateWindow(VideoLibrary,"plugin://plugin.video.mytuun",return)</action>
	</shortcut>
	<shortcut>
		<defaultID>plugin.video.panettv</defaultID>
		<label>Panet TV</label>
		<label2>Video Add-On</label2>
		<icon>DefaultShortcut.png</icon>
		<thumb>special://home/addons/plugin.video.panettv/icon.png</thumb>
		<action>ActivateWindow(VideoLibrary,"plugin://plugin.video.panettv",return)</action>
	</shortcut>
	<shortcut>
		<defaultID>plugin.video.series4watch</defaultID>
		<label>سيريس فور واتش</label>
		<label2>Video Add-On</label2>
		<icon>DefaultShortcut.png</icon>
		<thumb>special://home/addons/plugin.video.series4watch/icon.png</thumb>
		<action>ActivateWindow(VideoLibrary,"plugin://plugin.video.series4watch",return)</action>
	</shortcut>
	<shortcut>
		<defaultID>plugin.video.shahidmbc</defaultID>
		<label>Shahid Arabic MBC</label>
		<label2>Video Add-On</label2>
		<icon>DefaultShortcut.png</icon>
		<thumb>special://home/addons/plugin.video.shahidmbc/icon.png</thumb>
		<action>ActivateWindow(VideoLibrary,"plugin://plugin.video.shahidmbc",return)</action>
	</shortcut>
	<shortcut>
		<defaultID>plugin.video.shayef</defaultID>
		<label>شايف</label>
		<label2>Video Add-On</label2>
		<icon>DefaultShortcut.png</icon>
		<thumb>special://home/addons/plugin.video.shayef/icon.png</thumb>
		<action>ActivateWindow(VideoLibrary,"plugin://plugin.video.shayef",return)</action>
	</shortcut>
</shortcuts>
