<?xml version='1.0' encoding='UTF-8'?>
<shortcuts>
	<shortcut>
		<defaultID />
		<label>••بوليود••</label>
		<label2>Video Add-On</label2>
		<icon>DefaultShortcut.png</icon>
		<thumb>special://home/addons/plugin.video.arabhd/icon.png</thumb>
		<action>ActivateWindow(VideoLibrary,"plugin://plugin.video.arabhd/?url=http%3A%2F%2Farabhd.co%2Fonline%2Fcategory%2F%25d8%25a7%25d9%2581%25d9%2584%25d8%25a7%25d9%2585-%25d9%2587%25d9%2586%25d8%25af%25d9%258a%2F&amp;mode=11&amp;name=%E2%80%A2%E2%80%A2%D8%A8%D9%88%D9%84%D9%8A%D9%88%D8%AF%E2%80%A2%E2%80%A2&amp;page=1",return)</action>
	</shortcut>
	<shortcut>
		<defaultID />
		<label>أفــلام هندية</label>
		<label2>Video Add-On</label2>
		<icon>DefaultShortcut.png</icon>
		<thumb>special://home/addons/plugin.video.aflamy/icon.png</thumb>
		<action>ActivateWindow(VideoLibrary,"plugin://plugin.video.aflamy/?url=http%3A%2F%2Fwww.aflamy.com%2Fonline%2Fcategory%2Faflam-hindy%2F&amp;mode=11&amp;name=%D8%A3%D9%81%D9%80%D9%80%D9%84%D8%A7%D9%85+%D9%87%D9%86%D8%AF%D9%8A%D8%A9&amp;page=1",return)</action>
	</shortcut>
	<shortcut>
		<defaultID />
		<label>أفــلام هندية</label>
		<label2>Video Add-On</label2>
		<icon>DefaultShortcut.png</icon>
		<thumb>special://home/addons/plugin.video.akoam/icon.png</thumb>
		<action>ActivateWindow(VideoLibrary,"plugin://plugin.video.akoam/?url=http%3A%2F%2Fakoam.com%2Fcat%2F168%2F%25D8%25A7%25D9%2584%25D8%25A7%25D9%2581%25D9%2584%25D8%25A7%25D9%2585-%25D8%25A7%25D9%2584%25D9%2587%25D9%2586%25D8%25AF%25D9%258A%25D8%25A9&amp;mode=11&amp;name=%D8%A3%D9%81%D9%80%D9%80%D9%84%D8%A7%D9%85+%D9%87%D9%86%D8%AF%D9%8A%D8%A9&amp;page=1",return)</action>
	</shortcut>
	<shortcut>
		<defaultID />
		<label>افلام هندية </label>
		<label2>Video Add-On</label2>
		<icon>DefaultShortcut.png</icon>
		<thumb>special://home/addons/plugin.video.alqudseyes/icon.png</thumb>
		<action>ActivateWindow(VideoLibrary,"plugin://plugin.video.alqudseyes/?url=http%3A%2F%2F46.101.61.161%2Fmovies%3Fsort%3Ddesc%26category%3D18%26sort_by%3Ddate%26movies%3D100%26page%3D&amp;mode=1&amp;name=%D8%A7%D9%81%D9%84%D8%A7%D9%85+%D9%87%D9%86%D8%AF%D9%8A%D8%A9+",return)</action>
	</shortcut>
	<shortcut>
		<defaultID />
		<label>افلام هنديه</label>
		<label2>Video Add-On</label2>
		<icon>DefaultShortcut.png</icon>
		<thumb>special://home/addons/plugin.video.ashams/icon.png</thumb>
		<action>ActivateWindow(VideoLibrary,"plugin://plugin.video.ashams/?url=http%3A%2F%2Fwww.ashams.com%2Fnew_media%2F578%2F&amp;mode=100&amp;name=%D8%A7%D9%81%D9%84%D8%A7%D9%85+%D9%87%D9%86%D8%AF%D9%8A%D9%87&amp;page=1",return)</action>
	</shortcut>
	<shortcut>
		<defaultID />
		<label>••بوليود••</label>
		<label2>Video Add-On</label2>
		<icon>DefaultShortcut.png</icon>
		<thumb>special://home/addons/plugin.video.arablionz/icon.png</thumb>
		<action>ActivateWindow(VideoLibrary,"plugin://plugin.video.arablionz/?url=http%3A%2F%2Farablionz.tv%2Fcategory%2F%25d8%25a7%25d9%2581%25d9%2584%25d8%25a7%25d9%2585%2F%25d8%25a7%25d9%2581%25d9%2584%25d8%25a7%25d9%2585-%25d9%2587%25d9%2586%25d8%25af%25d9%258a%2F&amp;mode=11&amp;name=%E2%80%A2%E2%80%A2%D8%A8%D9%88%D9%84%D9%8A%D9%88%D8%AF%E2%80%A2%E2%80%A2&amp;page=1",return)</action>
	</shortcut>
	<shortcut>
		<defaultID />
		<label>افلام هندية</label>
		<label2>Video Add-On</label2>
		<icon>DefaultShortcut.png</icon>
		<thumb>special://home/addons/plugin.video.bokra/icon.png</thumb>
		<action>ActivateWindow(VideoLibrary,"plugin://plugin.video.bokra/?url=http%3A%2F%2Fshahidlive.com%2FCat-132-1&amp;mode=2&amp;name=%D8%A7%D9%81%D9%84%D8%A7%D9%85+%D9%87%D9%86%D8%AF%D9%8A%D8%A9",return)</action>
	</shortcut>
	<shortcut>
		<defaultID />
		<label>افلام هندي</label>
		<label2>Video Add-On</label2>
		<icon>DefaultShortcut.png</icon>
		<thumb>special://home/addons/plugin.video.cinemalek/icon.png</thumb>
		<action>ActivateWindow(VideoLibrary,"plugin://plugin.video.cinemalek/?url=http%3A%2F%2Fcinemalek.com%2Fcategory%2F%25D8%25A3%25D9%2581%25D9%2584%25D8%25A7%25D9%2585%2F%25D8%25A7%25D9%2581%25D9%2584%25D8%25A7%25D9%2585-%25D9%2587%25D9%2586%25D8%25AF%25D9%2589%2F&amp;mode=100&amp;name=%D8%A7%D9%81%D9%84%D8%A7%D9%85+%D9%87%D9%86%D8%AF%D9%8A&amp;page=1",return)</action>
	</shortcut>
	<shortcut>
		<defaultID />
		<label>أفلام هندية أون لاين</label>
		<label2>Video Add-On</label2>
		<icon>DefaultShortcut.png</icon>
		<thumb>special://home/addons/plugin.video.city4online/icon.png</thumb>
		<action>ActivateWindow(VideoLibrary,"plugin://plugin.video.city4online/?url=http%3A%2F%2Fcity4online.com%2Fcategory%2F%25d8%25a7%25d9%2581%25d9%2584%25d8%25a7%25d9%2585%2F%25d8%25a7%25d9%2581%25d9%2584%25d8%25a7%25d9%2585-%25d9%2587%25d9%2586%25d8%25af%25d9%258a%2F&amp;mode=11&amp;name=%D8%A3%D9%81%D9%84%D8%A7%D9%85+%D9%87%D9%86%D8%AF%D9%8A%D8%A9+%D8%A3%D9%88%D9%86+%D9%84%D8%A7%D9%8A%D9%86&amp;page=1",return)</action>
	</shortcut>
	<shortcut>
		<defaultID />
		<label>Bollywood movies</label>
		<label2>Video Add-On</label2>
		<icon>DefaultShortcut.png</icon>
		<thumb>special://home/addons/plugin.video.dramacafe/icon.png</thumb>
		<action>ActivateWindow(VideoLibrary,"plugin://plugin.video.dramacafe/?url=http%3A%2F%2Fwww.online.dramacafe.in%2Fbrowse-Bollywood-videos-1-date.html&amp;mode=5&amp;name=Bollywood+movies&amp;page=0",return)</action>
	</shortcut>
	<shortcut>
		<defaultID />
		<label>••بــــــوليود••</label>
		<label2>Video Add-On</label2>
		<icon>DefaultShortcut.png</icon>
		<thumb>special://home/addons/plugin.video.EL7L/icon.png</thumb>
		<action>ActivateWindow(VideoLibrary,"plugin://plugin.video.EL7L/?url=http%3A%2F%2Fel7l.tv%2Fonline2%2F470%2F%25D8%25A7%25D9%2581%25D9%2584%25D8%25A7%25D9%2585_%25D9%2587%25D9%2586%25D8%25AF%25D9%258A%25D8%25A9%2F1.html&amp;mode=11&amp;name=%E2%80%A2%E2%80%A2%D8%A8%D9%80%D9%80%D9%80%D9%80%D9%80%D9%80%D9%88%D9%84%D9%8A%D9%88%D8%AF%E2%80%A2%E2%80%A2&amp;page=1",return)</action>
	</shortcut>
	<shortcut>
		<defaultID />
		<label>India movies</label>
		<label2>Video Add-On</label2>
		<icon>DefaultShortcut.png</icon>
		<thumb>special://home/addons/plugin.video.easycima/icon.png</thumb>
		<action>ActivateWindow(VideoLibrary,"plugin://plugin.video.easycima/?url=http%3A%2F%2Feasycima.com%2Fdep%2Fdp%2F3%2F%25D8%25A7%25D9%2581%25D9%2584%25D8%25A7%25D9%2585%2B%25D9%2587%25D9%2586%25D8%25AF%25D9%2589&amp;mode=100&amp;name=India+movies&amp;page=1",return)</action>
	</shortcut>
	<shortcut>
		<defaultID />
		<label>افلام هنديه</label>
		<label2>Video Add-On</label2>
		<icon>DefaultShortcut.png</icon>
		<thumb>special://home/addons/plugin.video.foxeyg/icon.png</thumb>
		<action>ActivateWindow(VideoLibrary,"plugin://plugin.video.foxeyg/?url=http%3A%2F%2Ffoxegy.com%2Fnew%2Fcategory%2F%25d8%25a7%25d9%2581%25d9%2584%25d8%25a7%25d9%2585-%25d8%25a7%25d9%2588%25d9%2586-%25d9%2584%25d8%25a7%25d9%258a%25d9%2586%2F%25d8%25a7%25d9%2581%25d9%2584%25d8%25a7%25d9%2585-%25d9%2587%25d9%2586%25d8%25af%25d9%2589-%25d8%25a7%25d9%2588%25d9%2586-%25d9%2584%25d8%25a7%25d9%258a%25d9%2586%2F&amp;mode=100&amp;name=%D8%A7%D9%81%D9%84%D8%A7%D9%85+%D9%87%D9%86%D8%AF%D9%8A%D9%87&amp;page=1",return)</action>
	</shortcut>
	<shortcut>
		<defaultID />
		<label>بوليـــود</label>
		<label2>Video Add-On</label2>
		<icon>DefaultShortcut.png</icon>
		<thumb>special://home/addons/plugin.video.hakchouf/icon.png</thumb>
		<action>ActivateWindow(VideoLibrary,"plugin://plugin.video.hakchouf/?url=http%3A%2F%2Fwww.hakchouf.tv%2Fonline%2F%25d8%25a7%25d9%2581%25d9%2584%25d8%25a7%25d9%2585-%25d9%2587%25d9%2586%25d8%25af%25d9%258a%25d8%25a9%2F&amp;mode=100&amp;name=%D8%A8%D9%88%D9%84%D9%8A%D9%80%D9%80%D9%80%D9%88%D8%AF&amp;page=1",return)</action>
	</shortcut>
	<shortcut>
		<defaultID />
		<label>افلام هندية</label>
		<label2>Video Add-On</label2>
		<icon>DefaultShortcut.png</icon>
		<thumb>special://home/addons/plugin.video.movizland/icon.png</thumb>
		<action>ActivateWindow(VideoLibrary,"plugin://plugin.video.movizland/?url=http%3A%2F%2Fmovizland.com%2Fcat%2Findia%2F&amp;mode=11&amp;name=%D8%A7%D9%81%D9%84%D8%A7%D9%85+%D9%87%D9%86%D8%AF%D9%8A%D8%A9&amp;page=1",return)</action>
	</shortcut>
	<shortcut>
		<defaultID />
		<label>••بوليود••</label>
		<label2>Video Add-On</label2>
		<icon>DefaultShortcut.png</icon>
		<thumb>special://home/addons/plugin.video.movizcinma/icon.png</thumb>
		<action>ActivateWindow(VideoLibrary,"plugin://plugin.video.movizcinma/?url=http%3A%2F%2Fmovizcinma.com%2Fcategory%2F%25d8%25a7%25d9%2581%25d9%2584%25d8%25a7%25d9%2585-%25d9%2587%25d9%2586%25d8%25af%25d9%258a-%25d8%25a7%25d9%2588%25d9%2586-%25d9%2584%25d8%25a7%25d9%258a%25d9%2586&amp;mode=10000&amp;name=%E2%80%A2%E2%80%A2%D8%A8%D9%88%D9%84%D9%8A%D9%88%D8%AF%E2%80%A2%E2%80%A2&amp;page=1",return)</action>
	</shortcut>
	<shortcut>
		<defaultID />
		<label>بوليـــود</label>
		<label2>Video Add-On</label2>
		<icon>DefaultShortcut.png</icon>
		<thumb>special://home/addons/plugin.video.mytuun/icon.png</thumb>
		<action>ActivateWindow(VideoLibrary,"plugin://plugin.video.mytuun/?url=http%3A%2F%2Fwww.mytun.online%2Fcat%2F10%2F%25D8%25A7%25D9%2581%25D9%2584%25D8%25A7%25D9%2585_%25D9%2587%25D9%2586%25D8%25AF%25D9%258A%25D8%25A9%2F1.html&amp;mode=10000&amp;name=%D8%A8%D9%88%D9%84%D9%8A%D9%80%D9%80%D9%80%D9%88%D8%AF&amp;page=1",return)</action>
	</shortcut>
	<shortcut>
		<defaultID />
		<label>بــوليود</label>
		<label2>Video Add-On</label2>
		<icon>DefaultShortcut.png</icon>
		<thumb>special://home/addons/plugin.video.series4watch/icon.png</thumb>
		<action>ActivateWindow(VideoLibrary,"plugin://plugin.video.series4watch/?url=http%3A%2F%2Fwww.series4watch.com%2Fcategory%2F%25d8%25a3%25d9%2581%25d9%2584%25d8%25a7%25d9%2585-%25d9%2587%25d9%2586%25d8%25af%25d9%258a%2F&amp;mode=11&amp;name=%D8%A8%D9%80%D9%80%D9%88%D9%84%D9%8A%D9%88%D8%AF&amp;page=1",return)</action>
	</shortcut>
	<shortcut>
		<defaultID />
		<label>••بوليود••</label>
		<label2>Video Add-On</label2>
		<icon>DefaultShortcut.png</icon>
		<thumb>special://home/addons/plugin.video.aflam4all/icon.png</thumb>
		<action>ActivateWindow(VideoLibrary,"plugin://plugin.video.aflam4all/?url=http%3A%2F%2Faflam4all.com%2Fcategory%2F%25d8%25a7%25d9%2581%25d9%2584%25d8%25a7%25d9%2585-%25d9%2587%25d9%2586%25d8%25af%25d9%2589&amp;mode=100&amp;name=%E2%80%A2%E2%80%A2%D8%A8%D9%88%D9%84%D9%8A%D9%88%D8%AF%E2%80%A2%E2%80%A2&amp;page=1",return)</action>
	</shortcut>
</shortcuts>
