<?xml version='1.0' encoding='UTF-8'?>
<shortcuts>
	<shortcut>
		<defaultID />
		<label>افلام وثائقية </label>
		<label2>Video Add-On</label2>
		<icon>DefaultShortcut.png</icon>
		<thumb>special://home/addons/plugin.video.alqudseyes/icon.png</thumb>
		<action>ActivateWindow(Videos,"plugin://plugin.video.alqudseyes/?url=http%3A%2F%2F46.101.61.161%2Fmovies%3Fsort%3Ddesc%26category%3D14%26sort_by%3Ddate%26movies%3D100%26page%3D&amp;mode=1&amp;name=%D8%A7%D9%81%D9%84%D8%A7%D9%85+%D9%88%D8%AB%D8%A7%D8%A6%D9%82%D9%8A%D8%A9+",return)</action>
	</shortcut>
	<shortcut>
		<defaultID />
		<label>أفلام وثائقية</label>
		<label2>Video Add-On</label2>
		<icon>DefaultShortcut.png</icon>
		<thumb>special://home/addons/plugin.video.ashams/icon.png</thumb>
		<action>ActivateWindow(Videos,"plugin://plugin.video.ashams/?url=http%3A%2F%2Fwww.ashams.com%2Fnew_media%2F576%2F&amp;mode=100&amp;name=%D8%A3%D9%81%D9%84%D8%A7%D9%85+%D9%88%D8%AB%D8%A7%D8%A6%D9%82%D9%8A%D8%A9&amp;page=1",return)</action>
	</shortcut>
	<shortcut>
		<defaultID />
		<label>افلام وثائقية</label>
		<label2>Video Add-On</label2>
		<icon>DefaultShortcut.png</icon>
		<thumb>special://home/addons/plugin.video.bokra/icon.png</thumb>
		<action>ActivateWindow(Videos,"plugin://plugin.video.bokra/?url=http%3A%2F%2Fshahidlive.com%2FCat-23-1&amp;mode=2&amp;name=%D8%A7%D9%81%D9%84%D8%A7%D9%85+%D9%88%D8%AB%D8%A7%D8%A6%D9%82%D9%8A%D8%A9",return)</action>
	</shortcut>
	<shortcut>
		<defaultID />
		<label>برامج ثقاقية</label>
		<label2>Video Add-On</label2>
		<icon>DefaultShortcut.png</icon>
		<thumb>special://home/addons/plugin.video.foxeyg/icon.png</thumb>
		<action>ActivateWindow(Videos,"plugin://plugin.video.foxeyg/?url=http%3A%2F%2Ffoxegy.com%2Fnew%2Fcategory%2F%25d8%25a8%25d8%25b1%25d8%25a7%25d9%2585%25d8%25ac-%25d8%25aa%25d9%2584%25d9%2581%25d8%25b2%25d9%258a%25d9%2588%25d9%2586-%25d8%25a7%25d9%2588%25d9%2586-%25d9%2584%25d8%25a7%25d9%258a%25d9%2586%2F&amp;mode=100&amp;name=%D8%A8%D8%B1%D8%A7%D9%85%D8%AC+%D8%AB%D9%82%D8%A7%D9%82%D9%8A%D8%A9&amp;page=1",return)</action>
	</shortcut>
	<shortcut>
		<defaultID />
		<label>افلام وثائقية</label>
		<label2>Video Add-On</label2>
		<icon>DefaultShortcut.png</icon>
		<thumb>special://home/addons/plugin.video.movizland/icon.png</thumb>
		<action>ActivateWindow(Videos,"plugin://plugin.video.movizland/?url=http%3A%2F%2Fmovizland.com%2Fcat%2Fdocumentary%2F&amp;mode=11&amp;name=%D8%A7%D9%81%D9%84%D8%A7%D9%85+%D9%88%D8%AB%D8%A7%D8%A6%D9%82%D9%8A%D8%A9&amp;page=1",return)</action>
	</shortcut>
</shortcuts>
