<?xml version='1.0' encoding='UTF-8'?>
<shortcuts>
	<shortcut>
		<defaultID>plugin.video.md123movies</defaultID>
		<label>123Movies</label>
		<label2>Video Add-On</label2>
		<icon>DefaultShortcut.png</icon>
		<thumb>special://home/addons/plugin.video.md123movies/icon.png</thumb>
		<action>ActivateWindow(VideoLibrary,"plugin://plugin.video.md123movies",return)</action>
	</shortcut>
	<shortcut>
		<defaultID />
		<label>Alluc</label>
		<label2>Video Add-On</label2>
		<icon>special://skin/extras/icons/movies.png</icon>
		<thumb>special://home/addons/plugin.video.alluc.api/resources/artwork/movies.jpg</thumb>
		<action>ActivateWindow(VideoLibrary,"plugin://plugin.video.alluc.api/?mode=movie_menu",return)</action>
	</shortcut>
	<shortcut>
		<defaultID />
		<label>Genesis</label>
		<label2>Video Add-On</label2>
		<icon>DefaultShortcut.png</icon>
		<thumb>special://home/addons/plugin.video.genesis/resources/media/embossed/movies.jpg</thumb>
		<action>ActivateWindow(VideoLibrary,"plugin://plugin.video.genesis/?action=movieNavigator",return)</action>
	</shortcut>
	<shortcut>
		<defaultID />
		<label>Genesislazarus</label>
		<label2>Video Add-On</label2>
		<icon>DefaultShortcut.png</icon>
		<thumb>special://home/addons/plugin.video.genesislazarus/resources/art/4orbs/root_movies.jpg</thumb>
		<action>ActivateWindow(VideoLibrary,"plugin://plugin.video.genesislazarus/?action=root_movies",return)</action>
	</shortcut>
	<shortcut>
		<defaultID />
		<label>Icefilms</label>
		<label2>Video Add-On</label2>
		<icon>DefaultShortcut.png</icon>
		<thumb>special://home/addons/plugin.video.icefilms/resources/art/movies.png</thumb>
		<action>ActivateWindow(VideoLibrary,"plugin://plugin.video.icefilms/?url=http%3A%2F%2Fwww.icefilms.info%2Fmovies%2Fa-z%2F1&amp;mode=51&amp;name=Movies",return)</action>
	</shortcut>
	<shortcut>
		<defaultID />
		<label>Phoenix New Releases</label>
		<label2>Video Add-On</label2>
		<icon>DefaultShortcut.png</icon>
		<thumb>special://home/addons/plugin.video.phstreams/icon.png</thumb>
		<action>ActivateWindow(VideoLibrary,"plugin://plugin.video.phstreams/?action=directory&amp;url=http%3A%2F%2Fphoenixtv.offshorepastebin.com%2Freleases%2Fmain.xml&amp;content=0",return)</action>
	</shortcut>
	<shortcut>
		<defaultID />
		<label>Pftvso</label>
		<label2>Video Add-On</label2>
		<icon>DefaultShortcut.png</icon>
		<thumb>special://home/addons/plugin.video.pftvso/icon.png</thumb>
		<action>ActivateWindow(VideoLibrary,"plugin://plugin.video.pftvso/?mode=movies&amp;foldername=movies",return)</action>
	</shortcut>
	<shortcut>
		<defaultID />
		<label>Specto</label>
		<label2>Video Add-On</label2>
		<icon>DefaultShortcut.png</icon>
		<thumb>special://home/addons/script.specto.media/resources/media/gone/movies.jpg</thumb>
		<action>ActivateWindow(VideoLibrary,"plugin://plugin.video.specto/?action=movieNavigator",return)</action>
	</shortcut>
	<shortcut>
		<defaultID />
		<label>Salts</label>
		<label2>Video Add-On</label2>
		<icon>DefaultShortcut.png</icon>
		<thumb>special://home/addons/plugin.video.salts/art/themes/Shine/movies.jpg</thumb>
		<action>ActivateWindow(VideoLibrary,"plugin://plugin.video.salts/?section=Movies&amp;mode=browse",return)</action>
	</shortcut>
	<shortcut>
		<defaultID />
		<label>Theroyalwe</label>
		<label2>Video Add-On</label2>
		<icon>DefaultShortcut.png</icon>
		<thumb>special://home/addons/plugin.video.theroyalwe/resources/artwork/movies.jpg</thumb>
		<action>ActivateWindow(VideoLibrary,"plugin://plugin.video.theroyalwe/?mode=movie_menu",return)</action>
	</shortcut>
</shortcuts>
