<?xml version='1.0' encoding='UTF-8'?>
<shortcuts>
	<shortcut>
		<defaultID>MG Arabic Wizard</defaultID>
		<label>MG Arabic Wizard</label>
		<label2>Custom item</label2>
		<icon>http://mg.esy.es/Kodi/Logo/logo.jpg</icon>
		<thumb>http://mg.esy.es/Kodi/Logo/logo.jpg</thumb>
		<action></action>
	</shortcut>
    <shortcut>
        <label>Live TV بث مباشر</label>
        <label2>19020</label2>
        <defaultID>livetv</defaultID>
        <icon>special://skin/extras/icons/livetv.png</icon>
        <action>ActivateWindow(TVChannels)</action>
		<visible>PVR.HasTVChannels</visible>
    </shortcut>
<!--     <shortcut>
        <label>3</label>
        <label2>3</label2>
        <defaultID>video</defaultID>
        <icon>special://skin/extras/icons/videos.png</icon>
        <action>ActivateWindow(Videos,root)</action>
    </shortcut> -->
    <shortcut>
        <label>مكتبة الافلام</label>
        <label2>342</label2>
        <defaultID>movies</defaultID>
        <icon>special://skin/extras/icons/movies.png</icon>
        <action>ActivateWindow(Videos,MovieTitles,return)</action>
    </shortcut>
    <shortcut>
        <label>مكتبة المسلسلات</label>
        <label2>20343</label2>
        <defaultID>tvshows</defaultID>
        <icon>special://skin/extras/icons/tv.png</icon>
        <action>ActivateWindow(Videos,TVShowTitles,return)</action>
    </shortcut>
<!--     <shortcut>
        <label>20389</label>
        <label2>20389</label2>
        <defaultID>musicvideos</defaultID>
        <icon>special://skin/extras/icons/musicvideo.png</icon>
        <action>ActivateWindow(Music,Files,return)</action>
    </shortcut> -->
    <shortcut>
        <label>الموسيقى</label>
        <label2>2</label2>
        <defaultID>music</defaultID>
        <icon>special://skin/extras/icons/music.png</icon>
        <action>ActivateWindow(VideoLibrary,"plugin://plugin.audio.6arbyat",return)</action>
    </shortcut>
    <shortcut>
        <label>19021</label>
        <label2>19021</label2>
        <defaultID>radio</defaultID>
        <icon>special://skin/extras/icons/radio.png</icon>
        <action>ActivateWindow(radiochannels)</action>
    </shortcut>
<!--     <shortcut>
        <label>1</label>
        <label2>1</label2>
        <defaultID>pictures</defaultID>
        <icon>special://skin/extras/icons/pictures.png</icon>
        <action>ActivateWindow(pictures)</action>
    </shortcut> -->
    <shortcut>
        <label>24001</label>
        <label2>24001</label2>
        <defaultID>addons</defaultID>
        <icon>special://skin/extras/icons/addons.png</icon>
        <action>ActivateWindow(1100)</action>
    </shortcut>
    <shortcut>
        <label>8</label>
        <label2>8</label2>
        <defaultID>weather</defaultID>
        <icon>special://skin/extras/icons/weather.png</icon>
        <action>ActivateWindow(weather)</action>
    </shortcut>
	<shortcut>
		<defaultID />
		<label>HD افلام</label>
		<label2>Custom item</label2>
		<icon>special://skin/extras/icons/hd.png</icon>
		<thumb>special://skin/extras/icons/hd.png</thumb>
		<action>ActivateWindow(VideoLibrary,"plugin://plugin.video.exodus/?action=movies&amp;url=featured",return)</action>
	</shortcut>
	<shortcut>
		<defaultID />
		<label>DVD افلام</label>
		<label2>Custom item</label2>
		<icon>DefaultShortcut.png</icon>
		<thumb>special://skin/extras/icons/sets.png</thumb>
		<action>ActivateWindow(VideoLibrary,"plugin://plugin.video.1channel/?sort=featured&amp;section=movie&amp;mode=GetFilteredResults",return)</action>
	</shortcut>
	<shortcut>
		<defaultID />
		<label>3D افلام</label>
		<label2>Custom item</label2>
		<icon>DefaultShortcut.png</icon>
		<thumb>special://skin/extras/icons/3dtv.png</thumb>
		<action>ActivateWindow(VideoLibrary,"plugin://plugin.video.youtube",return)</action>
	</shortcut>
	<shortcut>
		<defaultID />
		<label>افلام عربية</label>
		<label2>Custom item</label2>
		<icon>DefaultShortcut.png</icon>
		<thumb>special://skin/extras/icons/eye.png</thumb>
		<action>ActivateWindow(VideoLibrary,"plugin://plugin.video.alarab/?url=http%3A%2F%2Ftv1.alarab.com%2Fview-1_%25D8%25A7%25D9%2581%25D9%2584%25D8%25A7%25D9%2585-%25D8%25B9%25D8%25B1%25D8%25A8%25D9%258A%25D8%25A9_1&amp;mode=1&amp;name=%D8%A7%D9%84%D8%A7%D9%81%D9%84%D8%A7%D9%85+%D8%A7%D9%84%D8%B9%D8%B1%D8%A8%D9%8A%D8%A9",return)</action>
	</shortcut>
	<shortcut>
		<defaultID />
		<label>افلام هندية</label>
		<label2>Custom item</label2>
		<icon>DefaultShortcut.png</icon>
		<thumb>special://skin/extras/icons/director.png</thumb>
		<action>ActivateWindow(VideoLibrary,"plugin://plugin.video.4arabz/?url=http%3A%2F%2F4arabz.tv%2Findex.php%3Fpage%3Darticles%26op%3Darg%26id%3D343&amp;mode=100&amp;name=%D8%A7%D9%81%D9%84%D8%A7%D9%85+%D9%87%D9%86%D8%AF%D9%8A%D9%87&amp;page=22",return)</action>
	</shortcut>
	<shortcut>
		<defaultID />
		<label>افلام عالمية</label>
		<label2>Custom item</label2>
		<icon>DefaultShortcut.png</icon>
		<thumb>special://skin/extras/icons/world.png</thumb>
		<action>ActivateWindow(VideoLibrary,"plugin://plugin.video.exodus/?action=movies&amp;url=theaters",return)</action>
	</shortcut>
	<shortcut>
		<defaultID />
		<label>3D افلام كرتون</label>
		<label2>Custom item</label2>
		<icon>DefaultShortcut.png</icon>
		<thumb>special://skin/extras/icons/3dtv.png</thumb>
		<action>ActivateWindow(VideoLibrary,"plugin://plugin.video.tomandjerry",return)</action>
	</shortcut>
	<shortcut>
		<defaultID />
		<label>افلام كرتون</label>
		<label2>Custom item</label2>
		<icon>DefaultShortcut.png</icon>
		<thumb>special://skin/extras/icons/rocket.png</thumb>
		<action>ActivateWindow(VideoLibrary,"plugin://plugin.video.arbcinema",return)</action>
	</shortcut>
	<shortcut>
		<defaultID>plugin.video.cartoonarabi</defaultID>
		<label>كرتون قديم</label>
		<label2>Video Add-On</label2>
		<icon>DefaultShortcut.png</icon>
		<thumb>special://skin/extras/icons/tv.png</thumb>
		<action>ActivateWindow(VideoLibrary,"plugin://plugin.video.cartoonarabi",return)</action>
	</shortcut>
	<shortcut>
		<defaultID />
		<label>Anime اينمي</label>
		<label2>Custom item</label2>
		<icon>DefaultShortcut.png</icon>
		<thumb>special://skin/extras/icons/octo.png</thumb>
		<action>ActivateWindow(VideoLibrary,"plugin://plugin.video.animego",return)</action>
	</shortcut>
	<shortcut>
		<defaultID />
		<label>مسرحيات</label>
		<label2>Custom item</label2>
		<icon>DefaultShortcut.png</icon>
		<thumb>special://skin/extras/icons/play2.png</thumb>
		<action>ActivateWindow(VideoLibrary,"plugin://plugin.video.alarab/?url=http%3A%2F%2Ftv1.alarab.com%2Fview-313%2F%25D9%2585%25D8%25B3%25D8%25B1%25D8%25AD%25D9%258A%25D8%25A7%25D8%25AA&amp;mode=1&amp;name=%D9%85%D8%B3%D8%B1%D8%AD%D9%8A%D8%A7%D8%AA",return)</action>
	</shortcut>
	<shortcut>
		<defaultID />
		<label>افلام وثائقية</label>
		<label2>Custom item</label2>
		<icon>DefaultShortcut.png</icon>
		<thumb>special://skin/extras/icons/flask2.png</thumb>
		<action>ActivateWindow(Videos,"plugin://plugin.video.akoam/?url=http%3A%2F%2Fakoam.com%2Fcat%2F94%2F%25D8%25A7%25D9%2581%25D9%2584%25D8%25A7%25D9%2585-%25D9%2588%25D8%25AB%25D8%25A7%25D8%25A6%25D9%2582%25D9%258A%25D8%25A9&amp;mode=11&amp;name=%D8%A3%D9%81%D9%80%D9%80%D9%84%D8%A7%D9%85+%D8%AB%D9%82%D8%A7%D9%81%D9%8A%D8%A9&amp;page=1",return)</action>
	</shortcut>
	<shortcut>
		<defaultID />
		<label>4K فيديوهات</label>
		<label2>Custom item</label2>
		<icon>DefaultShortcut.png</icon>
		<thumb>special://skin/extras/icons/icefilms.png</thumb>
		<action>ActivateWindow(VideoLibrary,"plugin://plugin.video.mdhdmovie14",return)</action>
	</shortcut>
	<shortcut>
		<defaultID />
		<label>Stand Up كوميدي</label>
		<label2>Custom item</label2>
		<icon>DefaultShortcut.png</icon>
		<thumb>special://skin/extras/icons/artist.png</thumb>
		<action>ActivateWindow(VideoLibrary,"plugin://plugin.video.phstreams/?action=directory&amp;url=http%3A%2F%2Ftnpb.offshorepastebin.com%2FDirectories%2FMain%2520Directory%2FStand%2520Up%2520Main.xml",return)</action>
	</shortcut>
	<shortcut>
		<defaultID />
		<label>برامج تلفزيونية</label>
		<label2>Video Add-On</label2>
		<icon>DefaultShortcut.png</icon>
		<thumb>special://skin/extras/icons/lazytv.png</thumb>
		<action>ActivateWindow(VideoLibrary,"plugin://plugin.video.shahidmbcnet/?url=https%3A%2F%2Fshahid.mbc.net%2Far%2Fshow-browser.html&amp;mode=6&amp;name=Shahid+Shows",return)</action>
	</shortcut>
	<shortcut>
		<defaultID />
		<label>مسلسلات عربية</label>
		<label2>Custom item</label2>
		<icon>DefaultShortcut.png</icon>
		<thumb>special://skin/extras/icons/tv.png</thumb>
		<action>ActivateWindow(VideoLibrary,"plugin://plugin.video.shahidmbcnet/?url=https%3A%2F%2Fshahid.mbc.net%2Far%2Fseries-browser.html&amp;mode=6&amp;name=Shahid+Serieses",return)</action>
	</shortcut>
	<shortcut>
		<defaultID>plugin.video.mdwatchtvseries</defaultID>
		<label>مسلسلات اجنبية HD</label>
		<label2>Custom item</label2>
		<icon>DefaultShortcut.png</icon>
		<thumb>special://skin/extras/icons/hd.png</thumb>
		<action>ActivateWindow(10025,"plugin://plugin.video.exodus/?action=tvNavigator",return)</action>
	</shortcut>
	<shortcut>
		<defaultID />
		<label>مسلسلات اجنبية</label>
		<label2>Video Add-On</label2>
		<icon>DefaultShortcut.png</icon>
		<thumb>special://skin/extras/icons/lazytv.png</thumb>
		<action>ActivateWindow(VideoLibrary,"plugin://plugin.video.ororotv/?action=root_shows",return)</action>
	</shortcut>
	<shortcut>
		<defaultID />
		<label>مسلسلات Prime</label>
		<label2>Custom item</label2>
		<icon>DefaultShortcut.png</icon>
		<thumb />
		<action>ActivateWindow(VideoLibrary,"plugin://plugin.video.1channel/?section=tv&amp;mode=BrowseListMenu",return)</action>
	</shortcut>
	<shortcut>
		<defaultID>tvshows</defaultID>
		<label>المزيد من المسلسلات</label>
		<label2>Custom shortcut</label2>
		<icon>special://skin/extras/icons/tv.png</icon>
		<thumb>special://skin/extras/icons/tv.png</thumb>
		<action>ActivateWindow(10025,"plugin://plugin.video.salts/?section=TV&amp;mode=browse",return)</action>
	</shortcut>
	<shortcut>
		<defaultID />
		<label>Her Place</label>
		<label2>Custom item</label2>
		<icon>DefaultShortcut.png</icon>
		<thumb>special://skin/extras/icons/top100.png</thumb>
		<action>ActivateWindow(VideoLibrary,"plugin://plugin.video.phstreams/?action=directory&amp;url=http%3A%2F%2Fherplace.offshorepastebin.com%2Fmaindir%2Fmain.xml",return)</action>
	</shortcut>
	<shortcut>
		<defaultID>plugin.video.bbciplayer</defaultID>
		<label>WWE</label>
		<label2>Custom item</label2>
		<icon>DefaultShortcut.png</icon>
		<thumb>special://skin/extras/icons/year.png</thumb>
		<action>ActivateWindow(VideoLibrary,"plugin://plugin.video.wweonline",return)</action>
	</shortcut>
	<shortcut>
		<defaultID>weather</defaultID>
		<label>12600</label>
		<label2>Common menu item</label2>
		<icon>special://skin/extras/icons/sun.png</icon>
		<thumb />
		<action>ActivateWindow(Weather)</action>
	</shortcut>
	<shortcut>
		<defaultID />
		<label>مكتبة التحميل</label>
		<label2>Custom item</label2>
		<icon>DefaultShortcut.png</icon>
		<thumb>special://skin/extras/icons/download.png</thumb>
		<action>ActivateWindow(VideoLibrary,"special://home/downloads",return)</action>
	</shortcut>
	<shortcut>
		<defaultID>1036</defaultID>
		<label>1036</label>
		<label2>Common Shortcut</label2>
		<icon>special://skin/extras/icons/favourites.png</icon>
		<thumb />
		<action>ActivateWindow(Favourites)</action>
	</shortcut>

</shortcuts>
