<?xml version='1.0' encoding='UTF-8'?>
<shortcuts>
	<shortcut>
		<defaultID />
		<label>مسرحيــات</label>
		<label2>Video Add-On</label2>
		<icon>DefaultShortcut.png</icon>
		<thumb>special://home/addons/plugin.video.akoam/icon.png</thumb>
		<action>ActivateWindow(Videos,"plugin://plugin.video.akoam/?url=http%3A%2F%2Fakoam.com%2Fcat%2F149%2F%25D9%2585%25D8%25B3%25D8%25B1%25D8%25AD%25D9%258A%25D8%25A7%25D8%25AA&amp;mode=11&amp;name=%D9%85%D8%B3%D8%B1%D8%AD%D9%8A%D9%80%D9%80%D8%A7%D8%AA&amp;page=1",return)</action>
	</shortcut>
	<shortcut>
		<defaultID />
		<label>مسرحيات</label>
		<label2>Video Add-On</label2>
		<icon>DefaultShortcut.png</icon>
		<thumb>special://home/addons/plugin.video.alqudseyes/icon.png</thumb>
		<action>ActivateWindow(Videos,"plugin://plugin.video.alqudseyes/?url=http%3A%2F%2F46.101.61.161%2Fmovies%3Fsort%3Ddesc%26category%3D6%26sort_by%3Ddate%26movies%3D100%26page%3D&amp;mode=1&amp;name=%D9%85%D8%B3%D8%B1%D8%AD%D9%8A%D8%A7%D8%AA",return)</action>
	</shortcut>
	<shortcut>
		<defaultID />
		<label>مسرحيات</label>
		<label2>Video Add-On</label2>
		<icon>DefaultShortcut.png</icon>
		<thumb>special://home/addons/plugin.video.cinemalek/icon.png</thumb>
		<action>ActivateWindow(Videos,"plugin://plugin.video.cinemalek/?url=http%3A%2F%2Fcinemalek.com%2Fcategory%2F%25D9%2585%25D8%25B3%25D8%25B1%25D8%25AD%25D9%258A%25D8%25A7%25D8%25AA-%25D8%25B9%25D8%25B1%25D8%25A8%25D9%258A%25D9%2587%2F&amp;mode=200&amp;name=%D9%85%D8%B3%D8%B1%D8%AD%D9%8A%D8%A7%D8%AA&amp;page=1",return)</action>
	</shortcut>
	<shortcut>
		<defaultID />
		<label>Theatre</label>
		<label2>Video Add-On</label2>
		<icon>DefaultShortcut.png</icon>
		<thumb>special://home/addons/plugin.video.dramacafe/icon.png</thumb>
		<action>ActivateWindow(Videos,"plugin://plugin.video.dramacafe/?url=http%3A%2F%2Fwww.online.dramacafe.in%2Fbrowse-Theatre-videos-1-title.html&amp;mode=1115&amp;name=Theatre&amp;page=0",return)</action>
	</shortcut>
</shortcuts>
