<?xml version='1.0' encoding='UTF-8'?>
<shortcuts>
	<shortcut>
		<defaultID />
		<label>فيديو كليب</label>
		<label2>Video Add-On</label2>
		<icon>DefaultShortcut.png</icon>
		<thumb>special://home/addons/plugin.video.akoam/icon.png</thumb>
		<action>ActivateWindow(Videos,"plugin://plugin.video.akoam/?url=http%3A%2F%2Fakoam.com%2Fcat%2F89%2F%25D9%2581%25D9%258A%25D8%25AF%25D9%258A%25D9%2588-%25D9%2583%25D9%2584%25D9%258A%25D8%25A8&amp;mode=11&amp;name=%D9%81%D9%8A%D8%AF%D9%8A%D9%88+%D9%83%D9%84%D9%8A%D8%A8&amp;page=1",return)</action>
	</shortcut>
	<shortcut>
		<defaultID />
		<label>فيديو كليب</label>
		<label2>Video Add-On</label2>
		<icon>DefaultShortcut.png</icon>
		<thumb>special://home/addons/plugin.video.alarab/icon.png</thumb>
		<action>ActivateWindow(Videos,"plugin://plugin.video.alarab/?url=http%3A%2F%2Ftv1.alarab.com%2Fview-10%2F%25D9%2581%25D9%258A%25D8%25AF%25D9%258A%25D9%2588-%25D9%2583%25D9%2584%25D9%258A%25D8%25A8&amp;mode=1&amp;name=%D9%81%D9%8A%D8%AF%D9%8A%D9%88+%D9%83%D9%84%D9%8A%D8%A8",return)</action>
	</shortcut>
	<shortcut>
		<defaultID>plugin.video.arabclassic</defaultID>
		<label>Arab classic</label>
		<label2>Video Add-On</label2>
		<icon>DefaultShortcut.png</icon>
		<thumb>special://home/addons/plugin.video.arabclassic/icon.png</thumb>
		<action>ActivateWindow(Videos,"plugin://plugin.video.arabclassic",return)</action>
	</shortcut>
	<shortcut>
		<defaultID />
		<label>اغاني عربيه</label>
		<label2>Video Add-On</label2>
		<icon>DefaultShortcut.png</icon>
		<thumb>special://home/addons/plugin.video.arbcinema/img/music.jpg/</thumb>
		<action>ActivateWindow(Videos,"plugin://plugin.video.arbcinema/?url=http%3A%2F%2Fmp.arbcinema.com%2Fcat_song%2F%25D8%25A3%25D8%25BA%25D8%25A7%25D9%2586%25D9%258A-%25D8%25B9%25D8%25B1%25D8%25A8%25D9%258A%25D8%25A9&amp;mode=300&amp;name=%D8%A7%D8%BA%D8%A7%D9%86%D9%8A+%D8%B9%D8%B1%D8%A8%D9%8A%D9%87&amp;page=1",return)</action>
	</shortcut>
	<shortcut>
		<defaultID />
		<label>أحلى صوت 3 The Voice</label>
		<label2>Video Add-On</label2>
		<icon>DefaultShortcut.png</icon>
		<thumb>special://home/addons/plugin.video.bokra/icon.png</thumb>
		<action>ActivateWindow(Videos,"plugin://plugin.video.bokra/?url=http%3A%2F%2Fshahidlive.com%2FAlbum-1104461-1%2F&amp;mode=2&amp;name=%D8%A3%D8%AD%D9%84%D9%89+%D8%B5%D9%88%D8%AA+3+The+Voice",return)</action>
	</shortcut>
	<shortcut>
		<defaultID />
		<label>ستار اكاديمي 11 Star academy arabia</label>
		<label2>Video Add-On</label2>
		<icon>DefaultShortcut.png</icon>
		<thumb>special://home/addons/plugin.video.bokra/icon.png</thumb>
		<action>ActivateWindow(Videos,"plugin://plugin.video.bokra/?url=http%3A%2F%2Fshahidlive.com%2FAlbum-1104480-1%2F&amp;mode=2&amp;name=%D8%B3%D8%AA%D8%A7%D8%B1+%D8%A7%D9%83%D8%A7%D8%AF%D9%8A%D9%85%D9%8A+11+Star+academy+arabia",return)</action>
	</shortcut>
	<shortcut>
		<defaultID />
		<label>يوميات ستار اكاديمي 11</label>
		<label2>Video Add-On</label2>
		<icon>DefaultShortcut.png</icon>
		<thumb>special://home/addons/plugin.video.bokra/icon.png</thumb>
		<action>ActivateWindow(Videos,"plugin://plugin.video.bokra/?url=http%3A%2F%2Fshahidlive.com%2FAlbum-1104484-1%2F&amp;mode=2&amp;name=%D9%8A%D9%88%D9%85%D9%8A%D8%A7%D8%AA+%D8%B3%D8%AA%D8%A7%D8%B1+%D8%A7%D9%83%D8%A7%D8%AF%D9%8A%D9%85%D9%8A+11",return)</action>
	</shortcut>
	<shortcut>
		<defaultID />
		<label>حفلات</label>
		<label2>Video Add-On</label2>
		<icon>DefaultShortcut.png</icon>
		<thumb>special://home/addons/plugin.video.bokra/icon.png</thumb>
		<action>ActivateWindow(Videos,"plugin://plugin.video.bokra/?url=http%3A%2F%2Fshahidlive.com%2FCat-121-1&amp;mode=2&amp;name=%D8%AD%D9%81%D9%84%D8%A7%D8%AA",return)</action>
	</shortcut>
	<shortcut>
		<defaultID />
		<label>كليبات</label>
		<label2>Video Add-On</label2>
		<icon>DefaultShortcut.png</icon>
		<thumb>special://home/addons/plugin.video.bokra/icon.png</thumb>
		<action>ActivateWindow(Videos,"plugin://plugin.video.bokra/?url=http%3A%2F%2Fshahidlive.com%2FAlbum-380-1%2F&amp;mode=2&amp;name=%D9%83%D9%84%D9%8A%D8%A8%D8%A7%D8%AA",return)</action>
	</shortcut>
	<shortcut>
		<defaultID />
		<label>حفلات كريسماس ماركت 2014</label>
		<label2>Video Add-On</label2>
		<icon>DefaultShortcut.png</icon>
		<thumb>special://home/addons/plugin.video.bokra/icon.png</thumb>
		<action>ActivateWindow(Videos,"plugin://plugin.video.bokra/?url=http%3A%2F%2Fshahidlive.com%2FAlbum-1104157-1%2F&amp;mode=2&amp;name=%D8%AD%D9%81%D9%84%D8%A7%D8%AA+%D9%83%D8%B1%D9%8A%D8%B3%D9%85%D8%A7%D8%B3+%D9%85%D8%A7%D8%B1%D9%83%D8%AA+2014",return)</action>
	</shortcut>
	<shortcut>
		<defaultID />
		<label>Music</label>
		<label2>Video Add-On</label2>
		<icon>DefaultShortcut.png</icon>
		<thumb>special://home/addons/plugin.video.farfesh/icon.png</thumb>
		<action>ActivateWindow(Videos,"plugin://plugin.video.farfesh/?url=http%3A%2F%2Fmobile.farfesh.com%2FArabicMP3.asp&amp;mode=111&amp;name=Music&amp;page=0",return)</action>
	</shortcut>
	<shortcut>
		<defaultID>plugin.audio.melody4arab</defaultID>
		<label>Melody4arab</label>
		<label2>Video Add-On</label2>
		<icon>DefaultShortcut.png</icon>
		<thumb>special://home/addons/plugin.audio.melody4arab/icon.png</thumb>
		<action>ActivateWindow(Videos,"plugin://plugin.audio.melody4arab",return)</action>
	</shortcut>
	<shortcut>
		<defaultID>plugin.video.EmKalthoum</defaultID>
		<label>OmKalthoum Songs</label>
		<label2>Video Add-On</label2>
		<icon>DefaultShortcut.png</icon>
		<thumb>special://home/addons/plugin.video.EmKalthoum/icon.png</thumb>
		<action>ActivateWindow(Videos,"plugin://plugin.video.EmKalthoum",return)</action>
	</shortcut>
	<shortcut>
		<defaultID />
		<label>موسيقا</label>
		<label2>Video Add-On</label2>
		<icon>DefaultShortcut.png</icon>
		<thumb>special://home/addons/plugin.video.rotana/icon.png</thumb>
		<action>ActivateWindow(Videos,"plugin://plugin.video.rotana/?url=http%3A%2F%2Fmousica.rotana.net%2Fr%2Fclips%3Fpage%3D&amp;mode=5&amp;name=%D9%85%D9%88%D8%B3%D9%8A%D9%82%D8%A7",return)</action>
	</shortcut>
	<shortcut>
		<defaultID />
		<label>Music</label>
		<label2>Video Add-On</label2>
		<icon>DefaultShortcut.png</icon>
		<thumb>special://home/addons/plugin.video.tellymov/img/music.png</thumb>
		<action>ActivateWindow(Videos,"plugin://plugin.video.tellymov/?url=http%3A%2F%2Ftellymov.com%2Fcategory%2FMusic&amp;mode=100&amp;name=Music&amp;page=1",return)</action>
	</shortcut>
</shortcuts>
