<?xml version='1.0' encoding='UTF-8'?>
<shortcuts>
    <shortcut>
        <label>20387</label>
        <label2>20343</label2>
        <icon>special://skin/extras/icons/recentlyadded.png</icon>
        <action>ActivateWindow(videos,videodb://recentlyaddedepisodes/,return)</action>
    </shortcut>
    <shortcut>
        <label>562</label>
        <label2>20343</label2>
        <icon>special://skin/extras/icons/years.png</icon>
        <action>ActivateWindow(videos,videodb://tvshows/years/,return)</action>
    </shortcut>
    <shortcut>
        <label>369</label>
        <label2>20343</label2>
        <icon>special://skin/extras/icons/title.png</icon>
        <action>ActivateWindow(videos,videodb://tvshows/titles/,return)</action>
    </shortcut>
    <shortcut>
        <label>135</label>
        <label2>20343</label2>
        <icon>special://skin/extras/icons/genres.png</icon>
        <action>ActivateWindow(videos,videodb://tvshows/genres/,return)</action>
    </shortcut>
    <shortcut>
        <label>344</label>
        <label2>20343</label2>
        <icon>special://skin/extras/icons/actor.png</icon>
        <action>ActivateWindow(videos,videodb://tvshows/actors/,return)</action>
    </shortcut>
    <shortcut>
        <label>20459</label>
        <label2>20343</label2>
        <icon>special://skin/extras/icons/tags.png</icon>
        <action>ActivateWindow(videos,videodb://tvshows/tags/,return)</action>
    </shortcut>
    <shortcut>
        <label>20314</label>
        <label2>20343</label2>
        <icon>special://skin/extras/icons/media.png</icon>
        <action>ActivateWindow(videos,library://video/tvshows/,return)</action>
    </shortcut>
    <shortcut>
        <label>653</label>
        <label2>3</label2>
        <icon>special://skin/extras/icons/update.png</icon>
        <action>UpdateLibrary(video)</action>
    </shortcut>
</shortcuts>
