<?xml version='1.0' encoding='UTF-8'?>
<shortcuts>
    <shortcut>
        <label>744</label>
        <label2>3</label2>
        <icon>special://skin/extras/icons/files.png</icon>
        <action>ActivateWindow(videos,sources://video/,return)</action>
    </shortcut>
    <shortcut>
        <label>136</label>
        <label2>3</label2>
        <icon>special://skin/extras/icons/playlist.png</icon>
        <action>ActivateWindow(videos,special://videoplaylists/,return)</action>
    </shortcut>
    <shortcut>
        <label>341</label>
        <label2>446</label2>
        <icon>special://skin/extras/icons/dvd.png</icon>
        <action>PlayDVD</action>
    </shortcut>
    <shortcut>
        <label>20314</label>
        <label2>3</label2>
        <icon>special://skin/extras/icons/videos.png</icon>
        <action>ActivateWindow(videos,library://video/,return)</action>
    </shortcut>
</shortcuts>
