﻿<?xml version="1.0" encoding="UTF-8"?>
<addon id="plugin.video.arab-moviezorg" version="1.0.2" name="Arab-Aoviez.Org" provider-name="MG.Arabic">
 <requires>
        <import addon="xbmc.python" version="2.1.0" optional="true" />
        <import addon="script.module.mg.arabic.common"/>
        <import addon="script.module.urlresolver"/>
		<import addon="script.module.requests"/>"
        <import addon="repository.MG.Arabic" />
  </requires>
  <extension point="xbmc.python.pluginsource"
            library="arabmoviezorg.py">
    <provides>video</provides>
  </extension>
  <extension point="xbmc.addon.metadata">
    <summary> http://arab-moviez.org </summary>
    <description> videos from http://arab-moviez.org </description>
   <platform>all</platform>
	   <assets>
 			<icon>img/icon.png</icon>
 			<fanart>img/fanart.jpg</fanart>
			<screenshot>img/screenshot-01.jpg</screenshot>
			<screenshot>img/screenshot-02.jpg</screenshot>
			<screenshot>img/screenshot-03.jpg</screenshot>
 		</assets>
  </extension>
</addon>