<?xml version="1.0" encoding="UTF-8"?>
<addon
  id="plugin.video.shababray2"
  version="1.0.0"
  name="Shababray2"
  provider-name="Made by mfaraj,opesboy">
   <requires>
    <import addon="xbmc.python" version="2.1.0"/>
	<import addon="script.module.addon.common" />
	<import addon="script.module.urlresolver" />

	
  </requires>
  <extension point="xbmc.python.pluginsource"
             library="default.py">
    <provides>video</provides>
  </extension>
  <extension point="xbmc.addon.metadata">
    <summary></summary>
    <description>shababray2 MOVIES plugin, Arabic and Hollywood,Bollywood movies </description>
   
    <platform>all</platform>
  </extension>
</addon>
