<?xml version="1.0" encoding="UTF-8" standalone="yes"?>
<addon id="plugin.video.1080pmovies_gw" name="1080p Movies" version="2.0.3" provider-name="Dandymedia">
  <requires>
    <import addon="xbmc.python" version="2.1.0"/>
	<import addon="script.module.urlresolver"  version="3.0.0"/>
	<import addon="script.module.addon.common" />
	<import addon="script.module.requests" />
  </requires>
  <extension point="xbmc.python.pluginsource" library="default.py">
		<provides>video</provides>
  </extension>
  <extension point="xbmc.addon.metadata">
	<summary lang="en">Movies</summary>
	<description lang="en">[COLOR red][B]This addon source requires a HTTPS compatible device.[CR]Kodi 17 or Elec 16 and above.[/COLOR][/B][CR][CR]Googlelinks with varying resolutions...enjoy.</description>
	<disclaimer lang="en">The author does not host or distribute any of the content displayed by this addon or have any affiliation with the website owners</disclaimer>
	<platform>all</platform>
  </extension>
</addon>
