﻿<addon id="repository.smash" name="[COLOR indigo][B]-[/B][/COLOR][COLOR gold][B]S[/B][/COLOR][COLOR indigo][B]M[/B][/COLOR][COLOR gold][B]A[/B][/COLOR][COLOR indigo][B]S[/B][/COLOR][COLOR gold][B]H[/B][/COLOR] [COLOR ghostwhite]Repo[/COLOR]" version="1.3.6" provider-name="SMASH">
	<extension point="xbmc.addon.repository" name="SMASH Repo">
	<dir>
        <info compressed="false">http://mediarepos.org/Repos/smashrepo/addons.xml</info>
        <checksum>http://mediarepos.org/Repos/smashrepo/addons.xml.md5</checksum>
        <datadir zip="true">http://mediarepos.org/Repos/smashrepo/</datadir>
	</dir>
	</extension>
	<extension point="xbmc.addon.metadata">
		<summary lang="en">Under This Repo, I Will Host Addons With No Home,Bring Life To Dead Addons That Are Fully Work, Link To Repos From Devs (This will install current version the Dev Has) </summary>
		<description lang="en">ADDONS UNDER THIS SCRAPE THE NET, NO CONTENT IS HOSTED/DISTRIBUTED HERE, CONTACT WEBSITES IF WANT REMOVED [CR]Help With Server Cost Donate via [CR]BTC ADDRESS: 33PBm4UrL7ide58SMYTCgdMB5SoLBDo3hz [CR] [B]Smash Repo Change Log 1.3.0[/B] [CR] Added Some New Addons Time For Change People [CR] check for updates before going into vid addons</description>
		<platform>all</platform>
		<forum></forum>
        <website></website>
		<news></news>
	</extension>
</addon>