<?xml version="1.0" encoding="UTF-8"?>
<window id="6048" type="dialog">
	<!-- Aeon MQ 7 -->
	<!-- Seriado estudios -->
	<defaultcontrol>-</defaultcontrol>
	<include>SubMenuCommon</include>
	<controls>
	<control type="group">
	<include condition="Window.IsVisible(6000)">MenuCustom</include>
	<control type="group">
	<!-- default group -->
	<include>Animation_SubMenu</include>
	<include condition="Window.IsVisible(6000)">SubmenuGoTo</include>
	<include condition="Window.IsVisible(Home)">SubMenuDefault</include>
	<control type="panel" id="9000">
	<include condition="Window.IsVisible(6000)">SubmenuCustomList</include>
	<include condition="Window.IsVisible(Home) + !Skin.HasSetting(mainmenuvertical)">SubmenuHList</include>
	<include condition="Window.IsVisible(Home) + Skin.HasSetting(mainmenuvertical)">SubmenuVList</include>
	<content>
	<item>
	<label fallback="31014">$VAR[value_menu4801.label]</label>
	<property name="condition">$INFO[skin.string(menu4801.visible)]</property>
	<property name="name">menu4801</property>
	<property name="id">$INFO[skin.string(menu4801.master)]</property>
	<onclick condition="Window.IsVisible(6000)">SetFocus(5000)</onclick>
	<onclick condition="Window.IsVisible(Home)">Dialog.Close(6048)</onclick>
	<onclick condition="Window.IsVisible(Home)">Skin.SetString(submenu_action,$VAR[value_menu4801.action])</onclick>
	<visible>![IsEmpty(skin.string(menu4801.master)) | SubString(skin.string(menu4801.visible),off)] | Window.IsVisible(6000)</visible>
	</item>
	<item>
	<label fallback="31014">$VAR[value_menu4802.label]</label>
	<property name="condition">$INFO[skin.string(menu4802.visible)]</property>
	<property name="name">menu4802</property>
	<property name="id">$INFO[skin.string(menu4802.master)]</property>
	<onclick condition="Window.IsVisible(6000)">SetFocus(5000)</onclick>
	<onclick condition="Window.IsVisible(Home)">Dialog.Close(6048)</onclick>
	<onclick condition="Window.IsVisible(Home)">Skin.SetString(submenu_action,$VAR[value_menu4802.action])</onclick>
	<visible>![IsEmpty(skin.string(menu4802.master)) | SubString(skin.string(menu4802.visible),off)] | Window.IsVisible(6000)</visible>
	</item>
	<item>
	<label fallback="31014">$VAR[value_menu4803.label]</label>
	<property name="condition">$INFO[skin.string(menu4803.visible)]</property>
	<property name="name">menu4803</property>
	<property name="id">$INFO[skin.string(menu4803.master)]</property>
	<onclick condition="Window.IsVisible(6000)">SetFocus(5000)</onclick>
	<onclick condition="Window.IsVisible(Home)">Dialog.Close(6048)</onclick>
	<onclick condition="Window.IsVisible(Home)">Skin.SetString(submenu_action,$VAR[value_menu4803.action])</onclick>
	<visible>![IsEmpty(skin.string(menu4803.master)) | SubString(skin.string(menu4803.visible),off)] | Window.IsVisible(6000)</visible>
	</item>
	<item>
	<label fallback="31014">$VAR[value_menu4804.label]</label>
	<property name="condition">$INFO[skin.string(menu4804.visible)]</property>
	<property name="name">menu4804</property>
	<property name="id">$INFO[skin.string(menu4804.master)]</property>
	<onclick condition="Window.IsVisible(6000)">SetFocus(5000)</onclick>
	<onclick condition="Window.IsVisible(Home)">Dialog.Close(6048)</onclick>
	<onclick condition="Window.IsVisible(Home)">Skin.SetString(submenu_action,$VAR[value_menu4804.action])</onclick>
	<visible>![IsEmpty(skin.string(menu4804.master)) | SubString(skin.string(menu4804.visible),off)] | Window.IsVisible(6000)</visible>
	</item>
	<item>
	<label fallback="31014">$VAR[value_menu4805.label]</label>
	<property name="condition">$INFO[skin.string(menu4805.visible)]</property>
	<property name="name">menu4805</property>
	<property name="id">$INFO[skin.string(menu4805.master)]</property>
	<onclick condition="Window.IsVisible(6000)">SetFocus(5000)</onclick>
	<onclick condition="Window.IsVisible(Home)">Dialog.Close(6048)</onclick>
	<onclick condition="Window.IsVisible(Home)">Skin.SetString(submenu_action,$VAR[value_menu4805.action])</onclick>
	<visible>![IsEmpty(skin.string(menu4805.master)) | SubString(skin.string(menu4805.visible),off)] | Window.IsVisible(6000)</visible>
	</item>
	<item>
	<label fallback="31014">$VAR[value_menu4806.label]</label>
	<property name="condition">$INFO[skin.string(menu4806.visible)]</property>
	<property name="name">menu4806</property>
	<property name="id">$INFO[skin.string(menu4806.master)]</property>
	<onclick condition="Window.IsVisible(6000)">SetFocus(5000)</onclick>
	<onclick condition="Window.IsVisible(Home)">Dialog.Close(6048)</onclick>
	<onclick condition="Window.IsVisible(Home)">Skin.SetString(submenu_action,$VAR[value_menu4806.action])</onclick>
	<visible>![IsEmpty(skin.string(menu4806.master)) | SubString(skin.string(menu4806.visible),off)] | Window.IsVisible(6000)</visible>
	</item>
	<item>
	<label fallback="31014">$VAR[value_menu4807.label]</label>
	<property name="condition">$INFO[skin.string(menu4807.visible)]</property>
	<property name="name">menu4807</property>
	<property name="id">$INFO[skin.string(menu4807.master)]</property>
	<onclick condition="Window.IsVisible(6000)">SetFocus(5000)</onclick>
	<onclick condition="Window.IsVisible(Home)">Dialog.Close(6048)</onclick>
	<onclick condition="Window.IsVisible(Home)">Skin.SetString(submenu_action,$VAR[value_menu4807.action])</onclick>
	<visible>![IsEmpty(skin.string(menu4807.master)) | SubString(skin.string(menu4807.visible),off)] | Window.IsVisible(6000)</visible>
	</item>
	<item>
	<label fallback="31014">$VAR[value_menu4808.label]</label>
	<property name="condition">$INFO[skin.string(menu4808.visible)]</property>
	<property name="name">menu4808</property>
	<property name="id">$INFO[skin.string(menu4808.master)]</property>
	<onclick condition="Window.IsVisible(6000)">SetFocus(5000)</onclick>
	<onclick condition="Window.IsVisible(Home)">Dialog.Close(6048)</onclick>
	<onclick condition="Window.IsVisible(Home)">Skin.SetString(submenu_action,$VAR[value_menu4808.action])</onclick>
	<visible>![IsEmpty(skin.string(menu4808.master)) | SubString(skin.string(menu4808.visible),off)] | Window.IsVisible(6000)</visible>
	</item>
	<item>
	<label fallback="31014">$VAR[value_menu4809.label]</label>
	<property name="condition">$INFO[skin.string(menu4809.visible)]</property>
	<property name="name">menu4809</property>
	<property name="id">$INFO[skin.string(menu4809.master)]</property>
	<onclick condition="Window.IsVisible(6000)">SetFocus(5000)</onclick>
	<onclick condition="Window.IsVisible(Home)">Dialog.Close(6048)</onclick>
	<onclick condition="Window.IsVisible(Home)">Skin.SetString(submenu_action,$VAR[value_menu4809.action])</onclick>
	<visible>![IsEmpty(skin.string(menu4809.master)) | SubString(skin.string(menu4809.visible),off)] | Window.IsVisible(6000)</visible>
	</item>
	<item>
	<label fallback="31014">$VAR[value_menu4810.label]</label>
	<property name="condition">$INFO[skin.string(menu4810.visible)]</property>
	<property name="name">menu4810</property>
	<property name="id">$INFO[skin.string(menu4810.master)]</property>
	<onclick condition="Window.IsVisible(6000)">SetFocus(5000)</onclick>
	<onclick condition="Window.IsVisible(Home)">Dialog.Close(6048)</onclick>
	<onclick condition="Window.IsVisible(Home)">Skin.SetString(submenu_action,$VAR[value_menu4810.action])</onclick>
	<visible>![IsEmpty(skin.string(menu4810.master)) | SubString(skin.string(menu4810.visible),off)] | Window.IsVisible(6000)</visible>
	</item>
	</content>
	</control>
	</control>
	</control>
	</controls>
</window>