<?xml version="1.0" encoding="UTF-8"?>
<window id="6002" type="dialog">
	<!-- Aeon MQ 7 -->
	<!-- Seriados -->
	<defaultcontrol>-</defaultcontrol>
	<include>SubMenuCommon</include>
	<controls>
	<control type="group">
	<include condition="Window.IsVisible(6000)">MenuCustom</include>
	<control type="group">
	<!-- default group -->
	<include>Animation_SubMenu</include>
	<include condition="Window.IsVisible(6000)">SubmenuGoTo</include>
	<include condition="Window.IsVisible(Home)">SubMenuDefault</include>
	<control type="panel" id="9000">
	<include condition="Window.IsVisible(6000)">SubmenuCustomList</include>
	<include condition="Window.IsVisible(Home) + !Skin.HasSetting(mainmenuvertical)">SubmenuHList</include>
	<include condition="Window.IsVisible(Home) + Skin.HasSetting(mainmenuvertical)">SubmenuVList</include>
	<content>
	<item>
	<label fallback="31014">$VAR[value_menu0201.label]</label>
	<property name="condition">$INFO[skin.string(menu0201.visible)]</property>
	<property name="name">menu0201</property>
	<property name="id">$INFO[skin.string(menu0201.master)]</property>
	<onclick condition="Window.IsVisible(6000)">SetFocus(5000)</onclick>
	<onclick condition="Window.IsVisible(Home)">Dialog.Close(6002)</onclick>
	<onclick condition="Window.IsVisible(Home)">Skin.SetString(submenu_action,$VAR[value_menu0201.action])</onclick>
	<visible>![IsEmpty(skin.string(menu0201.master)) | SubString(skin.string(menu0201.visible),off)] | Window.IsVisible(6000)</visible>
	</item>
	<item>
	<label fallback="31014">$VAR[value_menu0202.label]</label>
	<property name="condition">$INFO[skin.string(menu0202.visible)]</property>
	<property name="name">menu0202</property>
	<property name="id">$INFO[skin.string(menu0202.master)]</property>
	<onclick condition="Window.IsVisible(6000)">SetFocus(5000)</onclick>
	<onclick condition="Window.IsVisible(Home)">Dialog.Close(6002)</onclick>
	<onclick condition="Window.IsVisible(Home)">Skin.SetString(submenu_action,$VAR[value_menu0202.action])</onclick>
	<visible>![IsEmpty(skin.string(menu0202.master)) | SubString(skin.string(menu0202.visible),off)] | Window.IsVisible(6000)</visible>
	</item>
	<item>
	<label fallback="31014">$VAR[value_menu0203.label]</label>
	<property name="condition">$INFO[skin.string(menu0203.visible)]</property>
	<property name="name">menu0203</property>
	<property name="id">$INFO[skin.string(menu0203.master)]</property>
	<onclick condition="Window.IsVisible(6000)">SetFocus(5000)</onclick>
	<onclick condition="Window.IsVisible(Home)">Dialog.Close(6002)</onclick>
	<onclick condition="Window.IsVisible(Home)">Skin.SetString(submenu_action,$VAR[value_menu0203.action])</onclick>
	<visible>![IsEmpty(skin.string(menu0203.master)) | SubString(skin.string(menu0203.visible),off)] | Window.IsVisible(6000)</visible>
	</item>
	<item>
	<label fallback="31014">$VAR[value_menu0204.label]</label>
	<property name="condition">$INFO[skin.string(menu0204.visible)]</property>
	<property name="name">menu0204</property>
	<property name="id">$INFO[skin.string(menu0204.master)]</property>
	<onclick condition="Window.IsVisible(6000)">SetFocus(5000)</onclick>
	<onclick condition="Window.IsVisible(Home)">Dialog.Close(6002)</onclick>
	<onclick condition="Window.IsVisible(Home)">Skin.SetString(submenu_action,$VAR[value_menu0204.action])</onclick>
	<visible>![IsEmpty(skin.string(menu0204.master)) | SubString(skin.string(menu0204.visible),off)] | Window.IsVisible(6000)</visible>
	</item>
	<item>
	<label fallback="31014">$VAR[value_menu0205.label]</label>
	<property name="condition">$INFO[skin.string(menu0205.visible)]</property>
	<property name="name">menu0205</property>
	<property name="id">$INFO[skin.string(menu0205.master)]</property>
	<onclick condition="Window.IsVisible(6000)">SetFocus(5000)</onclick>
	<onclick condition="Window.IsVisible(Home)">Dialog.Close(6002)</onclick>
	<onclick condition="Window.IsVisible(Home)">Skin.SetString(submenu_action,$VAR[value_menu0205.action])</onclick>
	<visible>![IsEmpty(skin.string(menu0205.master)) | SubString(skin.string(menu0205.visible),off)] | Window.IsVisible(6000)</visible>
	</item>
	<item>
	<label fallback="31014">$VAR[value_menu0206.label]</label>
	<property name="condition">$INFO[skin.string(menu0206.visible)]</property>
	<property name="name">menu0206</property>
	<property name="id">$INFO[skin.string(menu0206.master)]</property>
	<onclick condition="Window.IsVisible(6000)">SetFocus(5000)</onclick>
	<onclick condition="Window.IsVisible(Home)">Dialog.Close(6002)</onclick>
	<onclick condition="Window.IsVisible(Home)">Skin.SetString(submenu_action,$VAR[value_menu0206.action])</onclick>
	<visible>![IsEmpty(skin.string(menu0206.master)) | SubString(skin.string(menu0206.visible),off)] | Window.IsVisible(6000)</visible>
	</item>
	<item>
	<label fallback="31014">$VAR[value_menu0207.label]</label>
	<property name="condition">$INFO[skin.string(menu0207.visible)]</property>
	<property name="name">menu0207</property>
	<property name="id">$INFO[skin.string(menu0207.master)]</property>
	<onclick condition="Window.IsVisible(6000)">SetFocus(5000)</onclick>
	<onclick condition="Window.IsVisible(Home)">Dialog.Close(6002)</onclick>
	<onclick condition="Window.IsVisible(Home)">Skin.SetString(submenu_action,$VAR[value_menu0207.action])</onclick>
	<visible>![IsEmpty(skin.string(menu0207.master)) | SubString(skin.string(menu0207.visible),off)] | Window.IsVisible(6000)</visible>
	</item>
	<item>
	<label fallback="31014">$VAR[value_menu0208.label]</label>
	<property name="condition">$INFO[skin.string(menu0208.visible)]</property>
	<property name="name">menu0208</property>
	<property name="id">$INFO[skin.string(menu0208.master)]</property>
	<onclick condition="Window.IsVisible(6000)">SetFocus(5000)</onclick>
	<onclick condition="Window.IsVisible(Home)">Dialog.Close(6002)</onclick>
	<onclick condition="Window.IsVisible(Home)">Skin.SetString(submenu_action,$VAR[value_menu0208.action])</onclick>
	<visible>![IsEmpty(skin.string(menu0208.master)) | SubString(skin.string(menu0208.visible),off)] | Window.IsVisible(6000)</visible>
	</item>
	<item>
	<label fallback="31014">$VAR[value_menu0209.label]</label>
	<property name="condition">$INFO[skin.string(menu0209.visible)]</property>
	<property name="name">menu0209</property>
	<property name="id">$INFO[skin.string(menu0209.master)]</property>
	<onclick condition="Window.IsVisible(6000)">SetFocus(5000)</onclick>
	<onclick condition="Window.IsVisible(Home)">Dialog.Close(6002)</onclick>
	<onclick condition="Window.IsVisible(Home)">Skin.SetString(submenu_action,$VAR[value_menu0209.action])</onclick>
	<visible>![IsEmpty(skin.string(menu0209.master)) | SubString(skin.string(menu0209.visible),off)] | Window.IsVisible(6000)</visible>
	</item>
	<item>
	<label fallback="31014">$VAR[value_menu0210.label]</label>
	<property name="condition">$INFO[skin.string(menu0210.visible)]</property>
	<property name="name">menu0210</property>
	<property name="id">$INFO[skin.string(menu0210.master)]</property>
	<onclick condition="Window.IsVisible(6000)">SetFocus(5000)</onclick>
	<onclick condition="Window.IsVisible(Home)">Dialog.Close(6002)</onclick>
	<onclick condition="Window.IsVisible(Home)">Skin.SetString(submenu_action,$VAR[value_menu0210.action])</onclick>
	<visible>![IsEmpty(skin.string(menu0210.master)) | SubString(skin.string(menu0210.visible),off)] | Window.IsVisible(6000)</visible>
	</item>
	<item>
	<label fallback="31014">$VAR[value_menu0211.label]</label>
	<property name="condition">$INFO[skin.string(menu0211.visible)]</property>
	<property name="name">menu0211</property>
	<property name="id">$INFO[skin.string(menu0211.master)]</property>
	<onclick condition="Window.IsVisible(6000)">SetFocus(5000)</onclick>
	<onclick condition="Window.IsVisible(Home)">Dialog.Close(6002)</onclick>
	<onclick condition="Window.IsVisible(Home)">Skin.SetString(submenu_action,$VAR[value_menu0211.action])</onclick>
	<visible>![IsEmpty(skin.string(menu0211.master)) | SubString(skin.string(menu0211.visible),off)] | Window.IsVisible(6000)</visible>
	</item>
	<item>
	<label fallback="31014">$VAR[value_menu0212.label]</label>
	<property name="condition">$INFO[skin.string(menu0212.visible)]</property>
	<property name="name">menu0212</property>
	<property name="id">$INFO[skin.string(menu0212.master)]</property>
	<onclick condition="Window.IsVisible(6000)">SetFocus(5000)</onclick>
	<onclick condition="Window.IsVisible(Home)">Dialog.Close(6002)</onclick>
	<onclick condition="Window.IsVisible(Home)">Skin.SetString(submenu_action,$VAR[value_menu0212.action])</onclick>
	<visible>![IsEmpty(skin.string(menu0212.master)) | SubString(skin.string(menu0212.visible),off)] | Window.IsVisible(6000)</visible>
	</item>
	<item>
	<label fallback="31014">$VAR[value_menu0213.label]</label>
	<property name="condition">$INFO[skin.string(menu0213.visible)]</property>
	<property name="name">menu0213</property>
	<property name="id">$INFO[skin.string(menu0213.master)]</property>
	<onclick condition="Window.IsVisible(6000)">SetFocus(5000)</onclick>
	<onclick condition="Window.IsVisible(Home)">Dialog.Close(6002)</onclick>
	<onclick condition="Window.IsVisible(Home)">Skin.SetString(submenu_action,$VAR[value_menu0213.action])</onclick>
	<visible>![IsEmpty(skin.string(menu0213.master)) | SubString(skin.string(menu0213.visible),off)] | Window.IsVisible(6000)</visible>
	</item>
	<item>
	<label fallback="31014">$VAR[value_menu0214.label]</label>
	<property name="condition">$INFO[skin.string(menu0214.visible)]</property>
	<property name="name">menu0214</property>
	<property name="id">$INFO[skin.string(menu0214.master)]</property>
	<onclick condition="Window.IsVisible(6000)">SetFocus(5000)</onclick>
	<onclick condition="Window.IsVisible(Home)">Dialog.Close(6002)</onclick>
	<onclick condition="Window.IsVisible(Home)">Skin.SetString(submenu_action,$VAR[value_menu0214.action])</onclick>
	<visible>![IsEmpty(skin.string(menu0214.master)) | SubString(skin.string(menu0214.visible),off)] | Window.IsVisible(6000)</visible>
	</item>
	<item>
	<label fallback="31014">$VAR[value_menu0215.label]</label>
	<property name="condition">$INFO[skin.string(menu0215.visible)]</property>
	<property name="name">menu0215</property>
	<property name="id">$INFO[skin.string(menu0215.master)]</property>
	<onclick condition="Window.IsVisible(6000)">SetFocus(5000)</onclick>
	<onclick condition="Window.IsVisible(Home)">Dialog.Close(6002)</onclick>
	<onclick condition="Window.IsVisible(Home)">Skin.SetString(submenu_action,$VAR[value_menu0215.action])</onclick>
	<visible>![IsEmpty(skin.string(menu0215.master)) | SubString(skin.string(menu0215.visible),off)] | Window.IsVisible(6000)</visible>
	</item>
	<item>
	<label fallback="31014">$VAR[value_menu0216.label]</label>
	<property name="condition">$INFO[skin.string(menu0216.visible)]</property>
	<property name="name">menu0216</property>
	<property name="id">$INFO[skin.string(menu0216.master)]</property>
	<onclick condition="Window.IsVisible(6000)">SetFocus(5000)</onclick>
	<onclick condition="Window.IsVisible(Home)">Dialog.Close(6002)</onclick>
	<onclick condition="Window.IsVisible(Home)">Skin.SetString(submenu_action,$VAR[value_menu0216.action])</onclick>
	<visible>![IsEmpty(skin.string(menu0216.master)) | SubString(skin.string(menu0216.visible),off)] | Window.IsVisible(6000)</visible>
	</item>
	<item>
	<label fallback="31014">$VAR[value_menu0217.label]</label>
	<property name="condition">$INFO[skin.string(menu0217.visible)]</property>
	<property name="name">menu0217</property>
	<property name="id">$INFO[skin.string(menu0217.master)]</property>
	<onclick condition="Window.IsVisible(6000)">SetFocus(5000)</onclick>
	<onclick condition="Window.IsVisible(Home)">Dialog.Close(6002)</onclick>
	<onclick condition="Window.IsVisible(Home)">Skin.SetString(submenu_action,$VAR[value_menu0217.action])</onclick>
	<visible>![IsEmpty(skin.string(menu0217.master)) | SubString(skin.string(menu0217.visible),off)] | Window.IsVisible(6000)</visible>
	</item>
	<item>
	<label fallback="31014">$VAR[value_menu0218.label]</label>
	<property name="condition">$INFO[skin.string(menu0218.visible)]</property>
	<property name="name">menu0218</property>
	<property name="id">$INFO[skin.string(menu0218.master)]</property>
	<onclick condition="Window.IsVisible(6000)">SetFocus(5000)</onclick>
	<onclick condition="Window.IsVisible(Home)">Dialog.Close(6002)</onclick>
	<onclick condition="Window.IsVisible(Home)">Skin.SetString(submenu_action,$VAR[value_menu0218.action])</onclick>
	<visible>![IsEmpty(skin.string(menu0218.master)) | SubString(skin.string(menu0218.visible),off)] | Window.IsVisible(6000)</visible>
	</item>
	<item>
	<label fallback="31014">$VAR[value_menu0219.label]</label>
	<property name="condition">$INFO[skin.string(menu0219.visible)]</property>
	<property name="name">menu0219</property>
	<property name="id">$INFO[skin.string(menu0219.master)]</property>
	<onclick condition="Window.IsVisible(6000)">SetFocus(5000)</onclick>
	<onclick condition="Window.IsVisible(Home)">Dialog.Close(6002)</onclick>
	<onclick condition="Window.IsVisible(Home)">Skin.SetString(submenu_action,$VAR[value_menu0219.action])</onclick>
	<visible>![IsEmpty(skin.string(menu0219.master)) | SubString(skin.string(menu0219.visible),off)] | Window.IsVisible(6000)</visible>
	</item>
	<item>
	<label fallback="31014">$VAR[value_menu0220.label]</label>
	<property name="condition">$INFO[skin.string(menu0220.visible)]</property>
	<property name="name">menu0220</property>
	<property name="id">$INFO[skin.string(menu0220.master)]</property>
	<onclick condition="Window.IsVisible(6000)">SetFocus(5000)</onclick>
	<onclick condition="Window.IsVisible(Home)">Dialog.Close(6002)</onclick>
	<onclick condition="Window.IsVisible(Home)">Skin.SetString(submenu_action,$VAR[value_menu0220.action])</onclick>
	<visible>![IsEmpty(skin.string(menu0220.master)) | SubString(skin.string(menu0220.visible),off)] | Window.IsVisible(6000)</visible>
	</item>
	</content>
	</control>
	</control>
	</control>
	</controls>
</window>