<?xml version="1.0" encoding="UTF-8"?>
<window id="6078" type="dialog">
	<!-- Aeon MQ 7 -->
	<!-- Add-ons de video -->
	<defaultcontrol>-</defaultcontrol>
	<include>SubMenuCommon</include>
	<controls>
	<control type="group">
	<include condition="Window.IsVisible(6000)">MenuCustom</include>
	<control type="group">
	<!-- default group -->
	<include>Animation_SubMenu</include>
	<include condition="Window.IsVisible(6000)">SubmenuGoTo</include>
	<include condition="Window.IsVisible(Home)">SubMenuDefault</include>
	<control type="panel" id="9000">
	<include condition="Window.IsVisible(6000)">SubmenuCustomList</include>
	<include condition="Window.IsVisible(Home) + !Skin.HasSetting(mainmenuvertical)">SubmenuHList</include>
	<include condition="Window.IsVisible(Home) + Skin.HasSetting(mainmenuvertical)">SubmenuVList</include>
	<content>
	<item>
	<label fallback="31014">$VAR[value_menu7801.label]</label>
	<property name="condition">$INFO[skin.string(menu7801.visible)]</property>
	<property name="name">menu7801</property>
	<property name="id">$INFO[skin.string(menu7801.master)]</property>
	<onclick condition="Window.IsVisible(6000)">SetFocus(5000)</onclick>
	<onclick condition="Window.IsVisible(Home)">Dialog.Close(6078)</onclick>
	<onclick condition="Window.IsVisible(Home)">Skin.SetString(submenu_action,$VAR[value_menu7801.action])</onclick>
	<visible>![IsEmpty(skin.string(menu7801.master)) | SubString(skin.string(menu7801.visible),off)] | Window.IsVisible(6000)</visible>
	</item>
	<item>
	<label fallback="31014">$VAR[value_menu7802.label]</label>
	<property name="condition">$INFO[skin.string(menu7802.visible)]</property>
	<property name="name">menu7802</property>
	<property name="id">$INFO[skin.string(menu7802.master)]</property>
	<onclick condition="Window.IsVisible(6000)">SetFocus(5000)</onclick>
	<onclick condition="Window.IsVisible(Home)">Dialog.Close(6078)</onclick>
	<onclick condition="Window.IsVisible(Home)">Skin.SetString(submenu_action,$VAR[value_menu7802.action])</onclick>
	<visible>![IsEmpty(skin.string(menu7802.master)) | SubString(skin.string(menu7802.visible),off)] | Window.IsVisible(6000)</visible>
	</item>
	<item>
	<label fallback="31014">$VAR[value_menu7803.label]</label>
	<property name="condition">$INFO[skin.string(menu7803.visible)]</property>
	<property name="name">menu7803</property>
	<property name="id">$INFO[skin.string(menu7803.master)]</property>
	<onclick condition="Window.IsVisible(6000)">SetFocus(5000)</onclick>
	<onclick condition="Window.IsVisible(Home)">Dialog.Close(6078)</onclick>
	<onclick condition="Window.IsVisible(Home)">Skin.SetString(submenu_action,$VAR[value_menu7803.action])</onclick>
	<visible>![IsEmpty(skin.string(menu7803.master)) | SubString(skin.string(menu7803.visible),off)] | Window.IsVisible(6000)</visible>
	</item>
	<item>
	<label fallback="31014">$VAR[value_menu7804.label]</label>
	<property name="condition">$INFO[skin.string(menu7804.visible)]</property>
	<property name="name">menu7804</property>
	<property name="id">$INFO[skin.string(menu7804.master)]</property>
	<onclick condition="Window.IsVisible(6000)">SetFocus(5000)</onclick>
	<onclick condition="Window.IsVisible(Home)">Dialog.Close(6078)</onclick>
	<onclick condition="Window.IsVisible(Home)">Skin.SetString(submenu_action,$VAR[value_menu7804.action])</onclick>
	<visible>![IsEmpty(skin.string(menu7804.master)) | SubString(skin.string(menu7804.visible),off)] | Window.IsVisible(6000)</visible>
	</item>
	<item>
	<label fallback="31014">$VAR[value_menu7805.label]</label>
	<property name="condition">$INFO[skin.string(menu7805.visible)]</property>
	<property name="name">menu7805</property>
	<property name="id">$INFO[skin.string(menu7805.master)]</property>
	<onclick condition="Window.IsVisible(6000)">SetFocus(5000)</onclick>
	<onclick condition="Window.IsVisible(Home)">Dialog.Close(6078)</onclick>
	<onclick condition="Window.IsVisible(Home)">Skin.SetString(submenu_action,$VAR[value_menu7805.action])</onclick>
	<visible>![IsEmpty(skin.string(menu7805.master)) | SubString(skin.string(menu7805.visible),off)] | Window.IsVisible(6000)</visible>
	</item>
	<item>
	<label fallback="31014">$VAR[value_menu7806.label]</label>
	<property name="condition">$INFO[skin.string(menu7806.visible)]</property>
	<property name="name">menu7806</property>
	<property name="id">$INFO[skin.string(menu7806.master)]</property>
	<onclick condition="Window.IsVisible(6000)">SetFocus(5000)</onclick>
	<onclick condition="Window.IsVisible(Home)">Dialog.Close(6078)</onclick>
	<onclick condition="Window.IsVisible(Home)">Skin.SetString(submenu_action,$VAR[value_menu7806.action])</onclick>
	<visible>![IsEmpty(skin.string(menu7806.master)) | SubString(skin.string(menu7806.visible),off)] | Window.IsVisible(6000)</visible>
	</item>
	<item>
	<label fallback="31014">$VAR[value_menu7807.label]</label>
	<property name="condition">$INFO[skin.string(menu7807.visible)]</property>
	<property name="name">menu7807</property>
	<property name="id">$INFO[skin.string(menu7807.master)]</property>
	<onclick condition="Window.IsVisible(6000)">SetFocus(5000)</onclick>
	<onclick condition="Window.IsVisible(Home)">Dialog.Close(6078)</onclick>
	<onclick condition="Window.IsVisible(Home)">Skin.SetString(submenu_action,$VAR[value_menu7807.action])</onclick>
	<visible>![IsEmpty(skin.string(menu7807.master)) | SubString(skin.string(menu7807.visible),off)] | Window.IsVisible(6000)</visible>
	</item>
	<item>
	<label fallback="31014">$VAR[value_menu7808.label]</label>
	<property name="condition">$INFO[skin.string(menu7808.visible)]</property>
	<property name="name">menu7808</property>
	<property name="id">$INFO[skin.string(menu7808.master)]</property>
	<onclick condition="Window.IsVisible(6000)">SetFocus(5000)</onclick>
	<onclick condition="Window.IsVisible(Home)">Dialog.Close(6078)</onclick>
	<onclick condition="Window.IsVisible(Home)">Skin.SetString(submenu_action,$VAR[value_menu7808.action])</onclick>
	<visible>![IsEmpty(skin.string(menu7808.master)) | SubString(skin.string(menu7808.visible),off)] | Window.IsVisible(6000)</visible>
	</item>
	<item>
	<label fallback="31014">$VAR[value_menu7809.label]</label>
	<property name="condition">$INFO[skin.string(menu7809.visible)]</property>
	<property name="name">menu7809</property>
	<property name="id">$INFO[skin.string(menu7809.master)]</property>
	<onclick condition="Window.IsVisible(6000)">SetFocus(5000)</onclick>
	<onclick condition="Window.IsVisible(Home)">Dialog.Close(6078)</onclick>
	<onclick condition="Window.IsVisible(Home)">Skin.SetString(submenu_action,$VAR[value_menu7809.action])</onclick>
	<visible>![IsEmpty(skin.string(menu7809.master)) | SubString(skin.string(menu7809.visible),off)] | Window.IsVisible(6000)</visible>
	</item>
	<item>
	<label fallback="31014">$VAR[value_menu7810.label]</label>
	<property name="condition">$INFO[skin.string(menu7810.visible)]</property>
	<property name="name">menu7810</property>
	<property name="id">$INFO[skin.string(menu7810.master)]</property>
	<onclick condition="Window.IsVisible(6000)">SetFocus(5000)</onclick>
	<onclick condition="Window.IsVisible(Home)">Dialog.Close(6078)</onclick>
	<onclick condition="Window.IsVisible(Home)">Skin.SetString(submenu_action,$VAR[value_menu7810.action])</onclick>
	<visible>![IsEmpty(skin.string(menu7810.master)) | SubString(skin.string(menu7810.visible),off)] | Window.IsVisible(6000)</visible>
	</item>
	</content>
	</control>
	</control>
	</control>
	</controls>
</window>