<?xml version="1.0" encoding="UTF-8"?>
<window id="6410" type="dialog">
	<!-- Aeon MQ 7 -->
	<!-- Favorito 10 -->
	<defaultcontrol>-</defaultcontrol>
	<include>SubMenuCommon</include>
	<controls>
	<control type="group">
	<include condition="Window.IsVisible(6000)">MenuCustom</include>
	<control type="group">
	<!-- default group -->
	<include>Animation_SubMenu</include>
	<include condition="Window.IsVisible(6000)">SubmenuGoTo</include>
	<include condition="Window.IsVisible(Home)">SubMenuDefault</include>
	<control type="panel" id="9000">
	<include condition="Window.IsVisible(6000)">SubmenuCustomList</include>
	<include condition="Window.IsVisible(Home) + !Skin.HasSetting(mainmenuvertical)">SubmenuHList</include>
	<include condition="Window.IsVisible(Home) + Skin.HasSetting(mainmenuvertical)">SubmenuVList</include>
	<content>
	<item>
	<label fallback="31014">$VAR[value_menu41001.label]</label>
	<property name="condition">$INFO[skin.string(menu41001.visible)]</property>
	<property name="name">menu41001</property>
	<property name="id">$INFO[skin.string(menu41001.master)]</property>
	<onclick condition="Window.IsVisible(6000)">SetFocus(5000)</onclick>
	<onclick condition="Window.IsVisible(Home)">Dialog.Close(6410)</onclick>
	<onclick condition="Window.IsVisible(Home)">Skin.SetString(submenu_action,$VAR[value_menu41001.action])</onclick>
	<visible>![IsEmpty(skin.string(menu41001.master)) | SubString(skin.string(menu41001.visible),off)] | Window.IsVisible(6000)</visible>
	</item>
	<item>
	<label fallback="31014">$VAR[value_menu41002.label]</label>
	<property name="condition">$INFO[skin.string(menu41002.visible)]</property>
	<property name="name">menu41002</property>
	<property name="id">$INFO[skin.string(menu41002.master)]</property>
	<onclick condition="Window.IsVisible(6000)">SetFocus(5000)</onclick>
	<onclick condition="Window.IsVisible(Home)">Dialog.Close(6410)</onclick>
	<onclick condition="Window.IsVisible(Home)">Skin.SetString(submenu_action,$VAR[value_menu41002.action])</onclick>
	<visible>![IsEmpty(skin.string(menu41002.master)) | SubString(skin.string(menu41002.visible),off)] | Window.IsVisible(6000)</visible>
	</item>
	<item>
	<label fallback="31014">$VAR[value_menu41003.label]</label>
	<property name="condition">$INFO[skin.string(menu41003.visible)]</property>
	<property name="name">menu41003</property>
	<property name="id">$INFO[skin.string(menu41003.master)]</property>
	<onclick condition="Window.IsVisible(6000)">SetFocus(5000)</onclick>
	<onclick condition="Window.IsVisible(Home)">Dialog.Close(6410)</onclick>
	<onclick condition="Window.IsVisible(Home)">Skin.SetString(submenu_action,$VAR[value_menu41003.action])</onclick>
	<visible>![IsEmpty(skin.string(menu41003.master)) | SubString(skin.string(menu41003.visible),off)] | Window.IsVisible(6000)</visible>
	</item>
	<item>
	<label fallback="31014">$VAR[value_menu41004.label]</label>
	<property name="condition">$INFO[skin.string(menu41004.visible)]</property>
	<property name="name">menu41004</property>
	<property name="id">$INFO[skin.string(menu41004.master)]</property>
	<onclick condition="Window.IsVisible(6000)">SetFocus(5000)</onclick>
	<onclick condition="Window.IsVisible(Home)">Dialog.Close(6410)</onclick>
	<onclick condition="Window.IsVisible(Home)">Skin.SetString(submenu_action,$VAR[value_menu41004.action])</onclick>
	<visible>![IsEmpty(skin.string(menu41004.master)) | SubString(skin.string(menu41004.visible),off)] | Window.IsVisible(6000)</visible>
	</item>
	<item>
	<label fallback="31014">$VAR[value_menu41005.label]</label>
	<property name="condition">$INFO[skin.string(menu41005.visible)]</property>
	<property name="name">menu41005</property>
	<property name="id">$INFO[skin.string(menu41005.master)]</property>
	<onclick condition="Window.IsVisible(6000)">SetFocus(5000)</onclick>
	<onclick condition="Window.IsVisible(Home)">Dialog.Close(6410)</onclick>
	<onclick condition="Window.IsVisible(Home)">Skin.SetString(submenu_action,$VAR[value_menu41005.action])</onclick>
	<visible>![IsEmpty(skin.string(menu41005.master)) | SubString(skin.string(menu41005.visible),off)] | Window.IsVisible(6000)</visible>
	</item>
	<item>
	<label fallback="31014">$VAR[value_menu41006.label]</label>
	<property name="condition">$INFO[skin.string(menu41006.visible)]</property>
	<property name="name">menu41006</property>
	<property name="id">$INFO[skin.string(menu41006.master)]</property>
	<onclick condition="Window.IsVisible(6000)">SetFocus(5000)</onclick>
	<onclick condition="Window.IsVisible(Home)">Dialog.Close(6410)</onclick>
	<onclick condition="Window.IsVisible(Home)">Skin.SetString(submenu_action,$VAR[value_menu41006.action])</onclick>
	<visible>![IsEmpty(skin.string(menu41006.master)) | SubString(skin.string(menu41006.visible),off)] | Window.IsVisible(6000)</visible>
	</item>
	<item>
	<label fallback="31014">$VAR[value_menu41007.label]</label>
	<property name="condition">$INFO[skin.string(menu41007.visible)]</property>
	<property name="name">menu41007</property>
	<property name="id">$INFO[skin.string(menu41007.master)]</property>
	<onclick condition="Window.IsVisible(6000)">SetFocus(5000)</onclick>
	<onclick condition="Window.IsVisible(Home)">Dialog.Close(6410)</onclick>
	<onclick condition="Window.IsVisible(Home)">Skin.SetString(submenu_action,$VAR[value_menu41007.action])</onclick>
	<visible>![IsEmpty(skin.string(menu41007.master)) | SubString(skin.string(menu41007.visible),off)] | Window.IsVisible(6000)</visible>
	</item>
	<item>
	<label fallback="31014">$VAR[value_menu41008.label]</label>
	<property name="condition">$INFO[skin.string(menu41008.visible)]</property>
	<property name="name">menu41008</property>
	<property name="id">$INFO[skin.string(menu41008.master)]</property>
	<onclick condition="Window.IsVisible(6000)">SetFocus(5000)</onclick>
	<onclick condition="Window.IsVisible(Home)">Dialog.Close(6410)</onclick>
	<onclick condition="Window.IsVisible(Home)">Skin.SetString(submenu_action,$VAR[value_menu41008.action])</onclick>
	<visible>![IsEmpty(skin.string(menu41008.master)) | SubString(skin.string(menu41008.visible),off)] | Window.IsVisible(6000)</visible>
	</item>
	<item>
	<label fallback="31014">$VAR[value_menu41009.label]</label>
	<property name="condition">$INFO[skin.string(menu41009.visible)]</property>
	<property name="name">menu41009</property>
	<property name="id">$INFO[skin.string(menu41009.master)]</property>
	<onclick condition="Window.IsVisible(6000)">SetFocus(5000)</onclick>
	<onclick condition="Window.IsVisible(Home)">Dialog.Close(6410)</onclick>
	<onclick condition="Window.IsVisible(Home)">Skin.SetString(submenu_action,$VAR[value_menu41009.action])</onclick>
	<visible>![IsEmpty(skin.string(menu41009.master)) | SubString(skin.string(menu41009.visible),off)] | Window.IsVisible(6000)</visible>
	</item>
	<item>
	<label fallback="31014">$VAR[value_menu41010.label]</label>
	<property name="condition">$INFO[skin.string(menu41010.visible)]</property>
	<property name="name">menu41010</property>
	<property name="id">$INFO[skin.string(menu41010.master)]</property>
	<onclick condition="Window.IsVisible(6000)">SetFocus(5000)</onclick>
	<onclick condition="Window.IsVisible(Home)">Dialog.Close(6410)</onclick>
	<onclick condition="Window.IsVisible(Home)">Skin.SetString(submenu_action,$VAR[value_menu41010.action])</onclick>
	<visible>![IsEmpty(skin.string(menu41010.master)) | SubString(skin.string(menu41010.visible),off)] | Window.IsVisible(6000)</visible>
	</item>
	<item>
	<label fallback="31014">$VAR[value_menu41011.label]</label>
	<property name="condition">$INFO[skin.string(menu41011.visible)]</property>
	<property name="name">menu41011</property>
	<property name="id">$INFO[skin.string(menu41011.master)]</property>
	<onclick condition="Window.IsVisible(6000)">SetFocus(5000)</onclick>
	<onclick condition="Window.IsVisible(Home)">Dialog.Close(6410)</onclick>
	<onclick condition="Window.IsVisible(Home)">Skin.SetString(submenu_action,$VAR[value_menu41011.action])</onclick>
	<visible>![IsEmpty(skin.string(menu41011.master)) | SubString(skin.string(menu41011.visible),off)] | Window.IsVisible(6000)</visible>
	</item>
	<item>
	<label fallback="31014">$VAR[value_menu41012.label]</label>
	<property name="condition">$INFO[skin.string(menu41012.visible)]</property>
	<property name="name">menu41012</property>
	<property name="id">$INFO[skin.string(menu41012.master)]</property>
	<onclick condition="Window.IsVisible(6000)">SetFocus(5000)</onclick>
	<onclick condition="Window.IsVisible(Home)">Dialog.Close(6410)</onclick>
	<onclick condition="Window.IsVisible(Home)">Skin.SetString(submenu_action,$VAR[value_menu41012.action])</onclick>
	<visible>![IsEmpty(skin.string(menu41012.master)) | SubString(skin.string(menu41012.visible),off)] | Window.IsVisible(6000)</visible>
	</item>
	<item>
	<label fallback="31014">$VAR[value_menu41013.label]</label>
	<property name="condition">$INFO[skin.string(menu41013.visible)]</property>
	<property name="name">menu41013</property>
	<property name="id">$INFO[skin.string(menu41013.master)]</property>
	<onclick condition="Window.IsVisible(6000)">SetFocus(5000)</onclick>
	<onclick condition="Window.IsVisible(Home)">Dialog.Close(6410)</onclick>
	<onclick condition="Window.IsVisible(Home)">Skin.SetString(submenu_action,$VAR[value_menu41013.action])</onclick>
	<visible>![IsEmpty(skin.string(menu41013.master)) | SubString(skin.string(menu41013.visible),off)] | Window.IsVisible(6000)</visible>
	</item>
	<item>
	<label fallback="31014">$VAR[value_menu41014.label]</label>
	<property name="condition">$INFO[skin.string(menu41014.visible)]</property>
	<property name="name">menu41014</property>
	<property name="id">$INFO[skin.string(menu41014.master)]</property>
	<onclick condition="Window.IsVisible(6000)">SetFocus(5000)</onclick>
	<onclick condition="Window.IsVisible(Home)">Dialog.Close(6410)</onclick>
	<onclick condition="Window.IsVisible(Home)">Skin.SetString(submenu_action,$VAR[value_menu41014.action])</onclick>
	<visible>![IsEmpty(skin.string(menu41014.master)) | SubString(skin.string(menu41014.visible),off)] | Window.IsVisible(6000)</visible>
	</item>
	<item>
	<label fallback="31014">$VAR[value_menu41015.label]</label>
	<property name="condition">$INFO[skin.string(menu41015.visible)]</property>
	<property name="name">menu41015</property>
	<property name="id">$INFO[skin.string(menu41015.master)]</property>
	<onclick condition="Window.IsVisible(6000)">SetFocus(5000)</onclick>
	<onclick condition="Window.IsVisible(Home)">Dialog.Close(6410)</onclick>
	<onclick condition="Window.IsVisible(Home)">Skin.SetString(submenu_action,$VAR[value_menu41015.action])</onclick>
	<visible>![IsEmpty(skin.string(menu41015.master)) | SubString(skin.string(menu41015.visible),off)] | Window.IsVisible(6000)</visible>
	</item>
	</content>
	</control>
	</control>
	</control>
	</controls>
</window>