<?xml version="1.0" encoding="UTF-8"?>
<window id="6509" type="dialog">
	<!-- Aeon MQ 7 -->
	<!-- Addon 9 -->
	<defaultcontrol>-</defaultcontrol>
	<include>SubMenuCommon</include>
	<controls>
	<control type="group">
	<include condition="Window.IsVisible(6000)">MenuCustom</include>
	<control type="group">
	<!-- default group -->
	<include>Animation_SubMenu</include>
	<include condition="Window.IsVisible(6000)">SubmenuGoTo</include>
	<include condition="Window.IsVisible(Home)">SubMenuDefault</include>
	<control type="panel" id="9000">
	<include condition="Window.IsVisible(6000)">SubmenuCustomList</include>
	<include condition="Window.IsVisible(Home) + !Skin.HasSetting(mainmenuvertical)">SubmenuHList</include>
	<include condition="Window.IsVisible(Home) + Skin.HasSetting(mainmenuvertical)">SubmenuVList</include>
	<content>
	<item>
	<label fallback="31014">$VAR[value_menu50901.label]</label>
	<property name="condition">$INFO[skin.string(menu50901.visible)]</property>
	<property name="name">menu50901</property>
	<property name="id">$INFO[skin.string(menu50901.master)]</property>
	<onclick condition="Window.IsVisible(6000)">SetFocus(5000)</onclick>
	<onclick condition="Window.IsVisible(Home)">Dialog.Close(6509)</onclick>
	<onclick condition="Window.IsVisible(Home)">Skin.SetString(submenu_action,$VAR[value_menu50901.action])</onclick>
	<visible>![IsEmpty(skin.string(menu50901.master)) | SubString(skin.string(menu50901.visible),off)] | Window.IsVisible(6000)</visible>
	</item>
	<item>
	<label fallback="31014">$VAR[value_menu50902.label]</label>
	<property name="condition">$INFO[skin.string(menu50902.visible)]</property>
	<property name="name">menu50902</property>
	<property name="id">$INFO[skin.string(menu50902.master)]</property>
	<onclick condition="Window.IsVisible(6000)">SetFocus(5000)</onclick>
	<onclick condition="Window.IsVisible(Home)">Dialog.Close(6509)</onclick>
	<onclick condition="Window.IsVisible(Home)">Skin.SetString(submenu_action,$VAR[value_menu50902.action])</onclick>
	<visible>![IsEmpty(skin.string(menu50902.master)) | SubString(skin.string(menu50902.visible),off)] | Window.IsVisible(6000)</visible>
	</item>
	<item>
	<label fallback="31014">$VAR[value_menu50903.label]</label>
	<property name="condition">$INFO[skin.string(menu50903.visible)]</property>
	<property name="name">menu50903</property>
	<property name="id">$INFO[skin.string(menu50903.master)]</property>
	<onclick condition="Window.IsVisible(6000)">SetFocus(5000)</onclick>
	<onclick condition="Window.IsVisible(Home)">Dialog.Close(6509)</onclick>
	<onclick condition="Window.IsVisible(Home)">Skin.SetString(submenu_action,$VAR[value_menu50903.action])</onclick>
	<visible>![IsEmpty(skin.string(menu50903.master)) | SubString(skin.string(menu50903.visible),off)] | Window.IsVisible(6000)</visible>
	</item>
	<item>
	<label fallback="31014">$VAR[value_menu50904.label]</label>
	<property name="condition">$INFO[skin.string(menu50904.visible)]</property>
	<property name="name">menu50904</property>
	<property name="id">$INFO[skin.string(menu50904.master)]</property>
	<onclick condition="Window.IsVisible(6000)">SetFocus(5000)</onclick>
	<onclick condition="Window.IsVisible(Home)">Dialog.Close(6509)</onclick>
	<onclick condition="Window.IsVisible(Home)">Skin.SetString(submenu_action,$VAR[value_menu50904.action])</onclick>
	<visible>![IsEmpty(skin.string(menu50904.master)) | SubString(skin.string(menu50904.visible),off)] | Window.IsVisible(6000)</visible>
	</item>
	<item>
	<label fallback="31014">$VAR[value_menu50905.label]</label>
	<property name="condition">$INFO[skin.string(menu50905.visible)]</property>
	<property name="name">menu50905</property>
	<property name="id">$INFO[skin.string(menu50905.master)]</property>
	<onclick condition="Window.IsVisible(6000)">SetFocus(5000)</onclick>
	<onclick condition="Window.IsVisible(Home)">Dialog.Close(6509)</onclick>
	<onclick condition="Window.IsVisible(Home)">Skin.SetString(submenu_action,$VAR[value_menu50905.action])</onclick>
	<visible>![IsEmpty(skin.string(menu50905.master)) | SubString(skin.string(menu50905.visible),off)] | Window.IsVisible(6000)</visible>
	</item>
	<item>
	<label fallback="31014">$VAR[value_menu50906.label]</label>
	<property name="condition">$INFO[skin.string(menu50906.visible)]</property>
	<property name="name">menu50906</property>
	<property name="id">$INFO[skin.string(menu50906.master)]</property>
	<onclick condition="Window.IsVisible(6000)">SetFocus(5000)</onclick>
	<onclick condition="Window.IsVisible(Home)">Dialog.Close(6509)</onclick>
	<onclick condition="Window.IsVisible(Home)">Skin.SetString(submenu_action,$VAR[value_menu50906.action])</onclick>
	<visible>![IsEmpty(skin.string(menu50906.master)) | SubString(skin.string(menu50906.visible),off)] | Window.IsVisible(6000)</visible>
	</item>
	<item>
	<label fallback="31014">$VAR[value_menu50907.label]</label>
	<property name="condition">$INFO[skin.string(menu50907.visible)]</property>
	<property name="name">menu50907</property>
	<property name="id">$INFO[skin.string(menu50907.master)]</property>
	<onclick condition="Window.IsVisible(6000)">SetFocus(5000)</onclick>
	<onclick condition="Window.IsVisible(Home)">Dialog.Close(6509)</onclick>
	<onclick condition="Window.IsVisible(Home)">Skin.SetString(submenu_action,$VAR[value_menu50907.action])</onclick>
	<visible>![IsEmpty(skin.string(menu50907.master)) | SubString(skin.string(menu50907.visible),off)] | Window.IsVisible(6000)</visible>
	</item>
	<item>
	<label fallback="31014">$VAR[value_menu50908.label]</label>
	<property name="condition">$INFO[skin.string(menu50908.visible)]</property>
	<property name="name">menu50908</property>
	<property name="id">$INFO[skin.string(menu50908.master)]</property>
	<onclick condition="Window.IsVisible(6000)">SetFocus(5000)</onclick>
	<onclick condition="Window.IsVisible(Home)">Dialog.Close(6509)</onclick>
	<onclick condition="Window.IsVisible(Home)">Skin.SetString(submenu_action,$VAR[value_menu50908.action])</onclick>
	<visible>![IsEmpty(skin.string(menu50908.master)) | SubString(skin.string(menu50908.visible),off)] | Window.IsVisible(6000)</visible>
	</item>
	<item>
	<label fallback="31014">$VAR[value_menu50909.label]</label>
	<property name="condition">$INFO[skin.string(menu50909.visible)]</property>
	<property name="name">menu50909</property>
	<property name="id">$INFO[skin.string(menu50909.master)]</property>
	<onclick condition="Window.IsVisible(6000)">SetFocus(5000)</onclick>
	<onclick condition="Window.IsVisible(Home)">Dialog.Close(6509)</onclick>
	<onclick condition="Window.IsVisible(Home)">Skin.SetString(submenu_action,$VAR[value_menu50909.action])</onclick>
	<visible>![IsEmpty(skin.string(menu50909.master)) | SubString(skin.string(menu50909.visible),off)] | Window.IsVisible(6000)</visible>
	</item>
	<item>
	<label fallback="31014">$VAR[value_menu50910.label]</label>
	<property name="condition">$INFO[skin.string(menu50910.visible)]</property>
	<property name="name">menu50910</property>
	<property name="id">$INFO[skin.string(menu50910.master)]</property>
	<onclick condition="Window.IsVisible(6000)">SetFocus(5000)</onclick>
	<onclick condition="Window.IsVisible(Home)">Dialog.Close(6509)</onclick>
	<onclick condition="Window.IsVisible(Home)">Skin.SetString(submenu_action,$VAR[value_menu50910.action])</onclick>
	<visible>![IsEmpty(skin.string(menu50910.master)) | SubString(skin.string(menu50910.visible),off)] | Window.IsVisible(6000)</visible>
	</item>
	<item>
	<label fallback="31014">$VAR[value_menu50911.label]</label>
	<property name="condition">$INFO[skin.string(menu50911.visible)]</property>
	<property name="name">menu50911</property>
	<property name="id">$INFO[skin.string(menu50911.master)]</property>
	<onclick condition="Window.IsVisible(6000)">SetFocus(5000)</onclick>
	<onclick condition="Window.IsVisible(Home)">Dialog.Close(6509)</onclick>
	<onclick condition="Window.IsVisible(Home)">Skin.SetString(submenu_action,$VAR[value_menu50911.action])</onclick>
	<visible>![IsEmpty(skin.string(menu50911.master)) | SubString(skin.string(menu50911.visible),off)] | Window.IsVisible(6000)</visible>
	</item>
	<item>
	<label fallback="31014">$VAR[value_menu50912.label]</label>
	<property name="condition">$INFO[skin.string(menu50912.visible)]</property>
	<property name="name">menu50912</property>
	<property name="id">$INFO[skin.string(menu50912.master)]</property>
	<onclick condition="Window.IsVisible(6000)">SetFocus(5000)</onclick>
	<onclick condition="Window.IsVisible(Home)">Dialog.Close(6509)</onclick>
	<onclick condition="Window.IsVisible(Home)">Skin.SetString(submenu_action,$VAR[value_menu50912.action])</onclick>
	<visible>![IsEmpty(skin.string(menu50912.master)) | SubString(skin.string(menu50912.visible),off)] | Window.IsVisible(6000)</visible>
	</item>
	<item>
	<label fallback="31014">$VAR[value_menu50913.label]</label>
	<property name="condition">$INFO[skin.string(menu50913.visible)]</property>
	<property name="name">menu50913</property>
	<property name="id">$INFO[skin.string(menu50913.master)]</property>
	<onclick condition="Window.IsVisible(6000)">SetFocus(5000)</onclick>
	<onclick condition="Window.IsVisible(Home)">Dialog.Close(6509)</onclick>
	<onclick condition="Window.IsVisible(Home)">Skin.SetString(submenu_action,$VAR[value_menu50913.action])</onclick>
	<visible>![IsEmpty(skin.string(menu50913.master)) | SubString(skin.string(menu50913.visible),off)] | Window.IsVisible(6000)</visible>
	</item>
	<item>
	<label fallback="31014">$VAR[value_menu50914.label]</label>
	<property name="condition">$INFO[skin.string(menu50914.visible)]</property>
	<property name="name">menu50914</property>
	<property name="id">$INFO[skin.string(menu50914.master)]</property>
	<onclick condition="Window.IsVisible(6000)">SetFocus(5000)</onclick>
	<onclick condition="Window.IsVisible(Home)">Dialog.Close(6509)</onclick>
	<onclick condition="Window.IsVisible(Home)">Skin.SetString(submenu_action,$VAR[value_menu50914.action])</onclick>
	<visible>![IsEmpty(skin.string(menu50914.master)) | SubString(skin.string(menu50914.visible),off)] | Window.IsVisible(6000)</visible>
	</item>
	<item>
	<label fallback="31014">$VAR[value_menu50915.label]</label>
	<property name="condition">$INFO[skin.string(menu50915.visible)]</property>
	<property name="name">menu50915</property>
	<property name="id">$INFO[skin.string(menu50915.master)]</property>
	<onclick condition="Window.IsVisible(6000)">SetFocus(5000)</onclick>
	<onclick condition="Window.IsVisible(Home)">Dialog.Close(6509)</onclick>
	<onclick condition="Window.IsVisible(Home)">Skin.SetString(submenu_action,$VAR[value_menu50915.action])</onclick>
	<visible>![IsEmpty(skin.string(menu50915.master)) | SubString(skin.string(menu50915.visible),off)] | Window.IsVisible(6000)</visible>
	</item>
	</content>
	</control>
	</control>
	</control>
	</controls>
</window>