<?xml version="1.0" encoding="UTF-8"?>
<window id="6416" type="dialog">
	<!-- Aeon MQ 7 -->
	<!-- Favorito 16 -->
	<defaultcontrol>-</defaultcontrol>
	<include>SubMenuCommon</include>
	<controls>
	<control type="group">
	<include condition="Window.IsVisible(6000)">MenuCustom</include>
	<control type="group">
	<!-- default group -->
	<include>Animation_SubMenu</include>
	<include condition="Window.IsVisible(6000)">SubmenuGoTo</include>
	<include condition="Window.IsVisible(Home)">SubMenuDefault</include>
	<control type="panel" id="9000">
	<include condition="Window.IsVisible(6000)">SubmenuCustomList</include>
	<include condition="Window.IsVisible(Home) + !Skin.HasSetting(mainmenuvertical)">SubmenuHList</include>
	<include condition="Window.IsVisible(Home) + Skin.HasSetting(mainmenuvertical)">SubmenuVList</include>
	<content>
	<item>
	<label fallback="31014">$VAR[value_menu41601.label]</label>
	<property name="condition">$INFO[skin.string(menu41601.visible)]</property>
	<property name="name">menu41601</property>
	<property name="id">$INFO[skin.string(menu41601.master)]</property>
	<onclick condition="Window.IsVisible(6000)">SetFocus(5000)</onclick>
	<onclick condition="Window.IsVisible(Home)">Dialog.Close(6416)</onclick>
	<onclick condition="Window.IsVisible(Home)">Skin.SetString(submenu_action,$VAR[value_menu41601.action])</onclick>
	<visible>![IsEmpty(skin.string(menu41601.master)) | SubString(skin.string(menu41601.visible),off)] | Window.IsVisible(6000)</visible>
	</item>
	<item>
	<label fallback="31014">$VAR[value_menu41602.label]</label>
	<property name="condition">$INFO[skin.string(menu41602.visible)]</property>
	<property name="name">menu41602</property>
	<property name="id">$INFO[skin.string(menu41602.master)]</property>
	<onclick condition="Window.IsVisible(6000)">SetFocus(5000)</onclick>
	<onclick condition="Window.IsVisible(Home)">Dialog.Close(6416)</onclick>
	<onclick condition="Window.IsVisible(Home)">Skin.SetString(submenu_action,$VAR[value_menu41602.action])</onclick>
	<visible>![IsEmpty(skin.string(menu41602.master)) | SubString(skin.string(menu41602.visible),off)] | Window.IsVisible(6000)</visible>
	</item>
	<item>
	<label fallback="31014">$VAR[value_menu41603.label]</label>
	<property name="condition">$INFO[skin.string(menu41603.visible)]</property>
	<property name="name">menu41603</property>
	<property name="id">$INFO[skin.string(menu41603.master)]</property>
	<onclick condition="Window.IsVisible(6000)">SetFocus(5000)</onclick>
	<onclick condition="Window.IsVisible(Home)">Dialog.Close(6416)</onclick>
	<onclick condition="Window.IsVisible(Home)">Skin.SetString(submenu_action,$VAR[value_menu41603.action])</onclick>
	<visible>![IsEmpty(skin.string(menu41603.master)) | SubString(skin.string(menu41603.visible),off)] | Window.IsVisible(6000)</visible>
	</item>
	<item>
	<label fallback="31014">$VAR[value_menu41604.label]</label>
	<property name="condition">$INFO[skin.string(menu41604.visible)]</property>
	<property name="name">menu41604</property>
	<property name="id">$INFO[skin.string(menu41604.master)]</property>
	<onclick condition="Window.IsVisible(6000)">SetFocus(5000)</onclick>
	<onclick condition="Window.IsVisible(Home)">Dialog.Close(6416)</onclick>
	<onclick condition="Window.IsVisible(Home)">Skin.SetString(submenu_action,$VAR[value_menu41604.action])</onclick>
	<visible>![IsEmpty(skin.string(menu41604.master)) | SubString(skin.string(menu41604.visible),off)] | Window.IsVisible(6000)</visible>
	</item>
	<item>
	<label fallback="31014">$VAR[value_menu41605.label]</label>
	<property name="condition">$INFO[skin.string(menu41605.visible)]</property>
	<property name="name">menu41605</property>
	<property name="id">$INFO[skin.string(menu41605.master)]</property>
	<onclick condition="Window.IsVisible(6000)">SetFocus(5000)</onclick>
	<onclick condition="Window.IsVisible(Home)">Dialog.Close(6416)</onclick>
	<onclick condition="Window.IsVisible(Home)">Skin.SetString(submenu_action,$VAR[value_menu41605.action])</onclick>
	<visible>![IsEmpty(skin.string(menu41605.master)) | SubString(skin.string(menu41605.visible),off)] | Window.IsVisible(6000)</visible>
	</item>
	<item>
	<label fallback="31014">$VAR[value_menu41606.label]</label>
	<property name="condition">$INFO[skin.string(menu41606.visible)]</property>
	<property name="name">menu41606</property>
	<property name="id">$INFO[skin.string(menu41606.master)]</property>
	<onclick condition="Window.IsVisible(6000)">SetFocus(5000)</onclick>
	<onclick condition="Window.IsVisible(Home)">Dialog.Close(6416)</onclick>
	<onclick condition="Window.IsVisible(Home)">Skin.SetString(submenu_action,$VAR[value_menu41606.action])</onclick>
	<visible>![IsEmpty(skin.string(menu41606.master)) | SubString(skin.string(menu41606.visible),off)] | Window.IsVisible(6000)</visible>
	</item>
	<item>
	<label fallback="31014">$VAR[value_menu41607.label]</label>
	<property name="condition">$INFO[skin.string(menu41607.visible)]</property>
	<property name="name">menu41607</property>
	<property name="id">$INFO[skin.string(menu41607.master)]</property>
	<onclick condition="Window.IsVisible(6000)">SetFocus(5000)</onclick>
	<onclick condition="Window.IsVisible(Home)">Dialog.Close(6416)</onclick>
	<onclick condition="Window.IsVisible(Home)">Skin.SetString(submenu_action,$VAR[value_menu41607.action])</onclick>
	<visible>![IsEmpty(skin.string(menu41607.master)) | SubString(skin.string(menu41607.visible),off)] | Window.IsVisible(6000)</visible>
	</item>
	<item>
	<label fallback="31014">$VAR[value_menu41608.label]</label>
	<property name="condition">$INFO[skin.string(menu41608.visible)]</property>
	<property name="name">menu41608</property>
	<property name="id">$INFO[skin.string(menu41608.master)]</property>
	<onclick condition="Window.IsVisible(6000)">SetFocus(5000)</onclick>
	<onclick condition="Window.IsVisible(Home)">Dialog.Close(6416)</onclick>
	<onclick condition="Window.IsVisible(Home)">Skin.SetString(submenu_action,$VAR[value_menu41608.action])</onclick>
	<visible>![IsEmpty(skin.string(menu41608.master)) | SubString(skin.string(menu41608.visible),off)] | Window.IsVisible(6000)</visible>
	</item>
	<item>
	<label fallback="31014">$VAR[value_menu41609.label]</label>
	<property name="condition">$INFO[skin.string(menu41609.visible)]</property>
	<property name="name">menu41609</property>
	<property name="id">$INFO[skin.string(menu41609.master)]</property>
	<onclick condition="Window.IsVisible(6000)">SetFocus(5000)</onclick>
	<onclick condition="Window.IsVisible(Home)">Dialog.Close(6416)</onclick>
	<onclick condition="Window.IsVisible(Home)">Skin.SetString(submenu_action,$VAR[value_menu41609.action])</onclick>
	<visible>![IsEmpty(skin.string(menu41609.master)) | SubString(skin.string(menu41609.visible),off)] | Window.IsVisible(6000)</visible>
	</item>
	<item>
	<label fallback="31014">$VAR[value_menu41610.label]</label>
	<property name="condition">$INFO[skin.string(menu41610.visible)]</property>
	<property name="name">menu41610</property>
	<property name="id">$INFO[skin.string(menu41610.master)]</property>
	<onclick condition="Window.IsVisible(6000)">SetFocus(5000)</onclick>
	<onclick condition="Window.IsVisible(Home)">Dialog.Close(6416)</onclick>
	<onclick condition="Window.IsVisible(Home)">Skin.SetString(submenu_action,$VAR[value_menu41610.action])</onclick>
	<visible>![IsEmpty(skin.string(menu41610.master)) | SubString(skin.string(menu41610.visible),off)] | Window.IsVisible(6000)</visible>
	</item>
	<item>
	<label fallback="31014">$VAR[value_menu41611.label]</label>
	<property name="condition">$INFO[skin.string(menu41611.visible)]</property>
	<property name="name">menu41611</property>
	<property name="id">$INFO[skin.string(menu41611.master)]</property>
	<onclick condition="Window.IsVisible(6000)">SetFocus(5000)</onclick>
	<onclick condition="Window.IsVisible(Home)">Dialog.Close(6416)</onclick>
	<onclick condition="Window.IsVisible(Home)">Skin.SetString(submenu_action,$VAR[value_menu41611.action])</onclick>
	<visible>![IsEmpty(skin.string(menu41611.master)) | SubString(skin.string(menu41611.visible),off)] | Window.IsVisible(6000)</visible>
	</item>
	<item>
	<label fallback="31014">$VAR[value_menu41612.label]</label>
	<property name="condition">$INFO[skin.string(menu41612.visible)]</property>
	<property name="name">menu41612</property>
	<property name="id">$INFO[skin.string(menu41612.master)]</property>
	<onclick condition="Window.IsVisible(6000)">SetFocus(5000)</onclick>
	<onclick condition="Window.IsVisible(Home)">Dialog.Close(6416)</onclick>
	<onclick condition="Window.IsVisible(Home)">Skin.SetString(submenu_action,$VAR[value_menu41612.action])</onclick>
	<visible>![IsEmpty(skin.string(menu41612.master)) | SubString(skin.string(menu41612.visible),off)] | Window.IsVisible(6000)</visible>
	</item>
	<item>
	<label fallback="31014">$VAR[value_menu41613.label]</label>
	<property name="condition">$INFO[skin.string(menu41613.visible)]</property>
	<property name="name">menu41613</property>
	<property name="id">$INFO[skin.string(menu41613.master)]</property>
	<onclick condition="Window.IsVisible(6000)">SetFocus(5000)</onclick>
	<onclick condition="Window.IsVisible(Home)">Dialog.Close(6416)</onclick>
	<onclick condition="Window.IsVisible(Home)">Skin.SetString(submenu_action,$VAR[value_menu41613.action])</onclick>
	<visible>![IsEmpty(skin.string(menu41613.master)) | SubString(skin.string(menu41613.visible),off)] | Window.IsVisible(6000)</visible>
	</item>
	<item>
	<label fallback="31014">$VAR[value_menu41614.label]</label>
	<property name="condition">$INFO[skin.string(menu41614.visible)]</property>
	<property name="name">menu41614</property>
	<property name="id">$INFO[skin.string(menu41614.master)]</property>
	<onclick condition="Window.IsVisible(6000)">SetFocus(5000)</onclick>
	<onclick condition="Window.IsVisible(Home)">Dialog.Close(6416)</onclick>
	<onclick condition="Window.IsVisible(Home)">Skin.SetString(submenu_action,$VAR[value_menu41614.action])</onclick>
	<visible>![IsEmpty(skin.string(menu41614.master)) | SubString(skin.string(menu41614.visible),off)] | Window.IsVisible(6000)</visible>
	</item>
	<item>
	<label fallback="31014">$VAR[value_menu41615.label]</label>
	<property name="condition">$INFO[skin.string(menu41615.visible)]</property>
	<property name="name">menu41615</property>
	<property name="id">$INFO[skin.string(menu41615.master)]</property>
	<onclick condition="Window.IsVisible(6000)">SetFocus(5000)</onclick>
	<onclick condition="Window.IsVisible(Home)">Dialog.Close(6416)</onclick>
	<onclick condition="Window.IsVisible(Home)">Skin.SetString(submenu_action,$VAR[value_menu41615.action])</onclick>
	<visible>![IsEmpty(skin.string(menu41615.master)) | SubString(skin.string(menu41615.visible),off)] | Window.IsVisible(6000)</visible>
	</item>
	</content>
	</control>
	</control>
	</control>
	</controls>
</window>