<?xml version="1.0" encoding="UTF-8"?>
<window id="6411" type="dialog">
	<!-- Aeon MQ 7 -->
	<!-- Favorito 11 -->
	<defaultcontrol>-</defaultcontrol>
	<include>SubMenuCommon</include>
	<controls>
	<control type="group">
	<include condition="Window.IsVisible(6000)">MenuCustom</include>
	<control type="group">
	<!-- default group -->
	<include>Animation_SubMenu</include>
	<include condition="Window.IsVisible(6000)">SubmenuGoTo</include>
	<include condition="Window.IsVisible(Home)">SubMenuDefault</include>
	<control type="panel" id="9000">
	<include condition="Window.IsVisible(6000)">SubmenuCustomList</include>
	<include condition="Window.IsVisible(Home) + !Skin.HasSetting(mainmenuvertical)">SubmenuHList</include>
	<include condition="Window.IsVisible(Home) + Skin.HasSetting(mainmenuvertical)">SubmenuVList</include>
	<content>
	<item>
	<label fallback="31014">$VAR[value_menu41101.label]</label>
	<property name="condition">$INFO[skin.string(menu41101.visible)]</property>
	<property name="name">menu41101</property>
	<property name="id">$INFO[skin.string(menu41101.master)]</property>
	<onclick condition="Window.IsVisible(6000)">SetFocus(5000)</onclick>
	<onclick condition="Window.IsVisible(Home)">Dialog.Close(6411)</onclick>
	<onclick condition="Window.IsVisible(Home)">Skin.SetString(submenu_action,$VAR[value_menu41101.action])</onclick>
	<visible>![IsEmpty(skin.string(menu41101.master)) | SubString(skin.string(menu41101.visible),off)] | Window.IsVisible(6000)</visible>
	</item>
	<item>
	<label fallback="31014">$VAR[value_menu41102.label]</label>
	<property name="condition">$INFO[skin.string(menu41102.visible)]</property>
	<property name="name">menu41102</property>
	<property name="id">$INFO[skin.string(menu41102.master)]</property>
	<onclick condition="Window.IsVisible(6000)">SetFocus(5000)</onclick>
	<onclick condition="Window.IsVisible(Home)">Dialog.Close(6411)</onclick>
	<onclick condition="Window.IsVisible(Home)">Skin.SetString(submenu_action,$VAR[value_menu41102.action])</onclick>
	<visible>![IsEmpty(skin.string(menu41102.master)) | SubString(skin.string(menu41102.visible),off)] | Window.IsVisible(6000)</visible>
	</item>
	<item>
	<label fallback="31014">$VAR[value_menu41103.label]</label>
	<property name="condition">$INFO[skin.string(menu41103.visible)]</property>
	<property name="name">menu41103</property>
	<property name="id">$INFO[skin.string(menu41103.master)]</property>
	<onclick condition="Window.IsVisible(6000)">SetFocus(5000)</onclick>
	<onclick condition="Window.IsVisible(Home)">Dialog.Close(6411)</onclick>
	<onclick condition="Window.IsVisible(Home)">Skin.SetString(submenu_action,$VAR[value_menu41103.action])</onclick>
	<visible>![IsEmpty(skin.string(menu41103.master)) | SubString(skin.string(menu41103.visible),off)] | Window.IsVisible(6000)</visible>
	</item>
	<item>
	<label fallback="31014">$VAR[value_menu41104.label]</label>
	<property name="condition">$INFO[skin.string(menu41104.visible)]</property>
	<property name="name">menu41104</property>
	<property name="id">$INFO[skin.string(menu41104.master)]</property>
	<onclick condition="Window.IsVisible(6000)">SetFocus(5000)</onclick>
	<onclick condition="Window.IsVisible(Home)">Dialog.Close(6411)</onclick>
	<onclick condition="Window.IsVisible(Home)">Skin.SetString(submenu_action,$VAR[value_menu41104.action])</onclick>
	<visible>![IsEmpty(skin.string(menu41104.master)) | SubString(skin.string(menu41104.visible),off)] | Window.IsVisible(6000)</visible>
	</item>
	<item>
	<label fallback="31014">$VAR[value_menu41105.label]</label>
	<property name="condition">$INFO[skin.string(menu41105.visible)]</property>
	<property name="name">menu41105</property>
	<property name="id">$INFO[skin.string(menu41105.master)]</property>
	<onclick condition="Window.IsVisible(6000)">SetFocus(5000)</onclick>
	<onclick condition="Window.IsVisible(Home)">Dialog.Close(6411)</onclick>
	<onclick condition="Window.IsVisible(Home)">Skin.SetString(submenu_action,$VAR[value_menu41105.action])</onclick>
	<visible>![IsEmpty(skin.string(menu41105.master)) | SubString(skin.string(menu41105.visible),off)] | Window.IsVisible(6000)</visible>
	</item>
	<item>
	<label fallback="31014">$VAR[value_menu41106.label]</label>
	<property name="condition">$INFO[skin.string(menu41106.visible)]</property>
	<property name="name">menu41106</property>
	<property name="id">$INFO[skin.string(menu41106.master)]</property>
	<onclick condition="Window.IsVisible(6000)">SetFocus(5000)</onclick>
	<onclick condition="Window.IsVisible(Home)">Dialog.Close(6411)</onclick>
	<onclick condition="Window.IsVisible(Home)">Skin.SetString(submenu_action,$VAR[value_menu41106.action])</onclick>
	<visible>![IsEmpty(skin.string(menu41106.master)) | SubString(skin.string(menu41106.visible),off)] | Window.IsVisible(6000)</visible>
	</item>
	<item>
	<label fallback="31014">$VAR[value_menu41107.label]</label>
	<property name="condition">$INFO[skin.string(menu41107.visible)]</property>
	<property name="name">menu41107</property>
	<property name="id">$INFO[skin.string(menu41107.master)]</property>
	<onclick condition="Window.IsVisible(6000)">SetFocus(5000)</onclick>
	<onclick condition="Window.IsVisible(Home)">Dialog.Close(6411)</onclick>
	<onclick condition="Window.IsVisible(Home)">Skin.SetString(submenu_action,$VAR[value_menu41107.action])</onclick>
	<visible>![IsEmpty(skin.string(menu41107.master)) | SubString(skin.string(menu41107.visible),off)] | Window.IsVisible(6000)</visible>
	</item>
	<item>
	<label fallback="31014">$VAR[value_menu41108.label]</label>
	<property name="condition">$INFO[skin.string(menu41108.visible)]</property>
	<property name="name">menu41108</property>
	<property name="id">$INFO[skin.string(menu41108.master)]</property>
	<onclick condition="Window.IsVisible(6000)">SetFocus(5000)</onclick>
	<onclick condition="Window.IsVisible(Home)">Dialog.Close(6411)</onclick>
	<onclick condition="Window.IsVisible(Home)">Skin.SetString(submenu_action,$VAR[value_menu41108.action])</onclick>
	<visible>![IsEmpty(skin.string(menu41108.master)) | SubString(skin.string(menu41108.visible),off)] | Window.IsVisible(6000)</visible>
	</item>
	<item>
	<label fallback="31014">$VAR[value_menu41109.label]</label>
	<property name="condition">$INFO[skin.string(menu41109.visible)]</property>
	<property name="name">menu41109</property>
	<property name="id">$INFO[skin.string(menu41109.master)]</property>
	<onclick condition="Window.IsVisible(6000)">SetFocus(5000)</onclick>
	<onclick condition="Window.IsVisible(Home)">Dialog.Close(6411)</onclick>
	<onclick condition="Window.IsVisible(Home)">Skin.SetString(submenu_action,$VAR[value_menu41109.action])</onclick>
	<visible>![IsEmpty(skin.string(menu41109.master)) | SubString(skin.string(menu41109.visible),off)] | Window.IsVisible(6000)</visible>
	</item>
	<item>
	<label fallback="31014">$VAR[value_menu41110.label]</label>
	<property name="condition">$INFO[skin.string(menu41110.visible)]</property>
	<property name="name">menu41110</property>
	<property name="id">$INFO[skin.string(menu41110.master)]</property>
	<onclick condition="Window.IsVisible(6000)">SetFocus(5000)</onclick>
	<onclick condition="Window.IsVisible(Home)">Dialog.Close(6411)</onclick>
	<onclick condition="Window.IsVisible(Home)">Skin.SetString(submenu_action,$VAR[value_menu41110.action])</onclick>
	<visible>![IsEmpty(skin.string(menu41110.master)) | SubString(skin.string(menu41110.visible),off)] | Window.IsVisible(6000)</visible>
	</item>
	<item>
	<label fallback="31014">$VAR[value_menu41111.label]</label>
	<property name="condition">$INFO[skin.string(menu41111.visible)]</property>
	<property name="name">menu41111</property>
	<property name="id">$INFO[skin.string(menu41111.master)]</property>
	<onclick condition="Window.IsVisible(6000)">SetFocus(5000)</onclick>
	<onclick condition="Window.IsVisible(Home)">Dialog.Close(6411)</onclick>
	<onclick condition="Window.IsVisible(Home)">Skin.SetString(submenu_action,$VAR[value_menu41111.action])</onclick>
	<visible>![IsEmpty(skin.string(menu41111.master)) | SubString(skin.string(menu41111.visible),off)] | Window.IsVisible(6000)</visible>
	</item>
	<item>
	<label fallback="31014">$VAR[value_menu41112.label]</label>
	<property name="condition">$INFO[skin.string(menu41112.visible)]</property>
	<property name="name">menu41112</property>
	<property name="id">$INFO[skin.string(menu41112.master)]</property>
	<onclick condition="Window.IsVisible(6000)">SetFocus(5000)</onclick>
	<onclick condition="Window.IsVisible(Home)">Dialog.Close(6411)</onclick>
	<onclick condition="Window.IsVisible(Home)">Skin.SetString(submenu_action,$VAR[value_menu41112.action])</onclick>
	<visible>![IsEmpty(skin.string(menu41112.master)) | SubString(skin.string(menu41112.visible),off)] | Window.IsVisible(6000)</visible>
	</item>
	<item>
	<label fallback="31014">$VAR[value_menu41113.label]</label>
	<property name="condition">$INFO[skin.string(menu41113.visible)]</property>
	<property name="name">menu41113</property>
	<property name="id">$INFO[skin.string(menu41113.master)]</property>
	<onclick condition="Window.IsVisible(6000)">SetFocus(5000)</onclick>
	<onclick condition="Window.IsVisible(Home)">Dialog.Close(6411)</onclick>
	<onclick condition="Window.IsVisible(Home)">Skin.SetString(submenu_action,$VAR[value_menu41113.action])</onclick>
	<visible>![IsEmpty(skin.string(menu41113.master)) | SubString(skin.string(menu41113.visible),off)] | Window.IsVisible(6000)</visible>
	</item>
	<item>
	<label fallback="31014">$VAR[value_menu41114.label]</label>
	<property name="condition">$INFO[skin.string(menu41114.visible)]</property>
	<property name="name">menu41114</property>
	<property name="id">$INFO[skin.string(menu41114.master)]</property>
	<onclick condition="Window.IsVisible(6000)">SetFocus(5000)</onclick>
	<onclick condition="Window.IsVisible(Home)">Dialog.Close(6411)</onclick>
	<onclick condition="Window.IsVisible(Home)">Skin.SetString(submenu_action,$VAR[value_menu41114.action])</onclick>
	<visible>![IsEmpty(skin.string(menu41114.master)) | SubString(skin.string(menu41114.visible),off)] | Window.IsVisible(6000)</visible>
	</item>
	<item>
	<label fallback="31014">$VAR[value_menu41115.label]</label>
	<property name="condition">$INFO[skin.string(menu41115.visible)]</property>
	<property name="name">menu41115</property>
	<property name="id">$INFO[skin.string(menu41115.master)]</property>
	<onclick condition="Window.IsVisible(6000)">SetFocus(5000)</onclick>
	<onclick condition="Window.IsVisible(Home)">Dialog.Close(6411)</onclick>
	<onclick condition="Window.IsVisible(Home)">Skin.SetString(submenu_action,$VAR[value_menu41115.action])</onclick>
	<visible>![IsEmpty(skin.string(menu41115.master)) | SubString(skin.string(menu41115.visible),off)] | Window.IsVisible(6000)</visible>
	</item>
	</content>
	</control>
	</control>
	</control>
	</controls>
</window>