<?xml version="1.0" encoding="UTF-8"?>
<window id="6113" type="dialog">
	<!-- Aeon MQ 7 -->
	<!-- V-Playlist 13 -->
	<defaultcontrol>-</defaultcontrol>
	<include>SubMenuCommon</include>
	<controls>
	<control type="group">
	<include condition="Window.IsVisible(6000)">MenuCustom</include>
	<control type="group">
	<!-- default group -->
	<include>Animation_SubMenu</include>
	<include condition="Window.IsVisible(6000)">SubmenuGoTo</include>
	<include condition="Window.IsVisible(Home)">SubMenuDefault</include>
	<control type="panel" id="9000">
	<include condition="Window.IsVisible(6000)">SubmenuCustomList</include>
	<include condition="Window.IsVisible(Home) + !Skin.HasSetting(mainmenuvertical)">SubmenuHList</include>
	<include condition="Window.IsVisible(Home) + Skin.HasSetting(mainmenuvertical)">SubmenuVList</include>
	<content>
	<item>
	<label fallback="31014">$VAR[value_menu11301.label]</label>
	<property name="condition">$INFO[skin.string(menu11301.visible)]</property>
	<property name="name">menu11301</property>
	<property name="id">$INFO[skin.string(menu11301.master)]</property>
	<onclick condition="Window.IsVisible(6000)">SetFocus(5000)</onclick>
	<onclick condition="Window.IsVisible(Home)">Dialog.Close(6113)</onclick>
	<onclick condition="Window.IsVisible(Home)">Skin.SetString(submenu_action,$VAR[value_menu11301.action])</onclick>
	<visible>![IsEmpty(skin.string(menu11301.master)) | SubString(skin.string(menu11301.visible),off)] | Window.IsVisible(6000)</visible>
	</item>
	<item>
	<label fallback="31014">$VAR[value_menu11302.label]</label>
	<property name="condition">$INFO[skin.string(menu11302.visible)]</property>
	<property name="name">menu11302</property>
	<property name="id">$INFO[skin.string(menu11302.master)]</property>
	<onclick condition="Window.IsVisible(6000)">SetFocus(5000)</onclick>
	<onclick condition="Window.IsVisible(Home)">Dialog.Close(6113)</onclick>
	<onclick condition="Window.IsVisible(Home)">Skin.SetString(submenu_action,$VAR[value_menu11302.action])</onclick>
	<visible>![IsEmpty(skin.string(menu11302.master)) | SubString(skin.string(menu11302.visible),off)] | Window.IsVisible(6000)</visible>
	</item>
	<item>
	<label fallback="31014">$VAR[value_menu11303.label]</label>
	<property name="condition">$INFO[skin.string(menu11303.visible)]</property>
	<property name="name">menu11303</property>
	<property name="id">$INFO[skin.string(menu11303.master)]</property>
	<onclick condition="Window.IsVisible(6000)">SetFocus(5000)</onclick>
	<onclick condition="Window.IsVisible(Home)">Dialog.Close(6113)</onclick>
	<onclick condition="Window.IsVisible(Home)">Skin.SetString(submenu_action,$VAR[value_menu11303.action])</onclick>
	<visible>![IsEmpty(skin.string(menu11303.master)) | SubString(skin.string(menu11303.visible),off)] | Window.IsVisible(6000)</visible>
	</item>
	<item>
	<label fallback="31014">$VAR[value_menu11304.label]</label>
	<property name="condition">$INFO[skin.string(menu11304.visible)]</property>
	<property name="name">menu11304</property>
	<property name="id">$INFO[skin.string(menu11304.master)]</property>
	<onclick condition="Window.IsVisible(6000)">SetFocus(5000)</onclick>
	<onclick condition="Window.IsVisible(Home)">Dialog.Close(6113)</onclick>
	<onclick condition="Window.IsVisible(Home)">Skin.SetString(submenu_action,$VAR[value_menu11304.action])</onclick>
	<visible>![IsEmpty(skin.string(menu11304.master)) | SubString(skin.string(menu11304.visible),off)] | Window.IsVisible(6000)</visible>
	</item>
	<item>
	<label fallback="31014">$VAR[value_menu11305.label]</label>
	<property name="condition">$INFO[skin.string(menu11305.visible)]</property>
	<property name="name">menu11305</property>
	<property name="id">$INFO[skin.string(menu11305.master)]</property>
	<onclick condition="Window.IsVisible(6000)">SetFocus(5000)</onclick>
	<onclick condition="Window.IsVisible(Home)">Dialog.Close(6113)</onclick>
	<onclick condition="Window.IsVisible(Home)">Skin.SetString(submenu_action,$VAR[value_menu11305.action])</onclick>
	<visible>![IsEmpty(skin.string(menu11305.master)) | SubString(skin.string(menu11305.visible),off)] | Window.IsVisible(6000)</visible>
	</item>
	<item>
	<label fallback="31014">$VAR[value_menu11306.label]</label>
	<property name="condition">$INFO[skin.string(menu11306.visible)]</property>
	<property name="name">menu11306</property>
	<property name="id">$INFO[skin.string(menu11306.master)]</property>
	<onclick condition="Window.IsVisible(6000)">SetFocus(5000)</onclick>
	<onclick condition="Window.IsVisible(Home)">Dialog.Close(6113)</onclick>
	<onclick condition="Window.IsVisible(Home)">Skin.SetString(submenu_action,$VAR[value_menu11306.action])</onclick>
	<visible>![IsEmpty(skin.string(menu11306.master)) | SubString(skin.string(menu11306.visible),off)] | Window.IsVisible(6000)</visible>
	</item>
	<item>
	<label fallback="31014">$VAR[value_menu11307.label]</label>
	<property name="condition">$INFO[skin.string(menu11307.visible)]</property>
	<property name="name">menu11307</property>
	<property name="id">$INFO[skin.string(menu11307.master)]</property>
	<onclick condition="Window.IsVisible(6000)">SetFocus(5000)</onclick>
	<onclick condition="Window.IsVisible(Home)">Dialog.Close(6113)</onclick>
	<onclick condition="Window.IsVisible(Home)">Skin.SetString(submenu_action,$VAR[value_menu11307.action])</onclick>
	<visible>![IsEmpty(skin.string(menu11307.master)) | SubString(skin.string(menu11307.visible),off)] | Window.IsVisible(6000)</visible>
	</item>
	<item>
	<label fallback="31014">$VAR[value_menu11308.label]</label>
	<property name="condition">$INFO[skin.string(menu11308.visible)]</property>
	<property name="name">menu11308</property>
	<property name="id">$INFO[skin.string(menu11308.master)]</property>
	<onclick condition="Window.IsVisible(6000)">SetFocus(5000)</onclick>
	<onclick condition="Window.IsVisible(Home)">Dialog.Close(6113)</onclick>
	<onclick condition="Window.IsVisible(Home)">Skin.SetString(submenu_action,$VAR[value_menu11308.action])</onclick>
	<visible>![IsEmpty(skin.string(menu11308.master)) | SubString(skin.string(menu11308.visible),off)] | Window.IsVisible(6000)</visible>
	</item>
	<item>
	<label fallback="31014">$VAR[value_menu11309.label]</label>
	<property name="condition">$INFO[skin.string(menu11309.visible)]</property>
	<property name="name">menu11309</property>
	<property name="id">$INFO[skin.string(menu11309.master)]</property>
	<onclick condition="Window.IsVisible(6000)">SetFocus(5000)</onclick>
	<onclick condition="Window.IsVisible(Home)">Dialog.Close(6113)</onclick>
	<onclick condition="Window.IsVisible(Home)">Skin.SetString(submenu_action,$VAR[value_menu11309.action])</onclick>
	<visible>![IsEmpty(skin.string(menu11309.master)) | SubString(skin.string(menu11309.visible),off)] | Window.IsVisible(6000)</visible>
	</item>
	<item>
	<label fallback="31014">$VAR[value_menu11310.label]</label>
	<property name="condition">$INFO[skin.string(menu11310.visible)]</property>
	<property name="name">menu11310</property>
	<property name="id">$INFO[skin.string(menu11310.master)]</property>
	<onclick condition="Window.IsVisible(6000)">SetFocus(5000)</onclick>
	<onclick condition="Window.IsVisible(Home)">Dialog.Close(6113)</onclick>
	<onclick condition="Window.IsVisible(Home)">Skin.SetString(submenu_action,$VAR[value_menu11310.action])</onclick>
	<visible>![IsEmpty(skin.string(menu11310.master)) | SubString(skin.string(menu11310.visible),off)] | Window.IsVisible(6000)</visible>
	</item>
	<item>
	<label fallback="31014">$VAR[value_menu11311.label]</label>
	<property name="condition">$INFO[skin.string(menu11311.visible)]</property>
	<property name="name">menu11311</property>
	<property name="id">$INFO[skin.string(menu11311.master)]</property>
	<onclick condition="Window.IsVisible(6000)">SetFocus(5000)</onclick>
	<onclick condition="Window.IsVisible(Home)">Dialog.Close(6113)</onclick>
	<onclick condition="Window.IsVisible(Home)">Skin.SetString(submenu_action,$VAR[value_menu11311.action])</onclick>
	<visible>![IsEmpty(skin.string(menu11311.master)) | SubString(skin.string(menu11311.visible),off)] | Window.IsVisible(6000)</visible>
	</item>
	<item>
	<label fallback="31014">$VAR[value_menu11312.label]</label>
	<property name="condition">$INFO[skin.string(menu11312.visible)]</property>
	<property name="name">menu11312</property>
	<property name="id">$INFO[skin.string(menu11312.master)]</property>
	<onclick condition="Window.IsVisible(6000)">SetFocus(5000)</onclick>
	<onclick condition="Window.IsVisible(Home)">Dialog.Close(6113)</onclick>
	<onclick condition="Window.IsVisible(Home)">Skin.SetString(submenu_action,$VAR[value_menu11312.action])</onclick>
	<visible>![IsEmpty(skin.string(menu11312.master)) | SubString(skin.string(menu11312.visible),off)] | Window.IsVisible(6000)</visible>
	</item>
	<item>
	<label fallback="31014">$VAR[value_menu11313.label]</label>
	<property name="condition">$INFO[skin.string(menu11313.visible)]</property>
	<property name="name">menu11313</property>
	<property name="id">$INFO[skin.string(menu11313.master)]</property>
	<onclick condition="Window.IsVisible(6000)">SetFocus(5000)</onclick>
	<onclick condition="Window.IsVisible(Home)">Dialog.Close(6113)</onclick>
	<onclick condition="Window.IsVisible(Home)">Skin.SetString(submenu_action,$VAR[value_menu11313.action])</onclick>
	<visible>![IsEmpty(skin.string(menu11313.master)) | SubString(skin.string(menu11313.visible),off)] | Window.IsVisible(6000)</visible>
	</item>
	<item>
	<label fallback="31014">$VAR[value_menu11314.label]</label>
	<property name="condition">$INFO[skin.string(menu11314.visible)]</property>
	<property name="name">menu11314</property>
	<property name="id">$INFO[skin.string(menu11314.master)]</property>
	<onclick condition="Window.IsVisible(6000)">SetFocus(5000)</onclick>
	<onclick condition="Window.IsVisible(Home)">Dialog.Close(6113)</onclick>
	<onclick condition="Window.IsVisible(Home)">Skin.SetString(submenu_action,$VAR[value_menu11314.action])</onclick>
	<visible>![IsEmpty(skin.string(menu11314.master)) | SubString(skin.string(menu11314.visible),off)] | Window.IsVisible(6000)</visible>
	</item>
	<item>
	<label fallback="31014">$VAR[value_menu11315.label]</label>
	<property name="condition">$INFO[skin.string(menu11315.visible)]</property>
	<property name="name">menu11315</property>
	<property name="id">$INFO[skin.string(menu11315.master)]</property>
	<onclick condition="Window.IsVisible(6000)">SetFocus(5000)</onclick>
	<onclick condition="Window.IsVisible(Home)">Dialog.Close(6113)</onclick>
	<onclick condition="Window.IsVisible(Home)">Skin.SetString(submenu_action,$VAR[value_menu11315.action])</onclick>
	<visible>![IsEmpty(skin.string(menu11315.master)) | SubString(skin.string(menu11315.visible),off)] | Window.IsVisible(6000)</visible>
	</item>
	</content>
	</control>
	</control>
	</control>
	</controls>
</window>