<?xml version="1.0" encoding="UTF-8"?>
<window id="6075" type="dialog">
	<!-- Aeon MQ 7 -->
	<!-- Ajustes da skin -->
	<defaultcontrol>-</defaultcontrol>
	<include>SubMenuCommon</include>
	<controls>
	<control type="group">
	<include condition="Window.IsVisible(6000)">MenuCustom</include>
	<control type="group">
	<!-- default group -->
	<include>Animation_SubMenu</include>
	<include condition="Window.IsVisible(6000)">SubmenuGoTo</include>
	<include condition="Window.IsVisible(Home)">SubMenuDefault</include>
	<control type="panel" id="9000">
	<include condition="Window.IsVisible(6000)">SubmenuCustomList</include>
	<include condition="Window.IsVisible(Home) + !Skin.HasSetting(mainmenuvertical)">SubmenuHList</include>
	<include condition="Window.IsVisible(Home) + Skin.HasSetting(mainmenuvertical)">SubmenuVList</include>
	<content>
	<item>
	<label fallback="31014">$VAR[value_menu7501.label]</label>
	<property name="condition">$INFO[skin.string(menu7501.visible)]</property>
	<property name="name">menu7501</property>
	<property name="id">$INFO[skin.string(menu7501.master)]</property>
	<onclick condition="Window.IsVisible(6000)">SetFocus(5000)</onclick>
	<onclick condition="Window.IsVisible(Home)">Dialog.Close(6075)</onclick>
	<onclick condition="Window.IsVisible(Home)">Skin.SetString(submenu_action,$VAR[value_menu7501.action])</onclick>
	<visible>![IsEmpty(skin.string(menu7501.master)) | SubString(skin.string(menu7501.visible),off)] | Window.IsVisible(6000)</visible>
	</item>
	<item>
	<label fallback="31014">$VAR[value_menu7502.label]</label>
	<property name="condition">$INFO[skin.string(menu7502.visible)]</property>
	<property name="name">menu7502</property>
	<property name="id">$INFO[skin.string(menu7502.master)]</property>
	<onclick condition="Window.IsVisible(6000)">SetFocus(5000)</onclick>
	<onclick condition="Window.IsVisible(Home)">Dialog.Close(6075)</onclick>
	<onclick condition="Window.IsVisible(Home)">Skin.SetString(submenu_action,$VAR[value_menu7502.action])</onclick>
	<visible>![IsEmpty(skin.string(menu7502.master)) | SubString(skin.string(menu7502.visible),off)] | Window.IsVisible(6000)</visible>
	</item>
	<item>
	<label fallback="31014">$VAR[value_menu7503.label]</label>
	<property name="condition">$INFO[skin.string(menu7503.visible)]</property>
	<property name="name">menu7503</property>
	<property name="id">$INFO[skin.string(menu7503.master)]</property>
	<onclick condition="Window.IsVisible(6000)">SetFocus(5000)</onclick>
	<onclick condition="Window.IsVisible(Home)">Dialog.Close(6075)</onclick>
	<onclick condition="Window.IsVisible(Home)">Skin.SetString(submenu_action,$VAR[value_menu7503.action])</onclick>
	<visible>![IsEmpty(skin.string(menu7503.master)) | SubString(skin.string(menu7503.visible),off)] | Window.IsVisible(6000)</visible>
	</item>
	<item>
	<label fallback="31014">$VAR[value_menu7504.label]</label>
	<property name="condition">$INFO[skin.string(menu7504.visible)]</property>
	<property name="name">menu7504</property>
	<property name="id">$INFO[skin.string(menu7504.master)]</property>
	<onclick condition="Window.IsVisible(6000)">SetFocus(5000)</onclick>
	<onclick condition="Window.IsVisible(Home)">Dialog.Close(6075)</onclick>
	<onclick condition="Window.IsVisible(Home)">Skin.SetString(submenu_action,$VAR[value_menu7504.action])</onclick>
	<visible>![IsEmpty(skin.string(menu7504.master)) | SubString(skin.string(menu7504.visible),off)] | Window.IsVisible(6000)</visible>
	</item>
	<item>
	<label fallback="31014">$VAR[value_menu7505.label]</label>
	<property name="condition">$INFO[skin.string(menu7505.visible)]</property>
	<property name="name">menu7505</property>
	<property name="id">$INFO[skin.string(menu7505.master)]</property>
	<onclick condition="Window.IsVisible(6000)">SetFocus(5000)</onclick>
	<onclick condition="Window.IsVisible(Home)">Dialog.Close(6075)</onclick>
	<onclick condition="Window.IsVisible(Home)">Skin.SetString(submenu_action,$VAR[value_menu7505.action])</onclick>
	<visible>![IsEmpty(skin.string(menu7505.master)) | SubString(skin.string(menu7505.visible),off)] | Window.IsVisible(6000)</visible>
	</item>
	<item>
	<label fallback="31014">$VAR[value_menu7506.label]</label>
	<property name="condition">$INFO[skin.string(menu7506.visible)]</property>
	<property name="name">menu7506</property>
	<property name="id">$INFO[skin.string(menu7506.master)]</property>
	<onclick condition="Window.IsVisible(6000)">SetFocus(5000)</onclick>
	<onclick condition="Window.IsVisible(Home)">Dialog.Close(6075)</onclick>
	<onclick condition="Window.IsVisible(Home)">Skin.SetString(submenu_action,$VAR[value_menu7506.action])</onclick>
	<visible>![IsEmpty(skin.string(menu7506.master)) | SubString(skin.string(menu7506.visible),off)] | Window.IsVisible(6000)</visible>
	</item>
	<item>
	<label fallback="31014">$VAR[value_menu7507.label]</label>
	<property name="condition">$INFO[skin.string(menu7507.visible)]</property>
	<property name="name">menu7507</property>
	<property name="id">$INFO[skin.string(menu7507.master)]</property>
	<onclick condition="Window.IsVisible(6000)">SetFocus(5000)</onclick>
	<onclick condition="Window.IsVisible(Home)">Dialog.Close(6075)</onclick>
	<onclick condition="Window.IsVisible(Home)">Skin.SetString(submenu_action,$VAR[value_menu7507.action])</onclick>
	<visible>![IsEmpty(skin.string(menu7507.master)) | SubString(skin.string(menu7507.visible),off)] | Window.IsVisible(6000)</visible>
	</item>
	<item>
	<label fallback="31014">$VAR[value_menu7508.label]</label>
	<property name="condition">$INFO[skin.string(menu7508.visible)]</property>
	<property name="name">menu7508</property>
	<property name="id">$INFO[skin.string(menu7508.master)]</property>
	<onclick condition="Window.IsVisible(6000)">SetFocus(5000)</onclick>
	<onclick condition="Window.IsVisible(Home)">Dialog.Close(6075)</onclick>
	<onclick condition="Window.IsVisible(Home)">Skin.SetString(submenu_action,$VAR[value_menu7508.action])</onclick>
	<visible>![IsEmpty(skin.string(menu7508.master)) | SubString(skin.string(menu7508.visible),off)] | Window.IsVisible(6000)</visible>
	</item>
	<item>
	<label fallback="31014">$VAR[value_menu7509.label]</label>
	<property name="condition">$INFO[skin.string(menu7509.visible)]</property>
	<property name="name">menu7509</property>
	<property name="id">$INFO[skin.string(menu7509.master)]</property>
	<onclick condition="Window.IsVisible(6000)">SetFocus(5000)</onclick>
	<onclick condition="Window.IsVisible(Home)">Dialog.Close(6075)</onclick>
	<onclick condition="Window.IsVisible(Home)">Skin.SetString(submenu_action,$VAR[value_menu7509.action])</onclick>
	<visible>![IsEmpty(skin.string(menu7509.master)) | SubString(skin.string(menu7509.visible),off)] | Window.IsVisible(6000)</visible>
	</item>
	<item>
	<label fallback="31014">$VAR[value_menu7510.label]</label>
	<property name="condition">$INFO[skin.string(menu7510.visible)]</property>
	<property name="name">menu7510</property>
	<property name="id">$INFO[skin.string(menu7510.master)]</property>
	<onclick condition="Window.IsVisible(6000)">SetFocus(5000)</onclick>
	<onclick condition="Window.IsVisible(Home)">Dialog.Close(6075)</onclick>
	<onclick condition="Window.IsVisible(Home)">Skin.SetString(submenu_action,$VAR[value_menu7510.action])</onclick>
	<visible>![IsEmpty(skin.string(menu7510.master)) | SubString(skin.string(menu7510.visible),off)] | Window.IsVisible(6000)</visible>
	</item>
	</content>
	</control>
	</control>
	</control>
	</controls>
</window>