<?xml version="1.0" encoding="UTF-8"?>
<window id="6115" type="dialog">
	<!-- Aeon MQ 7 -->
	<!-- V-Playlist 15 -->
	<defaultcontrol>-</defaultcontrol>
	<include>SubMenuCommon</include>
	<controls>
	<control type="group">
	<include condition="Window.IsVisible(6000)">MenuCustom</include>
	<control type="group">
	<!-- default group -->
	<include>Animation_SubMenu</include>
	<include condition="Window.IsVisible(6000)">SubmenuGoTo</include>
	<include condition="Window.IsVisible(Home)">SubMenuDefault</include>
	<control type="panel" id="9000">
	<include condition="Window.IsVisible(6000)">SubmenuCustomList</include>
	<include condition="Window.IsVisible(Home) + !Skin.HasSetting(mainmenuvertical)">SubmenuHList</include>
	<include condition="Window.IsVisible(Home) + Skin.HasSetting(mainmenuvertical)">SubmenuVList</include>
	<content>
	<item>
	<label fallback="31014">$VAR[value_menu11501.label]</label>
	<property name="condition">$INFO[skin.string(menu11501.visible)]</property>
	<property name="name">menu11501</property>
	<property name="id">$INFO[skin.string(menu11501.master)]</property>
	<onclick condition="Window.IsVisible(6000)">SetFocus(5000)</onclick>
	<onclick condition="Window.IsVisible(Home)">Dialog.Close(6115)</onclick>
	<onclick condition="Window.IsVisible(Home)">Skin.SetString(submenu_action,$VAR[value_menu11501.action])</onclick>
	<visible>![IsEmpty(skin.string(menu11501.master)) | SubString(skin.string(menu11501.visible),off)] | Window.IsVisible(6000)</visible>
	</item>
	<item>
	<label fallback="31014">$VAR[value_menu11502.label]</label>
	<property name="condition">$INFO[skin.string(menu11502.visible)]</property>
	<property name="name">menu11502</property>
	<property name="id">$INFO[skin.string(menu11502.master)]</property>
	<onclick condition="Window.IsVisible(6000)">SetFocus(5000)</onclick>
	<onclick condition="Window.IsVisible(Home)">Dialog.Close(6115)</onclick>
	<onclick condition="Window.IsVisible(Home)">Skin.SetString(submenu_action,$VAR[value_menu11502.action])</onclick>
	<visible>![IsEmpty(skin.string(menu11502.master)) | SubString(skin.string(menu11502.visible),off)] | Window.IsVisible(6000)</visible>
	</item>
	<item>
	<label fallback="31014">$VAR[value_menu11503.label]</label>
	<property name="condition">$INFO[skin.string(menu11503.visible)]</property>
	<property name="name">menu11503</property>
	<property name="id">$INFO[skin.string(menu11503.master)]</property>
	<onclick condition="Window.IsVisible(6000)">SetFocus(5000)</onclick>
	<onclick condition="Window.IsVisible(Home)">Dialog.Close(6115)</onclick>
	<onclick condition="Window.IsVisible(Home)">Skin.SetString(submenu_action,$VAR[value_menu11503.action])</onclick>
	<visible>![IsEmpty(skin.string(menu11503.master)) | SubString(skin.string(menu11503.visible),off)] | Window.IsVisible(6000)</visible>
	</item>
	<item>
	<label fallback="31014">$VAR[value_menu11504.label]</label>
	<property name="condition">$INFO[skin.string(menu11504.visible)]</property>
	<property name="name">menu11504</property>
	<property name="id">$INFO[skin.string(menu11504.master)]</property>
	<onclick condition="Window.IsVisible(6000)">SetFocus(5000)</onclick>
	<onclick condition="Window.IsVisible(Home)">Dialog.Close(6115)</onclick>
	<onclick condition="Window.IsVisible(Home)">Skin.SetString(submenu_action,$VAR[value_menu11504.action])</onclick>
	<visible>![IsEmpty(skin.string(menu11504.master)) | SubString(skin.string(menu11504.visible),off)] | Window.IsVisible(6000)</visible>
	</item>
	<item>
	<label fallback="31014">$VAR[value_menu11505.label]</label>
	<property name="condition">$INFO[skin.string(menu11505.visible)]</property>
	<property name="name">menu11505</property>
	<property name="id">$INFO[skin.string(menu11505.master)]</property>
	<onclick condition="Window.IsVisible(6000)">SetFocus(5000)</onclick>
	<onclick condition="Window.IsVisible(Home)">Dialog.Close(6115)</onclick>
	<onclick condition="Window.IsVisible(Home)">Skin.SetString(submenu_action,$VAR[value_menu11505.action])</onclick>
	<visible>![IsEmpty(skin.string(menu11505.master)) | SubString(skin.string(menu11505.visible),off)] | Window.IsVisible(6000)</visible>
	</item>
	<item>
	<label fallback="31014">$VAR[value_menu11506.label]</label>
	<property name="condition">$INFO[skin.string(menu11506.visible)]</property>
	<property name="name">menu11506</property>
	<property name="id">$INFO[skin.string(menu11506.master)]</property>
	<onclick condition="Window.IsVisible(6000)">SetFocus(5000)</onclick>
	<onclick condition="Window.IsVisible(Home)">Dialog.Close(6115)</onclick>
	<onclick condition="Window.IsVisible(Home)">Skin.SetString(submenu_action,$VAR[value_menu11506.action])</onclick>
	<visible>![IsEmpty(skin.string(menu11506.master)) | SubString(skin.string(menu11506.visible),off)] | Window.IsVisible(6000)</visible>
	</item>
	<item>
	<label fallback="31014">$VAR[value_menu11507.label]</label>
	<property name="condition">$INFO[skin.string(menu11507.visible)]</property>
	<property name="name">menu11507</property>
	<property name="id">$INFO[skin.string(menu11507.master)]</property>
	<onclick condition="Window.IsVisible(6000)">SetFocus(5000)</onclick>
	<onclick condition="Window.IsVisible(Home)">Dialog.Close(6115)</onclick>
	<onclick condition="Window.IsVisible(Home)">Skin.SetString(submenu_action,$VAR[value_menu11507.action])</onclick>
	<visible>![IsEmpty(skin.string(menu11507.master)) | SubString(skin.string(menu11507.visible),off)] | Window.IsVisible(6000)</visible>
	</item>
	<item>
	<label fallback="31014">$VAR[value_menu11508.label]</label>
	<property name="condition">$INFO[skin.string(menu11508.visible)]</property>
	<property name="name">menu11508</property>
	<property name="id">$INFO[skin.string(menu11508.master)]</property>
	<onclick condition="Window.IsVisible(6000)">SetFocus(5000)</onclick>
	<onclick condition="Window.IsVisible(Home)">Dialog.Close(6115)</onclick>
	<onclick condition="Window.IsVisible(Home)">Skin.SetString(submenu_action,$VAR[value_menu11508.action])</onclick>
	<visible>![IsEmpty(skin.string(menu11508.master)) | SubString(skin.string(menu11508.visible),off)] | Window.IsVisible(6000)</visible>
	</item>
	<item>
	<label fallback="31014">$VAR[value_menu11509.label]</label>
	<property name="condition">$INFO[skin.string(menu11509.visible)]</property>
	<property name="name">menu11509</property>
	<property name="id">$INFO[skin.string(menu11509.master)]</property>
	<onclick condition="Window.IsVisible(6000)">SetFocus(5000)</onclick>
	<onclick condition="Window.IsVisible(Home)">Dialog.Close(6115)</onclick>
	<onclick condition="Window.IsVisible(Home)">Skin.SetString(submenu_action,$VAR[value_menu11509.action])</onclick>
	<visible>![IsEmpty(skin.string(menu11509.master)) | SubString(skin.string(menu11509.visible),off)] | Window.IsVisible(6000)</visible>
	</item>
	<item>
	<label fallback="31014">$VAR[value_menu11510.label]</label>
	<property name="condition">$INFO[skin.string(menu11510.visible)]</property>
	<property name="name">menu11510</property>
	<property name="id">$INFO[skin.string(menu11510.master)]</property>
	<onclick condition="Window.IsVisible(6000)">SetFocus(5000)</onclick>
	<onclick condition="Window.IsVisible(Home)">Dialog.Close(6115)</onclick>
	<onclick condition="Window.IsVisible(Home)">Skin.SetString(submenu_action,$VAR[value_menu11510.action])</onclick>
	<visible>![IsEmpty(skin.string(menu11510.master)) | SubString(skin.string(menu11510.visible),off)] | Window.IsVisible(6000)</visible>
	</item>
	<item>
	<label fallback="31014">$VAR[value_menu11511.label]</label>
	<property name="condition">$INFO[skin.string(menu11511.visible)]</property>
	<property name="name">menu11511</property>
	<property name="id">$INFO[skin.string(menu11511.master)]</property>
	<onclick condition="Window.IsVisible(6000)">SetFocus(5000)</onclick>
	<onclick condition="Window.IsVisible(Home)">Dialog.Close(6115)</onclick>
	<onclick condition="Window.IsVisible(Home)">Skin.SetString(submenu_action,$VAR[value_menu11511.action])</onclick>
	<visible>![IsEmpty(skin.string(menu11511.master)) | SubString(skin.string(menu11511.visible),off)] | Window.IsVisible(6000)</visible>
	</item>
	<item>
	<label fallback="31014">$VAR[value_menu11512.label]</label>
	<property name="condition">$INFO[skin.string(menu11512.visible)]</property>
	<property name="name">menu11512</property>
	<property name="id">$INFO[skin.string(menu11512.master)]</property>
	<onclick condition="Window.IsVisible(6000)">SetFocus(5000)</onclick>
	<onclick condition="Window.IsVisible(Home)">Dialog.Close(6115)</onclick>
	<onclick condition="Window.IsVisible(Home)">Skin.SetString(submenu_action,$VAR[value_menu11512.action])</onclick>
	<visible>![IsEmpty(skin.string(menu11512.master)) | SubString(skin.string(menu11512.visible),off)] | Window.IsVisible(6000)</visible>
	</item>
	<item>
	<label fallback="31014">$VAR[value_menu11513.label]</label>
	<property name="condition">$INFO[skin.string(menu11513.visible)]</property>
	<property name="name">menu11513</property>
	<property name="id">$INFO[skin.string(menu11513.master)]</property>
	<onclick condition="Window.IsVisible(6000)">SetFocus(5000)</onclick>
	<onclick condition="Window.IsVisible(Home)">Dialog.Close(6115)</onclick>
	<onclick condition="Window.IsVisible(Home)">Skin.SetString(submenu_action,$VAR[value_menu11513.action])</onclick>
	<visible>![IsEmpty(skin.string(menu11513.master)) | SubString(skin.string(menu11513.visible),off)] | Window.IsVisible(6000)</visible>
	</item>
	<item>
	<label fallback="31014">$VAR[value_menu11514.label]</label>
	<property name="condition">$INFO[skin.string(menu11514.visible)]</property>
	<property name="name">menu11514</property>
	<property name="id">$INFO[skin.string(menu11514.master)]</property>
	<onclick condition="Window.IsVisible(6000)">SetFocus(5000)</onclick>
	<onclick condition="Window.IsVisible(Home)">Dialog.Close(6115)</onclick>
	<onclick condition="Window.IsVisible(Home)">Skin.SetString(submenu_action,$VAR[value_menu11514.action])</onclick>
	<visible>![IsEmpty(skin.string(menu11514.master)) | SubString(skin.string(menu11514.visible),off)] | Window.IsVisible(6000)</visible>
	</item>
	<item>
	<label fallback="31014">$VAR[value_menu11515.label]</label>
	<property name="condition">$INFO[skin.string(menu11515.visible)]</property>
	<property name="name">menu11515</property>
	<property name="id">$INFO[skin.string(menu11515.master)]</property>
	<onclick condition="Window.IsVisible(6000)">SetFocus(5000)</onclick>
	<onclick condition="Window.IsVisible(Home)">Dialog.Close(6115)</onclick>
	<onclick condition="Window.IsVisible(Home)">Skin.SetString(submenu_action,$VAR[value_menu11515.action])</onclick>
	<visible>![IsEmpty(skin.string(menu11515.master)) | SubString(skin.string(menu11515.visible),off)] | Window.IsVisible(6000)</visible>
	</item>
	</content>
	</control>
	</control>
	</control>
	</controls>
</window>