<?xml version="1.0" encoding="UTF-8"?>
<window id="6518" type="dialog">
	<!-- Aeon MQ 7 -->
	<!-- Addon 18 -->
	<defaultcontrol>-</defaultcontrol>
	<include>SubMenuCommon</include>
	<controls>
	<control type="group">
	<include condition="Window.IsVisible(6000)">MenuCustom</include>
	<control type="group">
	<!-- default group -->
	<include>Animation_SubMenu</include>
	<include condition="Window.IsVisible(6000)">SubmenuGoTo</include>
	<include condition="Window.IsVisible(Home)">SubMenuDefault</include>
	<control type="panel" id="9000">
	<include condition="Window.IsVisible(6000)">SubmenuCustomList</include>
	<include condition="Window.IsVisible(Home) + !Skin.HasSetting(mainmenuvertical)">SubmenuHList</include>
	<include condition="Window.IsVisible(Home) + Skin.HasSetting(mainmenuvertical)">SubmenuVList</include>
	<content>
	<item>
	<label fallback="31014">$VAR[value_menu51801.label]</label>
	<property name="condition">$INFO[skin.string(menu51801.visible)]</property>
	<property name="name">menu51801</property>
	<property name="id">$INFO[skin.string(menu51801.master)]</property>
	<onclick condition="Window.IsVisible(6000)">SetFocus(5000)</onclick>
	<onclick condition="Window.IsVisible(Home)">Dialog.Close(6518)</onclick>
	<onclick condition="Window.IsVisible(Home)">Skin.SetString(submenu_action,$VAR[value_menu51801.action])</onclick>
	<visible>![IsEmpty(skin.string(menu51801.master)) | SubString(skin.string(menu51801.visible),off)] | Window.IsVisible(6000)</visible>
	</item>
	<item>
	<label fallback="31014">$VAR[value_menu51802.label]</label>
	<property name="condition">$INFO[skin.string(menu51802.visible)]</property>
	<property name="name">menu51802</property>
	<property name="id">$INFO[skin.string(menu51802.master)]</property>
	<onclick condition="Window.IsVisible(6000)">SetFocus(5000)</onclick>
	<onclick condition="Window.IsVisible(Home)">Dialog.Close(6518)</onclick>
	<onclick condition="Window.IsVisible(Home)">Skin.SetString(submenu_action,$VAR[value_menu51802.action])</onclick>
	<visible>![IsEmpty(skin.string(menu51802.master)) | SubString(skin.string(menu51802.visible),off)] | Window.IsVisible(6000)</visible>
	</item>
	<item>
	<label fallback="31014">$VAR[value_menu51803.label]</label>
	<property name="condition">$INFO[skin.string(menu51803.visible)]</property>
	<property name="name">menu51803</property>
	<property name="id">$INFO[skin.string(menu51803.master)]</property>
	<onclick condition="Window.IsVisible(6000)">SetFocus(5000)</onclick>
	<onclick condition="Window.IsVisible(Home)">Dialog.Close(6518)</onclick>
	<onclick condition="Window.IsVisible(Home)">Skin.SetString(submenu_action,$VAR[value_menu51803.action])</onclick>
	<visible>![IsEmpty(skin.string(menu51803.master)) | SubString(skin.string(menu51803.visible),off)] | Window.IsVisible(6000)</visible>
	</item>
	<item>
	<label fallback="31014">$VAR[value_menu51804.label]</label>
	<property name="condition">$INFO[skin.string(menu51804.visible)]</property>
	<property name="name">menu51804</property>
	<property name="id">$INFO[skin.string(menu51804.master)]</property>
	<onclick condition="Window.IsVisible(6000)">SetFocus(5000)</onclick>
	<onclick condition="Window.IsVisible(Home)">Dialog.Close(6518)</onclick>
	<onclick condition="Window.IsVisible(Home)">Skin.SetString(submenu_action,$VAR[value_menu51804.action])</onclick>
	<visible>![IsEmpty(skin.string(menu51804.master)) | SubString(skin.string(menu51804.visible),off)] | Window.IsVisible(6000)</visible>
	</item>
	<item>
	<label fallback="31014">$VAR[value_menu51805.label]</label>
	<property name="condition">$INFO[skin.string(menu51805.visible)]</property>
	<property name="name">menu51805</property>
	<property name="id">$INFO[skin.string(menu51805.master)]</property>
	<onclick condition="Window.IsVisible(6000)">SetFocus(5000)</onclick>
	<onclick condition="Window.IsVisible(Home)">Dialog.Close(6518)</onclick>
	<onclick condition="Window.IsVisible(Home)">Skin.SetString(submenu_action,$VAR[value_menu51805.action])</onclick>
	<visible>![IsEmpty(skin.string(menu51805.master)) | SubString(skin.string(menu51805.visible),off)] | Window.IsVisible(6000)</visible>
	</item>
	<item>
	<label fallback="31014">$VAR[value_menu51806.label]</label>
	<property name="condition">$INFO[skin.string(menu51806.visible)]</property>
	<property name="name">menu51806</property>
	<property name="id">$INFO[skin.string(menu51806.master)]</property>
	<onclick condition="Window.IsVisible(6000)">SetFocus(5000)</onclick>
	<onclick condition="Window.IsVisible(Home)">Dialog.Close(6518)</onclick>
	<onclick condition="Window.IsVisible(Home)">Skin.SetString(submenu_action,$VAR[value_menu51806.action])</onclick>
	<visible>![IsEmpty(skin.string(menu51806.master)) | SubString(skin.string(menu51806.visible),off)] | Window.IsVisible(6000)</visible>
	</item>
	<item>
	<label fallback="31014">$VAR[value_menu51807.label]</label>
	<property name="condition">$INFO[skin.string(menu51807.visible)]</property>
	<property name="name">menu51807</property>
	<property name="id">$INFO[skin.string(menu51807.master)]</property>
	<onclick condition="Window.IsVisible(6000)">SetFocus(5000)</onclick>
	<onclick condition="Window.IsVisible(Home)">Dialog.Close(6518)</onclick>
	<onclick condition="Window.IsVisible(Home)">Skin.SetString(submenu_action,$VAR[value_menu51807.action])</onclick>
	<visible>![IsEmpty(skin.string(menu51807.master)) | SubString(skin.string(menu51807.visible),off)] | Window.IsVisible(6000)</visible>
	</item>
	<item>
	<label fallback="31014">$VAR[value_menu51808.label]</label>
	<property name="condition">$INFO[skin.string(menu51808.visible)]</property>
	<property name="name">menu51808</property>
	<property name="id">$INFO[skin.string(menu51808.master)]</property>
	<onclick condition="Window.IsVisible(6000)">SetFocus(5000)</onclick>
	<onclick condition="Window.IsVisible(Home)">Dialog.Close(6518)</onclick>
	<onclick condition="Window.IsVisible(Home)">Skin.SetString(submenu_action,$VAR[value_menu51808.action])</onclick>
	<visible>![IsEmpty(skin.string(menu51808.master)) | SubString(skin.string(menu51808.visible),off)] | Window.IsVisible(6000)</visible>
	</item>
	<item>
	<label fallback="31014">$VAR[value_menu51809.label]</label>
	<property name="condition">$INFO[skin.string(menu51809.visible)]</property>
	<property name="name">menu51809</property>
	<property name="id">$INFO[skin.string(menu51809.master)]</property>
	<onclick condition="Window.IsVisible(6000)">SetFocus(5000)</onclick>
	<onclick condition="Window.IsVisible(Home)">Dialog.Close(6518)</onclick>
	<onclick condition="Window.IsVisible(Home)">Skin.SetString(submenu_action,$VAR[value_menu51809.action])</onclick>
	<visible>![IsEmpty(skin.string(menu51809.master)) | SubString(skin.string(menu51809.visible),off)] | Window.IsVisible(6000)</visible>
	</item>
	<item>
	<label fallback="31014">$VAR[value_menu51810.label]</label>
	<property name="condition">$INFO[skin.string(menu51810.visible)]</property>
	<property name="name">menu51810</property>
	<property name="id">$INFO[skin.string(menu51810.master)]</property>
	<onclick condition="Window.IsVisible(6000)">SetFocus(5000)</onclick>
	<onclick condition="Window.IsVisible(Home)">Dialog.Close(6518)</onclick>
	<onclick condition="Window.IsVisible(Home)">Skin.SetString(submenu_action,$VAR[value_menu51810.action])</onclick>
	<visible>![IsEmpty(skin.string(menu51810.master)) | SubString(skin.string(menu51810.visible),off)] | Window.IsVisible(6000)</visible>
	</item>
	<item>
	<label fallback="31014">$VAR[value_menu51811.label]</label>
	<property name="condition">$INFO[skin.string(menu51811.visible)]</property>
	<property name="name">menu51811</property>
	<property name="id">$INFO[skin.string(menu51811.master)]</property>
	<onclick condition="Window.IsVisible(6000)">SetFocus(5000)</onclick>
	<onclick condition="Window.IsVisible(Home)">Dialog.Close(6518)</onclick>
	<onclick condition="Window.IsVisible(Home)">Skin.SetString(submenu_action,$VAR[value_menu51811.action])</onclick>
	<visible>![IsEmpty(skin.string(menu51811.master)) | SubString(skin.string(menu51811.visible),off)] | Window.IsVisible(6000)</visible>
	</item>
	<item>
	<label fallback="31014">$VAR[value_menu51812.label]</label>
	<property name="condition">$INFO[skin.string(menu51812.visible)]</property>
	<property name="name">menu51812</property>
	<property name="id">$INFO[skin.string(menu51812.master)]</property>
	<onclick condition="Window.IsVisible(6000)">SetFocus(5000)</onclick>
	<onclick condition="Window.IsVisible(Home)">Dialog.Close(6518)</onclick>
	<onclick condition="Window.IsVisible(Home)">Skin.SetString(submenu_action,$VAR[value_menu51812.action])</onclick>
	<visible>![IsEmpty(skin.string(menu51812.master)) | SubString(skin.string(menu51812.visible),off)] | Window.IsVisible(6000)</visible>
	</item>
	<item>
	<label fallback="31014">$VAR[value_menu51813.label]</label>
	<property name="condition">$INFO[skin.string(menu51813.visible)]</property>
	<property name="name">menu51813</property>
	<property name="id">$INFO[skin.string(menu51813.master)]</property>
	<onclick condition="Window.IsVisible(6000)">SetFocus(5000)</onclick>
	<onclick condition="Window.IsVisible(Home)">Dialog.Close(6518)</onclick>
	<onclick condition="Window.IsVisible(Home)">Skin.SetString(submenu_action,$VAR[value_menu51813.action])</onclick>
	<visible>![IsEmpty(skin.string(menu51813.master)) | SubString(skin.string(menu51813.visible),off)] | Window.IsVisible(6000)</visible>
	</item>
	<item>
	<label fallback="31014">$VAR[value_menu51814.label]</label>
	<property name="condition">$INFO[skin.string(menu51814.visible)]</property>
	<property name="name">menu51814</property>
	<property name="id">$INFO[skin.string(menu51814.master)]</property>
	<onclick condition="Window.IsVisible(6000)">SetFocus(5000)</onclick>
	<onclick condition="Window.IsVisible(Home)">Dialog.Close(6518)</onclick>
	<onclick condition="Window.IsVisible(Home)">Skin.SetString(submenu_action,$VAR[value_menu51814.action])</onclick>
	<visible>![IsEmpty(skin.string(menu51814.master)) | SubString(skin.string(menu51814.visible),off)] | Window.IsVisible(6000)</visible>
	</item>
	<item>
	<label fallback="31014">$VAR[value_menu51815.label]</label>
	<property name="condition">$INFO[skin.string(menu51815.visible)]</property>
	<property name="name">menu51815</property>
	<property name="id">$INFO[skin.string(menu51815.master)]</property>
	<onclick condition="Window.IsVisible(6000)">SetFocus(5000)</onclick>
	<onclick condition="Window.IsVisible(Home)">Dialog.Close(6518)</onclick>
	<onclick condition="Window.IsVisible(Home)">Skin.SetString(submenu_action,$VAR[value_menu51815.action])</onclick>
	<visible>![IsEmpty(skin.string(menu51815.master)) | SubString(skin.string(menu51815.visible),off)] | Window.IsVisible(6000)</visible>
	</item>
	</content>
	</control>
	</control>
	</control>
	</controls>
</window>