<?xml version="1.0" encoding="UTF-8"?>
<window id="6216" type="dialog">
	<!-- Aeon MQ 7 -->
	<!-- A-Playlist 16 -->
	<defaultcontrol>-</defaultcontrol>
	<include>SubMenuCommon</include>
	<controls>
	<control type="group">
	<include condition="Window.IsVisible(6000)">MenuCustom</include>
	<control type="group">
	<!-- default group -->
	<include>Animation_SubMenu</include>
	<include condition="Window.IsVisible(6000)">SubmenuGoTo</include>
	<include condition="Window.IsVisible(Home)">SubMenuDefault</include>
	<control type="panel" id="9000">
	<include condition="Window.IsVisible(6000)">SubmenuCustomList</include>
	<include condition="Window.IsVisible(Home) + !Skin.HasSetting(mainmenuvertical)">SubmenuHList</include>
	<include condition="Window.IsVisible(Home) + Skin.HasSetting(mainmenuvertical)">SubmenuVList</include>
	<content>
	<item>
	<label fallback="31014">$VAR[value_menu21601.label]</label>
	<property name="condition">$INFO[skin.string(menu21601.visible)]</property>
	<property name="name">menu21601</property>
	<property name="id">$INFO[skin.string(menu21601.master)]</property>
	<onclick condition="Window.IsVisible(6000)">SetFocus(5000)</onclick>
	<onclick condition="Window.IsVisible(Home)">Dialog.Close(6216)</onclick>
	<onclick condition="Window.IsVisible(Home)">Skin.SetString(submenu_action,$VAR[value_menu21601.action])</onclick>
	<visible>![IsEmpty(skin.string(menu21601.master)) | SubString(skin.string(menu21601.visible),off)] | Window.IsVisible(6000)</visible>
	</item>
	<item>
	<label fallback="31014">$VAR[value_menu21602.label]</label>
	<property name="condition">$INFO[skin.string(menu21602.visible)]</property>
	<property name="name">menu21602</property>
	<property name="id">$INFO[skin.string(menu21602.master)]</property>
	<onclick condition="Window.IsVisible(6000)">SetFocus(5000)</onclick>
	<onclick condition="Window.IsVisible(Home)">Dialog.Close(6216)</onclick>
	<onclick condition="Window.IsVisible(Home)">Skin.SetString(submenu_action,$VAR[value_menu21602.action])</onclick>
	<visible>![IsEmpty(skin.string(menu21602.master)) | SubString(skin.string(menu21602.visible),off)] | Window.IsVisible(6000)</visible>
	</item>
	<item>
	<label fallback="31014">$VAR[value_menu21603.label]</label>
	<property name="condition">$INFO[skin.string(menu21603.visible)]</property>
	<property name="name">menu21603</property>
	<property name="id">$INFO[skin.string(menu21603.master)]</property>
	<onclick condition="Window.IsVisible(6000)">SetFocus(5000)</onclick>
	<onclick condition="Window.IsVisible(Home)">Dialog.Close(6216)</onclick>
	<onclick condition="Window.IsVisible(Home)">Skin.SetString(submenu_action,$VAR[value_menu21603.action])</onclick>
	<visible>![IsEmpty(skin.string(menu21603.master)) | SubString(skin.string(menu21603.visible),off)] | Window.IsVisible(6000)</visible>
	</item>
	<item>
	<label fallback="31014">$VAR[value_menu21604.label]</label>
	<property name="condition">$INFO[skin.string(menu21604.visible)]</property>
	<property name="name">menu21604</property>
	<property name="id">$INFO[skin.string(menu21604.master)]</property>
	<onclick condition="Window.IsVisible(6000)">SetFocus(5000)</onclick>
	<onclick condition="Window.IsVisible(Home)">Dialog.Close(6216)</onclick>
	<onclick condition="Window.IsVisible(Home)">Skin.SetString(submenu_action,$VAR[value_menu21604.action])</onclick>
	<visible>![IsEmpty(skin.string(menu21604.master)) | SubString(skin.string(menu21604.visible),off)] | Window.IsVisible(6000)</visible>
	</item>
	<item>
	<label fallback="31014">$VAR[value_menu21605.label]</label>
	<property name="condition">$INFO[skin.string(menu21605.visible)]</property>
	<property name="name">menu21605</property>
	<property name="id">$INFO[skin.string(menu21605.master)]</property>
	<onclick condition="Window.IsVisible(6000)">SetFocus(5000)</onclick>
	<onclick condition="Window.IsVisible(Home)">Dialog.Close(6216)</onclick>
	<onclick condition="Window.IsVisible(Home)">Skin.SetString(submenu_action,$VAR[value_menu21605.action])</onclick>
	<visible>![IsEmpty(skin.string(menu21605.master)) | SubString(skin.string(menu21605.visible),off)] | Window.IsVisible(6000)</visible>
	</item>
	<item>
	<label fallback="31014">$VAR[value_menu21606.label]</label>
	<property name="condition">$INFO[skin.string(menu21606.visible)]</property>
	<property name="name">menu21606</property>
	<property name="id">$INFO[skin.string(menu21606.master)]</property>
	<onclick condition="Window.IsVisible(6000)">SetFocus(5000)</onclick>
	<onclick condition="Window.IsVisible(Home)">Dialog.Close(6216)</onclick>
	<onclick condition="Window.IsVisible(Home)">Skin.SetString(submenu_action,$VAR[value_menu21606.action])</onclick>
	<visible>![IsEmpty(skin.string(menu21606.master)) | SubString(skin.string(menu21606.visible),off)] | Window.IsVisible(6000)</visible>
	</item>
	<item>
	<label fallback="31014">$VAR[value_menu21607.label]</label>
	<property name="condition">$INFO[skin.string(menu21607.visible)]</property>
	<property name="name">menu21607</property>
	<property name="id">$INFO[skin.string(menu21607.master)]</property>
	<onclick condition="Window.IsVisible(6000)">SetFocus(5000)</onclick>
	<onclick condition="Window.IsVisible(Home)">Dialog.Close(6216)</onclick>
	<onclick condition="Window.IsVisible(Home)">Skin.SetString(submenu_action,$VAR[value_menu21607.action])</onclick>
	<visible>![IsEmpty(skin.string(menu21607.master)) | SubString(skin.string(menu21607.visible),off)] | Window.IsVisible(6000)</visible>
	</item>
	<item>
	<label fallback="31014">$VAR[value_menu21608.label]</label>
	<property name="condition">$INFO[skin.string(menu21608.visible)]</property>
	<property name="name">menu21608</property>
	<property name="id">$INFO[skin.string(menu21608.master)]</property>
	<onclick condition="Window.IsVisible(6000)">SetFocus(5000)</onclick>
	<onclick condition="Window.IsVisible(Home)">Dialog.Close(6216)</onclick>
	<onclick condition="Window.IsVisible(Home)">Skin.SetString(submenu_action,$VAR[value_menu21608.action])</onclick>
	<visible>![IsEmpty(skin.string(menu21608.master)) | SubString(skin.string(menu21608.visible),off)] | Window.IsVisible(6000)</visible>
	</item>
	<item>
	<label fallback="31014">$VAR[value_menu21609.label]</label>
	<property name="condition">$INFO[skin.string(menu21609.visible)]</property>
	<property name="name">menu21609</property>
	<property name="id">$INFO[skin.string(menu21609.master)]</property>
	<onclick condition="Window.IsVisible(6000)">SetFocus(5000)</onclick>
	<onclick condition="Window.IsVisible(Home)">Dialog.Close(6216)</onclick>
	<onclick condition="Window.IsVisible(Home)">Skin.SetString(submenu_action,$VAR[value_menu21609.action])</onclick>
	<visible>![IsEmpty(skin.string(menu21609.master)) | SubString(skin.string(menu21609.visible),off)] | Window.IsVisible(6000)</visible>
	</item>
	<item>
	<label fallback="31014">$VAR[value_menu21610.label]</label>
	<property name="condition">$INFO[skin.string(menu21610.visible)]</property>
	<property name="name">menu21610</property>
	<property name="id">$INFO[skin.string(menu21610.master)]</property>
	<onclick condition="Window.IsVisible(6000)">SetFocus(5000)</onclick>
	<onclick condition="Window.IsVisible(Home)">Dialog.Close(6216)</onclick>
	<onclick condition="Window.IsVisible(Home)">Skin.SetString(submenu_action,$VAR[value_menu21610.action])</onclick>
	<visible>![IsEmpty(skin.string(menu21610.master)) | SubString(skin.string(menu21610.visible),off)] | Window.IsVisible(6000)</visible>
	</item>
	<item>
	<label fallback="31014">$VAR[value_menu21611.label]</label>
	<property name="condition">$INFO[skin.string(menu21611.visible)]</property>
	<property name="name">menu21611</property>
	<property name="id">$INFO[skin.string(menu21611.master)]</property>
	<onclick condition="Window.IsVisible(6000)">SetFocus(5000)</onclick>
	<onclick condition="Window.IsVisible(Home)">Dialog.Close(6216)</onclick>
	<onclick condition="Window.IsVisible(Home)">Skin.SetString(submenu_action,$VAR[value_menu21611.action])</onclick>
	<visible>![IsEmpty(skin.string(menu21611.master)) | SubString(skin.string(menu21611.visible),off)] | Window.IsVisible(6000)</visible>
	</item>
	<item>
	<label fallback="31014">$VAR[value_menu21612.label]</label>
	<property name="condition">$INFO[skin.string(menu21612.visible)]</property>
	<property name="name">menu21612</property>
	<property name="id">$INFO[skin.string(menu21612.master)]</property>
	<onclick condition="Window.IsVisible(6000)">SetFocus(5000)</onclick>
	<onclick condition="Window.IsVisible(Home)">Dialog.Close(6216)</onclick>
	<onclick condition="Window.IsVisible(Home)">Skin.SetString(submenu_action,$VAR[value_menu21612.action])</onclick>
	<visible>![IsEmpty(skin.string(menu21612.master)) | SubString(skin.string(menu21612.visible),off)] | Window.IsVisible(6000)</visible>
	</item>
	<item>
	<label fallback="31014">$VAR[value_menu21613.label]</label>
	<property name="condition">$INFO[skin.string(menu21613.visible)]</property>
	<property name="name">menu21613</property>
	<property name="id">$INFO[skin.string(menu21613.master)]</property>
	<onclick condition="Window.IsVisible(6000)">SetFocus(5000)</onclick>
	<onclick condition="Window.IsVisible(Home)">Dialog.Close(6216)</onclick>
	<onclick condition="Window.IsVisible(Home)">Skin.SetString(submenu_action,$VAR[value_menu21613.action])</onclick>
	<visible>![IsEmpty(skin.string(menu21613.master)) | SubString(skin.string(menu21613.visible),off)] | Window.IsVisible(6000)</visible>
	</item>
	<item>
	<label fallback="31014">$VAR[value_menu21614.label]</label>
	<property name="condition">$INFO[skin.string(menu21614.visible)]</property>
	<property name="name">menu21614</property>
	<property name="id">$INFO[skin.string(menu21614.master)]</property>
	<onclick condition="Window.IsVisible(6000)">SetFocus(5000)</onclick>
	<onclick condition="Window.IsVisible(Home)">Dialog.Close(6216)</onclick>
	<onclick condition="Window.IsVisible(Home)">Skin.SetString(submenu_action,$VAR[value_menu21614.action])</onclick>
	<visible>![IsEmpty(skin.string(menu21614.master)) | SubString(skin.string(menu21614.visible),off)] | Window.IsVisible(6000)</visible>
	</item>
	<item>
	<label fallback="31014">$VAR[value_menu21615.label]</label>
	<property name="condition">$INFO[skin.string(menu21615.visible)]</property>
	<property name="name">menu21615</property>
	<property name="id">$INFO[skin.string(menu21615.master)]</property>
	<onclick condition="Window.IsVisible(6000)">SetFocus(5000)</onclick>
	<onclick condition="Window.IsVisible(Home)">Dialog.Close(6216)</onclick>
	<onclick condition="Window.IsVisible(Home)">Skin.SetString(submenu_action,$VAR[value_menu21615.action])</onclick>
	<visible>![IsEmpty(skin.string(menu21615.master)) | SubString(skin.string(menu21615.visible),off)] | Window.IsVisible(6000)</visible>
	</item>
	</content>
	</control>
	</control>
	</control>
	</controls>
</window>