<?xml version="1.0" encoding="UTF-8"?>
<window id="6302" type="dialog">
	<!-- Aeon MQ 7 -->
	<!-- Vnode 2 -->
	<defaultcontrol>-</defaultcontrol>
	<include>SubMenuCommon</include>
	<controls>
	<control type="group">
	<include condition="Window.IsVisible(6000)">MenuCustom</include>
	<control type="group">
	<!-- default group -->
	<include>Animation_SubMenu</include>
	<include condition="Window.IsVisible(6000)">SubmenuGoTo</include>
	<include condition="Window.IsVisible(Home)">SubMenuDefault</include>
	<control type="panel" id="9000">
	<include condition="Window.IsVisible(6000)">SubmenuCustomList</include>
	<include condition="Window.IsVisible(Home) + !Skin.HasSetting(mainmenuvertical)">SubmenuHList</include>
	<include condition="Window.IsVisible(Home) + Skin.HasSetting(mainmenuvertical)">SubmenuVList</include>
	<content>
	<item>
	<label fallback="31014">$VAR[value_menu30201.label]</label>
	<property name="condition">$INFO[skin.string(menu30201.visible)]</property>
	<property name="name">menu30201</property>
	<property name="id">$INFO[skin.string(menu30201.master)]</property>
	<onclick condition="Window.IsVisible(6000)">SetFocus(5000)</onclick>
	<onclick condition="Window.IsVisible(Home)">Dialog.Close(6302)</onclick>
	<onclick condition="Window.IsVisible(Home)">Skin.SetString(submenu_action,$VAR[value_menu30201.action])</onclick>
	<visible>![IsEmpty(skin.string(menu30201.master)) | SubString(skin.string(menu30201.visible),off)] | Window.IsVisible(6000)</visible>
	</item>
	<item>
	<label fallback="31014">$VAR[value_menu30202.label]</label>
	<property name="condition">$INFO[skin.string(menu30202.visible)]</property>
	<property name="name">menu30202</property>
	<property name="id">$INFO[skin.string(menu30202.master)]</property>
	<onclick condition="Window.IsVisible(6000)">SetFocus(5000)</onclick>
	<onclick condition="Window.IsVisible(Home)">Dialog.Close(6302)</onclick>
	<onclick condition="Window.IsVisible(Home)">Skin.SetString(submenu_action,$VAR[value_menu30202.action])</onclick>
	<visible>![IsEmpty(skin.string(menu30202.master)) | SubString(skin.string(menu30202.visible),off)] | Window.IsVisible(6000)</visible>
	</item>
	<item>
	<label fallback="31014">$VAR[value_menu30203.label]</label>
	<property name="condition">$INFO[skin.string(menu30203.visible)]</property>
	<property name="name">menu30203</property>
	<property name="id">$INFO[skin.string(menu30203.master)]</property>
	<onclick condition="Window.IsVisible(6000)">SetFocus(5000)</onclick>
	<onclick condition="Window.IsVisible(Home)">Dialog.Close(6302)</onclick>
	<onclick condition="Window.IsVisible(Home)">Skin.SetString(submenu_action,$VAR[value_menu30203.action])</onclick>
	<visible>![IsEmpty(skin.string(menu30203.master)) | SubString(skin.string(menu30203.visible),off)] | Window.IsVisible(6000)</visible>
	</item>
	<item>
	<label fallback="31014">$VAR[value_menu30204.label]</label>
	<property name="condition">$INFO[skin.string(menu30204.visible)]</property>
	<property name="name">menu30204</property>
	<property name="id">$INFO[skin.string(menu30204.master)]</property>
	<onclick condition="Window.IsVisible(6000)">SetFocus(5000)</onclick>
	<onclick condition="Window.IsVisible(Home)">Dialog.Close(6302)</onclick>
	<onclick condition="Window.IsVisible(Home)">Skin.SetString(submenu_action,$VAR[value_menu30204.action])</onclick>
	<visible>![IsEmpty(skin.string(menu30204.master)) | SubString(skin.string(menu30204.visible),off)] | Window.IsVisible(6000)</visible>
	</item>
	<item>
	<label fallback="31014">$VAR[value_menu30205.label]</label>
	<property name="condition">$INFO[skin.string(menu30205.visible)]</property>
	<property name="name">menu30205</property>
	<property name="id">$INFO[skin.string(menu30205.master)]</property>
	<onclick condition="Window.IsVisible(6000)">SetFocus(5000)</onclick>
	<onclick condition="Window.IsVisible(Home)">Dialog.Close(6302)</onclick>
	<onclick condition="Window.IsVisible(Home)">Skin.SetString(submenu_action,$VAR[value_menu30205.action])</onclick>
	<visible>![IsEmpty(skin.string(menu30205.master)) | SubString(skin.string(menu30205.visible),off)] | Window.IsVisible(6000)</visible>
	</item>
	<item>
	<label fallback="31014">$VAR[value_menu30206.label]</label>
	<property name="condition">$INFO[skin.string(menu30206.visible)]</property>
	<property name="name">menu30206</property>
	<property name="id">$INFO[skin.string(menu30206.master)]</property>
	<onclick condition="Window.IsVisible(6000)">SetFocus(5000)</onclick>
	<onclick condition="Window.IsVisible(Home)">Dialog.Close(6302)</onclick>
	<onclick condition="Window.IsVisible(Home)">Skin.SetString(submenu_action,$VAR[value_menu30206.action])</onclick>
	<visible>![IsEmpty(skin.string(menu30206.master)) | SubString(skin.string(menu30206.visible),off)] | Window.IsVisible(6000)</visible>
	</item>
	<item>
	<label fallback="31014">$VAR[value_menu30207.label]</label>
	<property name="condition">$INFO[skin.string(menu30207.visible)]</property>
	<property name="name">menu30207</property>
	<property name="id">$INFO[skin.string(menu30207.master)]</property>
	<onclick condition="Window.IsVisible(6000)">SetFocus(5000)</onclick>
	<onclick condition="Window.IsVisible(Home)">Dialog.Close(6302)</onclick>
	<onclick condition="Window.IsVisible(Home)">Skin.SetString(submenu_action,$VAR[value_menu30207.action])</onclick>
	<visible>![IsEmpty(skin.string(menu30207.master)) | SubString(skin.string(menu30207.visible),off)] | Window.IsVisible(6000)</visible>
	</item>
	<item>
	<label fallback="31014">$VAR[value_menu30208.label]</label>
	<property name="condition">$INFO[skin.string(menu30208.visible)]</property>
	<property name="name">menu30208</property>
	<property name="id">$INFO[skin.string(menu30208.master)]</property>
	<onclick condition="Window.IsVisible(6000)">SetFocus(5000)</onclick>
	<onclick condition="Window.IsVisible(Home)">Dialog.Close(6302)</onclick>
	<onclick condition="Window.IsVisible(Home)">Skin.SetString(submenu_action,$VAR[value_menu30208.action])</onclick>
	<visible>![IsEmpty(skin.string(menu30208.master)) | SubString(skin.string(menu30208.visible),off)] | Window.IsVisible(6000)</visible>
	</item>
	<item>
	<label fallback="31014">$VAR[value_menu30209.label]</label>
	<property name="condition">$INFO[skin.string(menu30209.visible)]</property>
	<property name="name">menu30209</property>
	<property name="id">$INFO[skin.string(menu30209.master)]</property>
	<onclick condition="Window.IsVisible(6000)">SetFocus(5000)</onclick>
	<onclick condition="Window.IsVisible(Home)">Dialog.Close(6302)</onclick>
	<onclick condition="Window.IsVisible(Home)">Skin.SetString(submenu_action,$VAR[value_menu30209.action])</onclick>
	<visible>![IsEmpty(skin.string(menu30209.master)) | SubString(skin.string(menu30209.visible),off)] | Window.IsVisible(6000)</visible>
	</item>
	<item>
	<label fallback="31014">$VAR[value_menu30210.label]</label>
	<property name="condition">$INFO[skin.string(menu30210.visible)]</property>
	<property name="name">menu30210</property>
	<property name="id">$INFO[skin.string(menu30210.master)]</property>
	<onclick condition="Window.IsVisible(6000)">SetFocus(5000)</onclick>
	<onclick condition="Window.IsVisible(Home)">Dialog.Close(6302)</onclick>
	<onclick condition="Window.IsVisible(Home)">Skin.SetString(submenu_action,$VAR[value_menu30210.action])</onclick>
	<visible>![IsEmpty(skin.string(menu30210.master)) | SubString(skin.string(menu30210.visible),off)] | Window.IsVisible(6000)</visible>
	</item>
	<item>
	<label fallback="31014">$VAR[value_menu30211.label]</label>
	<property name="condition">$INFO[skin.string(menu30211.visible)]</property>
	<property name="name">menu30211</property>
	<property name="id">$INFO[skin.string(menu30211.master)]</property>
	<onclick condition="Window.IsVisible(6000)">SetFocus(5000)</onclick>
	<onclick condition="Window.IsVisible(Home)">Dialog.Close(6302)</onclick>
	<onclick condition="Window.IsVisible(Home)">Skin.SetString(submenu_action,$VAR[value_menu30211.action])</onclick>
	<visible>![IsEmpty(skin.string(menu30211.master)) | SubString(skin.string(menu30211.visible),off)] | Window.IsVisible(6000)</visible>
	</item>
	<item>
	<label fallback="31014">$VAR[value_menu30212.label]</label>
	<property name="condition">$INFO[skin.string(menu30212.visible)]</property>
	<property name="name">menu30212</property>
	<property name="id">$INFO[skin.string(menu30212.master)]</property>
	<onclick condition="Window.IsVisible(6000)">SetFocus(5000)</onclick>
	<onclick condition="Window.IsVisible(Home)">Dialog.Close(6302)</onclick>
	<onclick condition="Window.IsVisible(Home)">Skin.SetString(submenu_action,$VAR[value_menu30212.action])</onclick>
	<visible>![IsEmpty(skin.string(menu30212.master)) | SubString(skin.string(menu30212.visible),off)] | Window.IsVisible(6000)</visible>
	</item>
	<item>
	<label fallback="31014">$VAR[value_menu30213.label]</label>
	<property name="condition">$INFO[skin.string(menu30213.visible)]</property>
	<property name="name">menu30213</property>
	<property name="id">$INFO[skin.string(menu30213.master)]</property>
	<onclick condition="Window.IsVisible(6000)">SetFocus(5000)</onclick>
	<onclick condition="Window.IsVisible(Home)">Dialog.Close(6302)</onclick>
	<onclick condition="Window.IsVisible(Home)">Skin.SetString(submenu_action,$VAR[value_menu30213.action])</onclick>
	<visible>![IsEmpty(skin.string(menu30213.master)) | SubString(skin.string(menu30213.visible),off)] | Window.IsVisible(6000)</visible>
	</item>
	<item>
	<label fallback="31014">$VAR[value_menu30214.label]</label>
	<property name="condition">$INFO[skin.string(menu30214.visible)]</property>
	<property name="name">menu30214</property>
	<property name="id">$INFO[skin.string(menu30214.master)]</property>
	<onclick condition="Window.IsVisible(6000)">SetFocus(5000)</onclick>
	<onclick condition="Window.IsVisible(Home)">Dialog.Close(6302)</onclick>
	<onclick condition="Window.IsVisible(Home)">Skin.SetString(submenu_action,$VAR[value_menu30214.action])</onclick>
	<visible>![IsEmpty(skin.string(menu30214.master)) | SubString(skin.string(menu30214.visible),off)] | Window.IsVisible(6000)</visible>
	</item>
	<item>
	<label fallback="31014">$VAR[value_menu30215.label]</label>
	<property name="condition">$INFO[skin.string(menu30215.visible)]</property>
	<property name="name">menu30215</property>
	<property name="id">$INFO[skin.string(menu30215.master)]</property>
	<onclick condition="Window.IsVisible(6000)">SetFocus(5000)</onclick>
	<onclick condition="Window.IsVisible(Home)">Dialog.Close(6302)</onclick>
	<onclick condition="Window.IsVisible(Home)">Skin.SetString(submenu_action,$VAR[value_menu30215.action])</onclick>
	<visible>![IsEmpty(skin.string(menu30215.master)) | SubString(skin.string(menu30215.visible),off)] | Window.IsVisible(6000)</visible>
	</item>
	</content>
	</control>
	</control>
	</control>
	</controls>
</window>