<?xml version="1.0" encoding="UTF-8"?>
<window id="6402" type="dialog">
	<!-- Aeon MQ 7 -->
	<!-- Favorito 2 -->
	<defaultcontrol>-</defaultcontrol>
	<include>SubMenuCommon</include>
	<controls>
	<control type="group">
	<include condition="Window.IsVisible(6000)">MenuCustom</include>
	<control type="group">
	<!-- default group -->
	<include>Animation_SubMenu</include>
	<include condition="Window.IsVisible(6000)">SubmenuGoTo</include>
	<include condition="Window.IsVisible(Home)">SubMenuDefault</include>
	<control type="panel" id="9000">
	<include condition="Window.IsVisible(6000)">SubmenuCustomList</include>
	<include condition="Window.IsVisible(Home) + !Skin.HasSetting(mainmenuvertical)">SubmenuHList</include>
	<include condition="Window.IsVisible(Home) + Skin.HasSetting(mainmenuvertical)">SubmenuVList</include>
	<content>
	<item>
	<label fallback="31014">$VAR[value_menu40201.label]</label>
	<property name="condition">$INFO[skin.string(menu40201.visible)]</property>
	<property name="name">menu40201</property>
	<property name="id">$INFO[skin.string(menu40201.master)]</property>
	<onclick condition="Window.IsVisible(6000)">SetFocus(5000)</onclick>
	<onclick condition="Window.IsVisible(Home)">Dialog.Close(6402)</onclick>
	<onclick condition="Window.IsVisible(Home)">Skin.SetString(submenu_action,$VAR[value_menu40201.action])</onclick>
	<visible>![IsEmpty(skin.string(menu40201.master)) | SubString(skin.string(menu40201.visible),off)] | Window.IsVisible(6000)</visible>
	</item>
	<item>
	<label fallback="31014">$VAR[value_menu40202.label]</label>
	<property name="condition">$INFO[skin.string(menu40202.visible)]</property>
	<property name="name">menu40202</property>
	<property name="id">$INFO[skin.string(menu40202.master)]</property>
	<onclick condition="Window.IsVisible(6000)">SetFocus(5000)</onclick>
	<onclick condition="Window.IsVisible(Home)">Dialog.Close(6402)</onclick>
	<onclick condition="Window.IsVisible(Home)">Skin.SetString(submenu_action,$VAR[value_menu40202.action])</onclick>
	<visible>![IsEmpty(skin.string(menu40202.master)) | SubString(skin.string(menu40202.visible),off)] | Window.IsVisible(6000)</visible>
	</item>
	<item>
	<label fallback="31014">$VAR[value_menu40203.label]</label>
	<property name="condition">$INFO[skin.string(menu40203.visible)]</property>
	<property name="name">menu40203</property>
	<property name="id">$INFO[skin.string(menu40203.master)]</property>
	<onclick condition="Window.IsVisible(6000)">SetFocus(5000)</onclick>
	<onclick condition="Window.IsVisible(Home)">Dialog.Close(6402)</onclick>
	<onclick condition="Window.IsVisible(Home)">Skin.SetString(submenu_action,$VAR[value_menu40203.action])</onclick>
	<visible>![IsEmpty(skin.string(menu40203.master)) | SubString(skin.string(menu40203.visible),off)] | Window.IsVisible(6000)</visible>
	</item>
	<item>
	<label fallback="31014">$VAR[value_menu40204.label]</label>
	<property name="condition">$INFO[skin.string(menu40204.visible)]</property>
	<property name="name">menu40204</property>
	<property name="id">$INFO[skin.string(menu40204.master)]</property>
	<onclick condition="Window.IsVisible(6000)">SetFocus(5000)</onclick>
	<onclick condition="Window.IsVisible(Home)">Dialog.Close(6402)</onclick>
	<onclick condition="Window.IsVisible(Home)">Skin.SetString(submenu_action,$VAR[value_menu40204.action])</onclick>
	<visible>![IsEmpty(skin.string(menu40204.master)) | SubString(skin.string(menu40204.visible),off)] | Window.IsVisible(6000)</visible>
	</item>
	<item>
	<label fallback="31014">$VAR[value_menu40205.label]</label>
	<property name="condition">$INFO[skin.string(menu40205.visible)]</property>
	<property name="name">menu40205</property>
	<property name="id">$INFO[skin.string(menu40205.master)]</property>
	<onclick condition="Window.IsVisible(6000)">SetFocus(5000)</onclick>
	<onclick condition="Window.IsVisible(Home)">Dialog.Close(6402)</onclick>
	<onclick condition="Window.IsVisible(Home)">Skin.SetString(submenu_action,$VAR[value_menu40205.action])</onclick>
	<visible>![IsEmpty(skin.string(menu40205.master)) | SubString(skin.string(menu40205.visible),off)] | Window.IsVisible(6000)</visible>
	</item>
	<item>
	<label fallback="31014">$VAR[value_menu40206.label]</label>
	<property name="condition">$INFO[skin.string(menu40206.visible)]</property>
	<property name="name">menu40206</property>
	<property name="id">$INFO[skin.string(menu40206.master)]</property>
	<onclick condition="Window.IsVisible(6000)">SetFocus(5000)</onclick>
	<onclick condition="Window.IsVisible(Home)">Dialog.Close(6402)</onclick>
	<onclick condition="Window.IsVisible(Home)">Skin.SetString(submenu_action,$VAR[value_menu40206.action])</onclick>
	<visible>![IsEmpty(skin.string(menu40206.master)) | SubString(skin.string(menu40206.visible),off)] | Window.IsVisible(6000)</visible>
	</item>
	<item>
	<label fallback="31014">$VAR[value_menu40207.label]</label>
	<property name="condition">$INFO[skin.string(menu40207.visible)]</property>
	<property name="name">menu40207</property>
	<property name="id">$INFO[skin.string(menu40207.master)]</property>
	<onclick condition="Window.IsVisible(6000)">SetFocus(5000)</onclick>
	<onclick condition="Window.IsVisible(Home)">Dialog.Close(6402)</onclick>
	<onclick condition="Window.IsVisible(Home)">Skin.SetString(submenu_action,$VAR[value_menu40207.action])</onclick>
	<visible>![IsEmpty(skin.string(menu40207.master)) | SubString(skin.string(menu40207.visible),off)] | Window.IsVisible(6000)</visible>
	</item>
	<item>
	<label fallback="31014">$VAR[value_menu40208.label]</label>
	<property name="condition">$INFO[skin.string(menu40208.visible)]</property>
	<property name="name">menu40208</property>
	<property name="id">$INFO[skin.string(menu40208.master)]</property>
	<onclick condition="Window.IsVisible(6000)">SetFocus(5000)</onclick>
	<onclick condition="Window.IsVisible(Home)">Dialog.Close(6402)</onclick>
	<onclick condition="Window.IsVisible(Home)">Skin.SetString(submenu_action,$VAR[value_menu40208.action])</onclick>
	<visible>![IsEmpty(skin.string(menu40208.master)) | SubString(skin.string(menu40208.visible),off)] | Window.IsVisible(6000)</visible>
	</item>
	<item>
	<label fallback="31014">$VAR[value_menu40209.label]</label>
	<property name="condition">$INFO[skin.string(menu40209.visible)]</property>
	<property name="name">menu40209</property>
	<property name="id">$INFO[skin.string(menu40209.master)]</property>
	<onclick condition="Window.IsVisible(6000)">SetFocus(5000)</onclick>
	<onclick condition="Window.IsVisible(Home)">Dialog.Close(6402)</onclick>
	<onclick condition="Window.IsVisible(Home)">Skin.SetString(submenu_action,$VAR[value_menu40209.action])</onclick>
	<visible>![IsEmpty(skin.string(menu40209.master)) | SubString(skin.string(menu40209.visible),off)] | Window.IsVisible(6000)</visible>
	</item>
	<item>
	<label fallback="31014">$VAR[value_menu40210.label]</label>
	<property name="condition">$INFO[skin.string(menu40210.visible)]</property>
	<property name="name">menu40210</property>
	<property name="id">$INFO[skin.string(menu40210.master)]</property>
	<onclick condition="Window.IsVisible(6000)">SetFocus(5000)</onclick>
	<onclick condition="Window.IsVisible(Home)">Dialog.Close(6402)</onclick>
	<onclick condition="Window.IsVisible(Home)">Skin.SetString(submenu_action,$VAR[value_menu40210.action])</onclick>
	<visible>![IsEmpty(skin.string(menu40210.master)) | SubString(skin.string(menu40210.visible),off)] | Window.IsVisible(6000)</visible>
	</item>
	<item>
	<label fallback="31014">$VAR[value_menu40211.label]</label>
	<property name="condition">$INFO[skin.string(menu40211.visible)]</property>
	<property name="name">menu40211</property>
	<property name="id">$INFO[skin.string(menu40211.master)]</property>
	<onclick condition="Window.IsVisible(6000)">SetFocus(5000)</onclick>
	<onclick condition="Window.IsVisible(Home)">Dialog.Close(6402)</onclick>
	<onclick condition="Window.IsVisible(Home)">Skin.SetString(submenu_action,$VAR[value_menu40211.action])</onclick>
	<visible>![IsEmpty(skin.string(menu40211.master)) | SubString(skin.string(menu40211.visible),off)] | Window.IsVisible(6000)</visible>
	</item>
	<item>
	<label fallback="31014">$VAR[value_menu40212.label]</label>
	<property name="condition">$INFO[skin.string(menu40212.visible)]</property>
	<property name="name">menu40212</property>
	<property name="id">$INFO[skin.string(menu40212.master)]</property>
	<onclick condition="Window.IsVisible(6000)">SetFocus(5000)</onclick>
	<onclick condition="Window.IsVisible(Home)">Dialog.Close(6402)</onclick>
	<onclick condition="Window.IsVisible(Home)">Skin.SetString(submenu_action,$VAR[value_menu40212.action])</onclick>
	<visible>![IsEmpty(skin.string(menu40212.master)) | SubString(skin.string(menu40212.visible),off)] | Window.IsVisible(6000)</visible>
	</item>
	<item>
	<label fallback="31014">$VAR[value_menu40213.label]</label>
	<property name="condition">$INFO[skin.string(menu40213.visible)]</property>
	<property name="name">menu40213</property>
	<property name="id">$INFO[skin.string(menu40213.master)]</property>
	<onclick condition="Window.IsVisible(6000)">SetFocus(5000)</onclick>
	<onclick condition="Window.IsVisible(Home)">Dialog.Close(6402)</onclick>
	<onclick condition="Window.IsVisible(Home)">Skin.SetString(submenu_action,$VAR[value_menu40213.action])</onclick>
	<visible>![IsEmpty(skin.string(menu40213.master)) | SubString(skin.string(menu40213.visible),off)] | Window.IsVisible(6000)</visible>
	</item>
	<item>
	<label fallback="31014">$VAR[value_menu40214.label]</label>
	<property name="condition">$INFO[skin.string(menu40214.visible)]</property>
	<property name="name">menu40214</property>
	<property name="id">$INFO[skin.string(menu40214.master)]</property>
	<onclick condition="Window.IsVisible(6000)">SetFocus(5000)</onclick>
	<onclick condition="Window.IsVisible(Home)">Dialog.Close(6402)</onclick>
	<onclick condition="Window.IsVisible(Home)">Skin.SetString(submenu_action,$VAR[value_menu40214.action])</onclick>
	<visible>![IsEmpty(skin.string(menu40214.master)) | SubString(skin.string(menu40214.visible),off)] | Window.IsVisible(6000)</visible>
	</item>
	<item>
	<label fallback="31014">$VAR[value_menu40215.label]</label>
	<property name="condition">$INFO[skin.string(menu40215.visible)]</property>
	<property name="name">menu40215</property>
	<property name="id">$INFO[skin.string(menu40215.master)]</property>
	<onclick condition="Window.IsVisible(6000)">SetFocus(5000)</onclick>
	<onclick condition="Window.IsVisible(Home)">Dialog.Close(6402)</onclick>
	<onclick condition="Window.IsVisible(Home)">Skin.SetString(submenu_action,$VAR[value_menu40215.action])</onclick>
	<visible>![IsEmpty(skin.string(menu40215.master)) | SubString(skin.string(menu40215.visible),off)] | Window.IsVisible(6000)</visible>
	</item>
	</content>
	</control>
	</control>
	</control>
	</controls>
</window>