<?xml version="1.0" encoding="UTF-8"?>
<window id="6505" type="dialog">
	<!-- Aeon MQ 7 -->
	<!-- Addon 5 -->
	<defaultcontrol>-</defaultcontrol>
	<include>SubMenuCommon</include>
	<controls>
	<control type="group">
	<include condition="Window.IsVisible(6000)">MenuCustom</include>
	<control type="group">
	<!-- default group -->
	<include>Animation_SubMenu</include>
	<include condition="Window.IsVisible(6000)">SubmenuGoTo</include>
	<include condition="Window.IsVisible(Home)">SubMenuDefault</include>
	<control type="panel" id="9000">
	<include condition="Window.IsVisible(6000)">SubmenuCustomList</include>
	<include condition="Window.IsVisible(Home) + !Skin.HasSetting(mainmenuvertical)">SubmenuHList</include>
	<include condition="Window.IsVisible(Home) + Skin.HasSetting(mainmenuvertical)">SubmenuVList</include>
	<content>
	<item>
	<label fallback="31014">$VAR[value_menu50501.label]</label>
	<property name="condition">$INFO[skin.string(menu50501.visible)]</property>
	<property name="name">menu50501</property>
	<property name="id">$INFO[skin.string(menu50501.master)]</property>
	<onclick condition="Window.IsVisible(6000)">SetFocus(5000)</onclick>
	<onclick condition="Window.IsVisible(Home)">Dialog.Close(6505)</onclick>
	<onclick condition="Window.IsVisible(Home)">Skin.SetString(submenu_action,$VAR[value_menu50501.action])</onclick>
	<visible>![IsEmpty(skin.string(menu50501.master)) | SubString(skin.string(menu50501.visible),off)] | Window.IsVisible(6000)</visible>
	</item>
	<item>
	<label fallback="31014">$VAR[value_menu50502.label]</label>
	<property name="condition">$INFO[skin.string(menu50502.visible)]</property>
	<property name="name">menu50502</property>
	<property name="id">$INFO[skin.string(menu50502.master)]</property>
	<onclick condition="Window.IsVisible(6000)">SetFocus(5000)</onclick>
	<onclick condition="Window.IsVisible(Home)">Dialog.Close(6505)</onclick>
	<onclick condition="Window.IsVisible(Home)">Skin.SetString(submenu_action,$VAR[value_menu50502.action])</onclick>
	<visible>![IsEmpty(skin.string(menu50502.master)) | SubString(skin.string(menu50502.visible),off)] | Window.IsVisible(6000)</visible>
	</item>
	<item>
	<label fallback="31014">$VAR[value_menu50503.label]</label>
	<property name="condition">$INFO[skin.string(menu50503.visible)]</property>
	<property name="name">menu50503</property>
	<property name="id">$INFO[skin.string(menu50503.master)]</property>
	<onclick condition="Window.IsVisible(6000)">SetFocus(5000)</onclick>
	<onclick condition="Window.IsVisible(Home)">Dialog.Close(6505)</onclick>
	<onclick condition="Window.IsVisible(Home)">Skin.SetString(submenu_action,$VAR[value_menu50503.action])</onclick>
	<visible>![IsEmpty(skin.string(menu50503.master)) | SubString(skin.string(menu50503.visible),off)] | Window.IsVisible(6000)</visible>
	</item>
	<item>
	<label fallback="31014">$VAR[value_menu50504.label]</label>
	<property name="condition">$INFO[skin.string(menu50504.visible)]</property>
	<property name="name">menu50504</property>
	<property name="id">$INFO[skin.string(menu50504.master)]</property>
	<onclick condition="Window.IsVisible(6000)">SetFocus(5000)</onclick>
	<onclick condition="Window.IsVisible(Home)">Dialog.Close(6505)</onclick>
	<onclick condition="Window.IsVisible(Home)">Skin.SetString(submenu_action,$VAR[value_menu50504.action])</onclick>
	<visible>![IsEmpty(skin.string(menu50504.master)) | SubString(skin.string(menu50504.visible),off)] | Window.IsVisible(6000)</visible>
	</item>
	<item>
	<label fallback="31014">$VAR[value_menu50505.label]</label>
	<property name="condition">$INFO[skin.string(menu50505.visible)]</property>
	<property name="name">menu50505</property>
	<property name="id">$INFO[skin.string(menu50505.master)]</property>
	<onclick condition="Window.IsVisible(6000)">SetFocus(5000)</onclick>
	<onclick condition="Window.IsVisible(Home)">Dialog.Close(6505)</onclick>
	<onclick condition="Window.IsVisible(Home)">Skin.SetString(submenu_action,$VAR[value_menu50505.action])</onclick>
	<visible>![IsEmpty(skin.string(menu50505.master)) | SubString(skin.string(menu50505.visible),off)] | Window.IsVisible(6000)</visible>
	</item>
	<item>
	<label fallback="31014">$VAR[value_menu50506.label]</label>
	<property name="condition">$INFO[skin.string(menu50506.visible)]</property>
	<property name="name">menu50506</property>
	<property name="id">$INFO[skin.string(menu50506.master)]</property>
	<onclick condition="Window.IsVisible(6000)">SetFocus(5000)</onclick>
	<onclick condition="Window.IsVisible(Home)">Dialog.Close(6505)</onclick>
	<onclick condition="Window.IsVisible(Home)">Skin.SetString(submenu_action,$VAR[value_menu50506.action])</onclick>
	<visible>![IsEmpty(skin.string(menu50506.master)) | SubString(skin.string(menu50506.visible),off)] | Window.IsVisible(6000)</visible>
	</item>
	<item>
	<label fallback="31014">$VAR[value_menu50507.label]</label>
	<property name="condition">$INFO[skin.string(menu50507.visible)]</property>
	<property name="name">menu50507</property>
	<property name="id">$INFO[skin.string(menu50507.master)]</property>
	<onclick condition="Window.IsVisible(6000)">SetFocus(5000)</onclick>
	<onclick condition="Window.IsVisible(Home)">Dialog.Close(6505)</onclick>
	<onclick condition="Window.IsVisible(Home)">Skin.SetString(submenu_action,$VAR[value_menu50507.action])</onclick>
	<visible>![IsEmpty(skin.string(menu50507.master)) | SubString(skin.string(menu50507.visible),off)] | Window.IsVisible(6000)</visible>
	</item>
	<item>
	<label fallback="31014">$VAR[value_menu50508.label]</label>
	<property name="condition">$INFO[skin.string(menu50508.visible)]</property>
	<property name="name">menu50508</property>
	<property name="id">$INFO[skin.string(menu50508.master)]</property>
	<onclick condition="Window.IsVisible(6000)">SetFocus(5000)</onclick>
	<onclick condition="Window.IsVisible(Home)">Dialog.Close(6505)</onclick>
	<onclick condition="Window.IsVisible(Home)">Skin.SetString(submenu_action,$VAR[value_menu50508.action])</onclick>
	<visible>![IsEmpty(skin.string(menu50508.master)) | SubString(skin.string(menu50508.visible),off)] | Window.IsVisible(6000)</visible>
	</item>
	<item>
	<label fallback="31014">$VAR[value_menu50509.label]</label>
	<property name="condition">$INFO[skin.string(menu50509.visible)]</property>
	<property name="name">menu50509</property>
	<property name="id">$INFO[skin.string(menu50509.master)]</property>
	<onclick condition="Window.IsVisible(6000)">SetFocus(5000)</onclick>
	<onclick condition="Window.IsVisible(Home)">Dialog.Close(6505)</onclick>
	<onclick condition="Window.IsVisible(Home)">Skin.SetString(submenu_action,$VAR[value_menu50509.action])</onclick>
	<visible>![IsEmpty(skin.string(menu50509.master)) | SubString(skin.string(menu50509.visible),off)] | Window.IsVisible(6000)</visible>
	</item>
	<item>
	<label fallback="31014">$VAR[value_menu50510.label]</label>
	<property name="condition">$INFO[skin.string(menu50510.visible)]</property>
	<property name="name">menu50510</property>
	<property name="id">$INFO[skin.string(menu50510.master)]</property>
	<onclick condition="Window.IsVisible(6000)">SetFocus(5000)</onclick>
	<onclick condition="Window.IsVisible(Home)">Dialog.Close(6505)</onclick>
	<onclick condition="Window.IsVisible(Home)">Skin.SetString(submenu_action,$VAR[value_menu50510.action])</onclick>
	<visible>![IsEmpty(skin.string(menu50510.master)) | SubString(skin.string(menu50510.visible),off)] | Window.IsVisible(6000)</visible>
	</item>
	<item>
	<label fallback="31014">$VAR[value_menu50511.label]</label>
	<property name="condition">$INFO[skin.string(menu50511.visible)]</property>
	<property name="name">menu50511</property>
	<property name="id">$INFO[skin.string(menu50511.master)]</property>
	<onclick condition="Window.IsVisible(6000)">SetFocus(5000)</onclick>
	<onclick condition="Window.IsVisible(Home)">Dialog.Close(6505)</onclick>
	<onclick condition="Window.IsVisible(Home)">Skin.SetString(submenu_action,$VAR[value_menu50511.action])</onclick>
	<visible>![IsEmpty(skin.string(menu50511.master)) | SubString(skin.string(menu50511.visible),off)] | Window.IsVisible(6000)</visible>
	</item>
	<item>
	<label fallback="31014">$VAR[value_menu50512.label]</label>
	<property name="condition">$INFO[skin.string(menu50512.visible)]</property>
	<property name="name">menu50512</property>
	<property name="id">$INFO[skin.string(menu50512.master)]</property>
	<onclick condition="Window.IsVisible(6000)">SetFocus(5000)</onclick>
	<onclick condition="Window.IsVisible(Home)">Dialog.Close(6505)</onclick>
	<onclick condition="Window.IsVisible(Home)">Skin.SetString(submenu_action,$VAR[value_menu50512.action])</onclick>
	<visible>![IsEmpty(skin.string(menu50512.master)) | SubString(skin.string(menu50512.visible),off)] | Window.IsVisible(6000)</visible>
	</item>
	<item>
	<label fallback="31014">$VAR[value_menu50513.label]</label>
	<property name="condition">$INFO[skin.string(menu50513.visible)]</property>
	<property name="name">menu50513</property>
	<property name="id">$INFO[skin.string(menu50513.master)]</property>
	<onclick condition="Window.IsVisible(6000)">SetFocus(5000)</onclick>
	<onclick condition="Window.IsVisible(Home)">Dialog.Close(6505)</onclick>
	<onclick condition="Window.IsVisible(Home)">Skin.SetString(submenu_action,$VAR[value_menu50513.action])</onclick>
	<visible>![IsEmpty(skin.string(menu50513.master)) | SubString(skin.string(menu50513.visible),off)] | Window.IsVisible(6000)</visible>
	</item>
	<item>
	<label fallback="31014">$VAR[value_menu50514.label]</label>
	<property name="condition">$INFO[skin.string(menu50514.visible)]</property>
	<property name="name">menu50514</property>
	<property name="id">$INFO[skin.string(menu50514.master)]</property>
	<onclick condition="Window.IsVisible(6000)">SetFocus(5000)</onclick>
	<onclick condition="Window.IsVisible(Home)">Dialog.Close(6505)</onclick>
	<onclick condition="Window.IsVisible(Home)">Skin.SetString(submenu_action,$VAR[value_menu50514.action])</onclick>
	<visible>![IsEmpty(skin.string(menu50514.master)) | SubString(skin.string(menu50514.visible),off)] | Window.IsVisible(6000)</visible>
	</item>
	<item>
	<label fallback="31014">$VAR[value_menu50515.label]</label>
	<property name="condition">$INFO[skin.string(menu50515.visible)]</property>
	<property name="name">menu50515</property>
	<property name="id">$INFO[skin.string(menu50515.master)]</property>
	<onclick condition="Window.IsVisible(6000)">SetFocus(5000)</onclick>
	<onclick condition="Window.IsVisible(Home)">Dialog.Close(6505)</onclick>
	<onclick condition="Window.IsVisible(Home)">Skin.SetString(submenu_action,$VAR[value_menu50515.action])</onclick>
	<visible>![IsEmpty(skin.string(menu50515.master)) | SubString(skin.string(menu50515.visible),off)] | Window.IsVisible(6000)</visible>
	</item>
	</content>
	</control>
	</control>
	</control>
	</controls>
</window>