<?xml version="1.0" encoding="UTF-8"?>
<window id="6318" type="dialog">
	<!-- Aeon MQ 7 -->
	<!-- Vnode 18 -->
	<defaultcontrol>-</defaultcontrol>
	<include>SubMenuCommon</include>
	<controls>
	<control type="group">
	<include condition="Window.IsVisible(6000)">MenuCustom</include>
	<control type="group">
	<!-- default group -->
	<include>Animation_SubMenu</include>
	<include condition="Window.IsVisible(6000)">SubmenuGoTo</include>
	<include condition="Window.IsVisible(Home)">SubMenuDefault</include>
	<control type="panel" id="9000">
	<include condition="Window.IsVisible(6000)">SubmenuCustomList</include>
	<include condition="Window.IsVisible(Home) + !Skin.HasSetting(mainmenuvertical)">SubmenuHList</include>
	<include condition="Window.IsVisible(Home) + Skin.HasSetting(mainmenuvertical)">SubmenuVList</include>
	<content>
	<item>
	<label fallback="31014">$VAR[value_menu31801.label]</label>
	<property name="condition">$INFO[skin.string(menu31801.visible)]</property>
	<property name="name">menu31801</property>
	<property name="id">$INFO[skin.string(menu31801.master)]</property>
	<onclick condition="Window.IsVisible(6000)">SetFocus(5000)</onclick>
	<onclick condition="Window.IsVisible(Home)">Dialog.Close(6318)</onclick>
	<onclick condition="Window.IsVisible(Home)">Skin.SetString(submenu_action,$VAR[value_menu31801.action])</onclick>
	<visible>![IsEmpty(skin.string(menu31801.master)) | SubString(skin.string(menu31801.visible),off)] | Window.IsVisible(6000)</visible>
	</item>
	<item>
	<label fallback="31014">$VAR[value_menu31802.label]</label>
	<property name="condition">$INFO[skin.string(menu31802.visible)]</property>
	<property name="name">menu31802</property>
	<property name="id">$INFO[skin.string(menu31802.master)]</property>
	<onclick condition="Window.IsVisible(6000)">SetFocus(5000)</onclick>
	<onclick condition="Window.IsVisible(Home)">Dialog.Close(6318)</onclick>
	<onclick condition="Window.IsVisible(Home)">Skin.SetString(submenu_action,$VAR[value_menu31802.action])</onclick>
	<visible>![IsEmpty(skin.string(menu31802.master)) | SubString(skin.string(menu31802.visible),off)] | Window.IsVisible(6000)</visible>
	</item>
	<item>
	<label fallback="31014">$VAR[value_menu31803.label]</label>
	<property name="condition">$INFO[skin.string(menu31803.visible)]</property>
	<property name="name">menu31803</property>
	<property name="id">$INFO[skin.string(menu31803.master)]</property>
	<onclick condition="Window.IsVisible(6000)">SetFocus(5000)</onclick>
	<onclick condition="Window.IsVisible(Home)">Dialog.Close(6318)</onclick>
	<onclick condition="Window.IsVisible(Home)">Skin.SetString(submenu_action,$VAR[value_menu31803.action])</onclick>
	<visible>![IsEmpty(skin.string(menu31803.master)) | SubString(skin.string(menu31803.visible),off)] | Window.IsVisible(6000)</visible>
	</item>
	<item>
	<label fallback="31014">$VAR[value_menu31804.label]</label>
	<property name="condition">$INFO[skin.string(menu31804.visible)]</property>
	<property name="name">menu31804</property>
	<property name="id">$INFO[skin.string(menu31804.master)]</property>
	<onclick condition="Window.IsVisible(6000)">SetFocus(5000)</onclick>
	<onclick condition="Window.IsVisible(Home)">Dialog.Close(6318)</onclick>
	<onclick condition="Window.IsVisible(Home)">Skin.SetString(submenu_action,$VAR[value_menu31804.action])</onclick>
	<visible>![IsEmpty(skin.string(menu31804.master)) | SubString(skin.string(menu31804.visible),off)] | Window.IsVisible(6000)</visible>
	</item>
	<item>
	<label fallback="31014">$VAR[value_menu31805.label]</label>
	<property name="condition">$INFO[skin.string(menu31805.visible)]</property>
	<property name="name">menu31805</property>
	<property name="id">$INFO[skin.string(menu31805.master)]</property>
	<onclick condition="Window.IsVisible(6000)">SetFocus(5000)</onclick>
	<onclick condition="Window.IsVisible(Home)">Dialog.Close(6318)</onclick>
	<onclick condition="Window.IsVisible(Home)">Skin.SetString(submenu_action,$VAR[value_menu31805.action])</onclick>
	<visible>![IsEmpty(skin.string(menu31805.master)) | SubString(skin.string(menu31805.visible),off)] | Window.IsVisible(6000)</visible>
	</item>
	<item>
	<label fallback="31014">$VAR[value_menu31806.label]</label>
	<property name="condition">$INFO[skin.string(menu31806.visible)]</property>
	<property name="name">menu31806</property>
	<property name="id">$INFO[skin.string(menu31806.master)]</property>
	<onclick condition="Window.IsVisible(6000)">SetFocus(5000)</onclick>
	<onclick condition="Window.IsVisible(Home)">Dialog.Close(6318)</onclick>
	<onclick condition="Window.IsVisible(Home)">Skin.SetString(submenu_action,$VAR[value_menu31806.action])</onclick>
	<visible>![IsEmpty(skin.string(menu31806.master)) | SubString(skin.string(menu31806.visible),off)] | Window.IsVisible(6000)</visible>
	</item>
	<item>
	<label fallback="31014">$VAR[value_menu31807.label]</label>
	<property name="condition">$INFO[skin.string(menu31807.visible)]</property>
	<property name="name">menu31807</property>
	<property name="id">$INFO[skin.string(menu31807.master)]</property>
	<onclick condition="Window.IsVisible(6000)">SetFocus(5000)</onclick>
	<onclick condition="Window.IsVisible(Home)">Dialog.Close(6318)</onclick>
	<onclick condition="Window.IsVisible(Home)">Skin.SetString(submenu_action,$VAR[value_menu31807.action])</onclick>
	<visible>![IsEmpty(skin.string(menu31807.master)) | SubString(skin.string(menu31807.visible),off)] | Window.IsVisible(6000)</visible>
	</item>
	<item>
	<label fallback="31014">$VAR[value_menu31808.label]</label>
	<property name="condition">$INFO[skin.string(menu31808.visible)]</property>
	<property name="name">menu31808</property>
	<property name="id">$INFO[skin.string(menu31808.master)]</property>
	<onclick condition="Window.IsVisible(6000)">SetFocus(5000)</onclick>
	<onclick condition="Window.IsVisible(Home)">Dialog.Close(6318)</onclick>
	<onclick condition="Window.IsVisible(Home)">Skin.SetString(submenu_action,$VAR[value_menu31808.action])</onclick>
	<visible>![IsEmpty(skin.string(menu31808.master)) | SubString(skin.string(menu31808.visible),off)] | Window.IsVisible(6000)</visible>
	</item>
	<item>
	<label fallback="31014">$VAR[value_menu31809.label]</label>
	<property name="condition">$INFO[skin.string(menu31809.visible)]</property>
	<property name="name">menu31809</property>
	<property name="id">$INFO[skin.string(menu31809.master)]</property>
	<onclick condition="Window.IsVisible(6000)">SetFocus(5000)</onclick>
	<onclick condition="Window.IsVisible(Home)">Dialog.Close(6318)</onclick>
	<onclick condition="Window.IsVisible(Home)">Skin.SetString(submenu_action,$VAR[value_menu31809.action])</onclick>
	<visible>![IsEmpty(skin.string(menu31809.master)) | SubString(skin.string(menu31809.visible),off)] | Window.IsVisible(6000)</visible>
	</item>
	<item>
	<label fallback="31014">$VAR[value_menu31810.label]</label>
	<property name="condition">$INFO[skin.string(menu31810.visible)]</property>
	<property name="name">menu31810</property>
	<property name="id">$INFO[skin.string(menu31810.master)]</property>
	<onclick condition="Window.IsVisible(6000)">SetFocus(5000)</onclick>
	<onclick condition="Window.IsVisible(Home)">Dialog.Close(6318)</onclick>
	<onclick condition="Window.IsVisible(Home)">Skin.SetString(submenu_action,$VAR[value_menu31810.action])</onclick>
	<visible>![IsEmpty(skin.string(menu31810.master)) | SubString(skin.string(menu31810.visible),off)] | Window.IsVisible(6000)</visible>
	</item>
	<item>
	<label fallback="31014">$VAR[value_menu31811.label]</label>
	<property name="condition">$INFO[skin.string(menu31811.visible)]</property>
	<property name="name">menu31811</property>
	<property name="id">$INFO[skin.string(menu31811.master)]</property>
	<onclick condition="Window.IsVisible(6000)">SetFocus(5000)</onclick>
	<onclick condition="Window.IsVisible(Home)">Dialog.Close(6318)</onclick>
	<onclick condition="Window.IsVisible(Home)">Skin.SetString(submenu_action,$VAR[value_menu31811.action])</onclick>
	<visible>![IsEmpty(skin.string(menu31811.master)) | SubString(skin.string(menu31811.visible),off)] | Window.IsVisible(6000)</visible>
	</item>
	<item>
	<label fallback="31014">$VAR[value_menu31812.label]</label>
	<property name="condition">$INFO[skin.string(menu31812.visible)]</property>
	<property name="name">menu31812</property>
	<property name="id">$INFO[skin.string(menu31812.master)]</property>
	<onclick condition="Window.IsVisible(6000)">SetFocus(5000)</onclick>
	<onclick condition="Window.IsVisible(Home)">Dialog.Close(6318)</onclick>
	<onclick condition="Window.IsVisible(Home)">Skin.SetString(submenu_action,$VAR[value_menu31812.action])</onclick>
	<visible>![IsEmpty(skin.string(menu31812.master)) | SubString(skin.string(menu31812.visible),off)] | Window.IsVisible(6000)</visible>
	</item>
	<item>
	<label fallback="31014">$VAR[value_menu31813.label]</label>
	<property name="condition">$INFO[skin.string(menu31813.visible)]</property>
	<property name="name">menu31813</property>
	<property name="id">$INFO[skin.string(menu31813.master)]</property>
	<onclick condition="Window.IsVisible(6000)">SetFocus(5000)</onclick>
	<onclick condition="Window.IsVisible(Home)">Dialog.Close(6318)</onclick>
	<onclick condition="Window.IsVisible(Home)">Skin.SetString(submenu_action,$VAR[value_menu31813.action])</onclick>
	<visible>![IsEmpty(skin.string(menu31813.master)) | SubString(skin.string(menu31813.visible),off)] | Window.IsVisible(6000)</visible>
	</item>
	<item>
	<label fallback="31014">$VAR[value_menu31814.label]</label>
	<property name="condition">$INFO[skin.string(menu31814.visible)]</property>
	<property name="name">menu31814</property>
	<property name="id">$INFO[skin.string(menu31814.master)]</property>
	<onclick condition="Window.IsVisible(6000)">SetFocus(5000)</onclick>
	<onclick condition="Window.IsVisible(Home)">Dialog.Close(6318)</onclick>
	<onclick condition="Window.IsVisible(Home)">Skin.SetString(submenu_action,$VAR[value_menu31814.action])</onclick>
	<visible>![IsEmpty(skin.string(menu31814.master)) | SubString(skin.string(menu31814.visible),off)] | Window.IsVisible(6000)</visible>
	</item>
	<item>
	<label fallback="31014">$VAR[value_menu31815.label]</label>
	<property name="condition">$INFO[skin.string(menu31815.visible)]</property>
	<property name="name">menu31815</property>
	<property name="id">$INFO[skin.string(menu31815.master)]</property>
	<onclick condition="Window.IsVisible(6000)">SetFocus(5000)</onclick>
	<onclick condition="Window.IsVisible(Home)">Dialog.Close(6318)</onclick>
	<onclick condition="Window.IsVisible(Home)">Skin.SetString(submenu_action,$VAR[value_menu31815.action])</onclick>
	<visible>![IsEmpty(skin.string(menu31815.master)) | SubString(skin.string(menu31815.visible),off)] | Window.IsVisible(6000)</visible>
	</item>
	</content>
	</control>
	</control>
	</control>
	</controls>
</window>