<?xml version="1.0" encoding="UTF-8"?>
<window id="6109" type="dialog">
	<!-- Aeon MQ 7 -->
	<!-- V-Playlist 9 -->
	<defaultcontrol>-</defaultcontrol>
	<include>SubMenuCommon</include>
	<controls>
	<control type="group">
	<include condition="Window.IsVisible(6000)">MenuCustom</include>
	<control type="group">
	<!-- default group -->
	<include>Animation_SubMenu</include>
	<include condition="Window.IsVisible(6000)">SubmenuGoTo</include>
	<include condition="Window.IsVisible(Home)">SubMenuDefault</include>
	<control type="panel" id="9000">
	<include condition="Window.IsVisible(6000)">SubmenuCustomList</include>
	<include condition="Window.IsVisible(Home) + !Skin.HasSetting(mainmenuvertical)">SubmenuHList</include>
	<include condition="Window.IsVisible(Home) + Skin.HasSetting(mainmenuvertical)">SubmenuVList</include>
	<content>
	<item>
	<label fallback="31014">$VAR[value_menu10901.label]</label>
	<property name="condition">$INFO[skin.string(menu10901.visible)]</property>
	<property name="name">menu10901</property>
	<property name="id">$INFO[skin.string(menu10901.master)]</property>
	<onclick condition="Window.IsVisible(6000)">SetFocus(5000)</onclick>
	<onclick condition="Window.IsVisible(Home)">Dialog.Close(6109)</onclick>
	<onclick condition="Window.IsVisible(Home)">Skin.SetString(submenu_action,$VAR[value_menu10901.action])</onclick>
	<visible>![IsEmpty(skin.string(menu10901.master)) | SubString(skin.string(menu10901.visible),off)] | Window.IsVisible(6000)</visible>
	</item>
	<item>
	<label fallback="31014">$VAR[value_menu10902.label]</label>
	<property name="condition">$INFO[skin.string(menu10902.visible)]</property>
	<property name="name">menu10902</property>
	<property name="id">$INFO[skin.string(menu10902.master)]</property>
	<onclick condition="Window.IsVisible(6000)">SetFocus(5000)</onclick>
	<onclick condition="Window.IsVisible(Home)">Dialog.Close(6109)</onclick>
	<onclick condition="Window.IsVisible(Home)">Skin.SetString(submenu_action,$VAR[value_menu10902.action])</onclick>
	<visible>![IsEmpty(skin.string(menu10902.master)) | SubString(skin.string(menu10902.visible),off)] | Window.IsVisible(6000)</visible>
	</item>
	<item>
	<label fallback="31014">$VAR[value_menu10903.label]</label>
	<property name="condition">$INFO[skin.string(menu10903.visible)]</property>
	<property name="name">menu10903</property>
	<property name="id">$INFO[skin.string(menu10903.master)]</property>
	<onclick condition="Window.IsVisible(6000)">SetFocus(5000)</onclick>
	<onclick condition="Window.IsVisible(Home)">Dialog.Close(6109)</onclick>
	<onclick condition="Window.IsVisible(Home)">Skin.SetString(submenu_action,$VAR[value_menu10903.action])</onclick>
	<visible>![IsEmpty(skin.string(menu10903.master)) | SubString(skin.string(menu10903.visible),off)] | Window.IsVisible(6000)</visible>
	</item>
	<item>
	<label fallback="31014">$VAR[value_menu10904.label]</label>
	<property name="condition">$INFO[skin.string(menu10904.visible)]</property>
	<property name="name">menu10904</property>
	<property name="id">$INFO[skin.string(menu10904.master)]</property>
	<onclick condition="Window.IsVisible(6000)">SetFocus(5000)</onclick>
	<onclick condition="Window.IsVisible(Home)">Dialog.Close(6109)</onclick>
	<onclick condition="Window.IsVisible(Home)">Skin.SetString(submenu_action,$VAR[value_menu10904.action])</onclick>
	<visible>![IsEmpty(skin.string(menu10904.master)) | SubString(skin.string(menu10904.visible),off)] | Window.IsVisible(6000)</visible>
	</item>
	<item>
	<label fallback="31014">$VAR[value_menu10905.label]</label>
	<property name="condition">$INFO[skin.string(menu10905.visible)]</property>
	<property name="name">menu10905</property>
	<property name="id">$INFO[skin.string(menu10905.master)]</property>
	<onclick condition="Window.IsVisible(6000)">SetFocus(5000)</onclick>
	<onclick condition="Window.IsVisible(Home)">Dialog.Close(6109)</onclick>
	<onclick condition="Window.IsVisible(Home)">Skin.SetString(submenu_action,$VAR[value_menu10905.action])</onclick>
	<visible>![IsEmpty(skin.string(menu10905.master)) | SubString(skin.string(menu10905.visible),off)] | Window.IsVisible(6000)</visible>
	</item>
	<item>
	<label fallback="31014">$VAR[value_menu10906.label]</label>
	<property name="condition">$INFO[skin.string(menu10906.visible)]</property>
	<property name="name">menu10906</property>
	<property name="id">$INFO[skin.string(menu10906.master)]</property>
	<onclick condition="Window.IsVisible(6000)">SetFocus(5000)</onclick>
	<onclick condition="Window.IsVisible(Home)">Dialog.Close(6109)</onclick>
	<onclick condition="Window.IsVisible(Home)">Skin.SetString(submenu_action,$VAR[value_menu10906.action])</onclick>
	<visible>![IsEmpty(skin.string(menu10906.master)) | SubString(skin.string(menu10906.visible),off)] | Window.IsVisible(6000)</visible>
	</item>
	<item>
	<label fallback="31014">$VAR[value_menu10907.label]</label>
	<property name="condition">$INFO[skin.string(menu10907.visible)]</property>
	<property name="name">menu10907</property>
	<property name="id">$INFO[skin.string(menu10907.master)]</property>
	<onclick condition="Window.IsVisible(6000)">SetFocus(5000)</onclick>
	<onclick condition="Window.IsVisible(Home)">Dialog.Close(6109)</onclick>
	<onclick condition="Window.IsVisible(Home)">Skin.SetString(submenu_action,$VAR[value_menu10907.action])</onclick>
	<visible>![IsEmpty(skin.string(menu10907.master)) | SubString(skin.string(menu10907.visible),off)] | Window.IsVisible(6000)</visible>
	</item>
	<item>
	<label fallback="31014">$VAR[value_menu10908.label]</label>
	<property name="condition">$INFO[skin.string(menu10908.visible)]</property>
	<property name="name">menu10908</property>
	<property name="id">$INFO[skin.string(menu10908.master)]</property>
	<onclick condition="Window.IsVisible(6000)">SetFocus(5000)</onclick>
	<onclick condition="Window.IsVisible(Home)">Dialog.Close(6109)</onclick>
	<onclick condition="Window.IsVisible(Home)">Skin.SetString(submenu_action,$VAR[value_menu10908.action])</onclick>
	<visible>![IsEmpty(skin.string(menu10908.master)) | SubString(skin.string(menu10908.visible),off)] | Window.IsVisible(6000)</visible>
	</item>
	<item>
	<label fallback="31014">$VAR[value_menu10909.label]</label>
	<property name="condition">$INFO[skin.string(menu10909.visible)]</property>
	<property name="name">menu10909</property>
	<property name="id">$INFO[skin.string(menu10909.master)]</property>
	<onclick condition="Window.IsVisible(6000)">SetFocus(5000)</onclick>
	<onclick condition="Window.IsVisible(Home)">Dialog.Close(6109)</onclick>
	<onclick condition="Window.IsVisible(Home)">Skin.SetString(submenu_action,$VAR[value_menu10909.action])</onclick>
	<visible>![IsEmpty(skin.string(menu10909.master)) | SubString(skin.string(menu10909.visible),off)] | Window.IsVisible(6000)</visible>
	</item>
	<item>
	<label fallback="31014">$VAR[value_menu10910.label]</label>
	<property name="condition">$INFO[skin.string(menu10910.visible)]</property>
	<property name="name">menu10910</property>
	<property name="id">$INFO[skin.string(menu10910.master)]</property>
	<onclick condition="Window.IsVisible(6000)">SetFocus(5000)</onclick>
	<onclick condition="Window.IsVisible(Home)">Dialog.Close(6109)</onclick>
	<onclick condition="Window.IsVisible(Home)">Skin.SetString(submenu_action,$VAR[value_menu10910.action])</onclick>
	<visible>![IsEmpty(skin.string(menu10910.master)) | SubString(skin.string(menu10910.visible),off)] | Window.IsVisible(6000)</visible>
	</item>
	<item>
	<label fallback="31014">$VAR[value_menu10911.label]</label>
	<property name="condition">$INFO[skin.string(menu10911.visible)]</property>
	<property name="name">menu10911</property>
	<property name="id">$INFO[skin.string(menu10911.master)]</property>
	<onclick condition="Window.IsVisible(6000)">SetFocus(5000)</onclick>
	<onclick condition="Window.IsVisible(Home)">Dialog.Close(6109)</onclick>
	<onclick condition="Window.IsVisible(Home)">Skin.SetString(submenu_action,$VAR[value_menu10911.action])</onclick>
	<visible>![IsEmpty(skin.string(menu10911.master)) | SubString(skin.string(menu10911.visible),off)] | Window.IsVisible(6000)</visible>
	</item>
	<item>
	<label fallback="31014">$VAR[value_menu10912.label]</label>
	<property name="condition">$INFO[skin.string(menu10912.visible)]</property>
	<property name="name">menu10912</property>
	<property name="id">$INFO[skin.string(menu10912.master)]</property>
	<onclick condition="Window.IsVisible(6000)">SetFocus(5000)</onclick>
	<onclick condition="Window.IsVisible(Home)">Dialog.Close(6109)</onclick>
	<onclick condition="Window.IsVisible(Home)">Skin.SetString(submenu_action,$VAR[value_menu10912.action])</onclick>
	<visible>![IsEmpty(skin.string(menu10912.master)) | SubString(skin.string(menu10912.visible),off)] | Window.IsVisible(6000)</visible>
	</item>
	<item>
	<label fallback="31014">$VAR[value_menu10913.label]</label>
	<property name="condition">$INFO[skin.string(menu10913.visible)]</property>
	<property name="name">menu10913</property>
	<property name="id">$INFO[skin.string(menu10913.master)]</property>
	<onclick condition="Window.IsVisible(6000)">SetFocus(5000)</onclick>
	<onclick condition="Window.IsVisible(Home)">Dialog.Close(6109)</onclick>
	<onclick condition="Window.IsVisible(Home)">Skin.SetString(submenu_action,$VAR[value_menu10913.action])</onclick>
	<visible>![IsEmpty(skin.string(menu10913.master)) | SubString(skin.string(menu10913.visible),off)] | Window.IsVisible(6000)</visible>
	</item>
	<item>
	<label fallback="31014">$VAR[value_menu10914.label]</label>
	<property name="condition">$INFO[skin.string(menu10914.visible)]</property>
	<property name="name">menu10914</property>
	<property name="id">$INFO[skin.string(menu10914.master)]</property>
	<onclick condition="Window.IsVisible(6000)">SetFocus(5000)</onclick>
	<onclick condition="Window.IsVisible(Home)">Dialog.Close(6109)</onclick>
	<onclick condition="Window.IsVisible(Home)">Skin.SetString(submenu_action,$VAR[value_menu10914.action])</onclick>
	<visible>![IsEmpty(skin.string(menu10914.master)) | SubString(skin.string(menu10914.visible),off)] | Window.IsVisible(6000)</visible>
	</item>
	<item>
	<label fallback="31014">$VAR[value_menu10915.label]</label>
	<property name="condition">$INFO[skin.string(menu10915.visible)]</property>
	<property name="name">menu10915</property>
	<property name="id">$INFO[skin.string(menu10915.master)]</property>
	<onclick condition="Window.IsVisible(6000)">SetFocus(5000)</onclick>
	<onclick condition="Window.IsVisible(Home)">Dialog.Close(6109)</onclick>
	<onclick condition="Window.IsVisible(Home)">Skin.SetString(submenu_action,$VAR[value_menu10915.action])</onclick>
	<visible>![IsEmpty(skin.string(menu10915.master)) | SubString(skin.string(menu10915.visible),off)] | Window.IsVisible(6000)</visible>
	</item>
	</content>
	</control>
	</control>
	</control>
	</controls>
</window>