<?xml version="1.0" encoding="UTF-8"?>
<fonts>
<!-- Aeon MQ 7 -->
	<!-- ########################################### CYRILLIC ########################################### -->	
	<fontset id="DEFAULT" unicode="true">
	<font>
	<name>Font_headersmall</name>
	<filename>arial.ttf</filename>
	<size>20</size>
	<style>uppercase</style>
	</font>
	<font>
	<name>Font_yearshome</name>
	<filename>aeon_mainmenu8.ttf</filename>
	<size>20</size>
	</font>
	<font>
	<name>Font_button</name>
	<filename>arial.ttf</filename>
	<size>22</size>
	<style>uppercase</style>
	</font>
	<font>
	<name>Font_plotsmall</name>
	<filename>arial.ttf</filename>
	<size>23</size>
	</font>
	<font>
	<name>Font13</name>
	<filename>arial.ttf</filename>
	<size>24</size>
	</font>
	<font>
	<name>Font_settings</name>
	<filename>arial.ttf</filename>
	<size>25</size>
	<style>uppercase</style>
	<linespacing>1.2</linespacing>
	</font>
	<font>
	<name>Font_header</name>
	<filename>arial.ttf</filename>
	<size>28</size>
	<style>uppercase</style>
	</font>
	<font>
	<name>Font_plot</name>
	<filename>arial.ttf</filename>
	<size>28</size>
	</font>
	<font>
	<name>Font_subtitle</name>
	<filename>arial.ttf</filename>
	<size>30</size>
	</font>
	<font>
	<name>Font_lyrics</name>
	<filename>arial.ttf</filename>
	<size>32</size>
	<style>bold</style>
	</font>
	<font>
	<name>Font_timesmall</name>
	<filename>arial.ttf</filename>
	<size>36</size>
	</font>
	<font>	
	<name>Font_list</name>
	<filename>arial.ttf</filename>
	<size>38</size>
	</font>
	<font>
	<name>Font_channels</name>
	<filename>aeon_mainmenu6.ttf</filename>
	<size>38</size>
	</font>
	<font>
	<name>Font_lyricsfocus</name>
	<filename>arial.ttf</filename>
	<size>45</size>
	<style>bold</style>
	</font>
	<font>
	<name>Font_time</name>
	<filename>arial.ttf</filename>
	<size>40</size>
	</font>
	<font>
	<name>Font_titlesettings</name>
	<filename>arial.ttf</filename>
	<size>45</size>
	<style>uppercase</style>
	</font>
	<font>
	<name>Font_title</name>
	<filename>arial.ttf</filename>
	<size>55</size>
	</font>
	<font>
	<name>Font_virtualmenu1</name>	
	<filename>aeon_mainmenu1.ttf</filename>
	<size>65</size>
	</font>
	<font>
	<name>Font_virtualmenu2</name>	
	<filename>arial.ttf</filename>
	<size>65</size>
	</font>
	<font>
	<name>Font_virtualmenu3</name>
	<filename>aeon_mainmenu3.ttf</filename>
	<size>65</size>
	</font>
	<font>
	<name>Font_virtualmenu4</name>	
	<filename>aeon_mainmenu4.ttf</filename>
	<size>65</size>
	</font>
	<font>
	<name>Font_virtualmenu5</name>	
	<filename>aeon_mainmenu5.ttf</filename>
	<size>65</size>
	</font>
	<font>
	<name>Font_virtualmenu6</name>	
	<filename>aeon_mainmenu6.ttf</filename>
	<size>65</size>
	</font>
	<font>
	<name>Font_virtualmenu7</name>	
	<filename>aeon_mainmenu7.ttf</filename>
	<size>65</size>
	</font>
	<font>
	<name>Font_virtualmenu8</name>	
	<filename>aeon_mainmenu8.ttf</filename>
	<size>65</size>
	</font>
	<font>
	<name>Font_menu1</name>	
	<filename>arial.ttf</filename>
	<size>70</size>
	</font>
	<font>
	<name>Font_menu2</name>	
	<filename>arial.ttf</filename>
	<size>80</size>
	</font>
	<font>
	<name>Font_menu3</name>	
	<filename>aeon_mainmenu4.ttf</filename>
	<size>70</size>
	</font>
	<font>
	<name>Font_menu4</name>	
	<filename>aeon_mainmenu4.ttf</filename>
	<size>80</size>
	</font>
	<font>
	<name>Font_menu5</name>	
	<filename>aeon_mainmenu8.ttf</filename>
	<size>50</size>
	</font>
	<font>
	<name>Font_menu6</name>	
	<filename>aeon_mainmenu8.ttf</filename>
	<size>60</size>
	</font>
	<font>
	<name>Font_menu7</name>	
	<filename>aeon_mainmenu8.ttf</filename>
	<size>70</size>
	</font>
	<font>
	<name>Font_menu8</name>	
	<filename>aeon_mainmenu8.ttf</filename>
	<size>90</size>
	</font>
	<font>
	<name>Font_titleviews</name>
	<filename>aeon_mainmenu8.ttf</filename>
	<size>90</size>
	<style>lighten</style>
	</font>
	<font>
	<name>Font_pause</name>
	<filename>arial.ttf</filename>
	<size>150</size>
	<style>uppercase bold</style>
	</font>
	</fontset>
	
	<!-- ########################################### DEFAULT ########################################### -->	
	<fontset id="English" unicode="true">
	<font>
	<name>Font_headersmall</name>
	<filename>aeon_common.ttf</filename>
	<size>20</size>
	<style>uppercase</style>
	</font>
	<font>
	<name>Font_yearshome</name>
	<filename>aeon_mainmenu8.ttf</filename>
	<size>20</size>
	</font>
	<font>
	<name>Font_button</name>
	<filename>aeon_common.ttf</filename>
	<size>22</size>
	<style>uppercase</style>
	</font>
	<font>
	<name>Font_plotsmall</name>
	<filename>aeon_common.ttf</filename>
	<size>23</size>
	</font>
	<font>
	<name>Font13</name>
	<filename>aeon_common.ttf</filename>
	<size>24</size>
	</font>
	<font>
	<name>Font_settings</name>
	<filename>aeon_common.ttf</filename>
	<size>25</size>
	<style>uppercase</style>
	<linespacing>1.2</linespacing>
	</font>
	<font>
	<name>Font_header</name>
	<filename>aeon_common.ttf</filename>
	<size>28</size>
	<style>uppercase</style>
	</font>
	<font>
	<name>Font_plot</name>
	<filename>aeon_common.ttf</filename>
	<size>28</size>
	</font>
	<font>
	<name>Font_subtitle</name>
	<filename>aeon_common.ttf</filename>
	<size>30</size>
	</font>
	<font>
	<name>Font_lyrics</name>
	<filename>aeon_mainmenu1.ttf</filename>
	<size>32</size>
	<style>bold</style>
	</font>
	<font>
	<name>Font_timesmall</name>
	<filename>aeon_common.ttf</filename>
	<size>36</size>
	</font>
	<font>	
	<name>Font_list</name>
	<filename>aeon_common.ttf</filename>
	<size>38</size>
	</font>
	<font>
	<name>Font_channels</name>
	<filename>aeon_mainmenu6.ttf</filename>
	<size>38</size>
	</font>
	<font>
	<name>Font_lyricsfocus</name>
	<filename>aeon_mainmenu1.ttf</filename>
	<size>45</size>
	<style>bold</style>
	</font>
	<font>
	<name>Font_time</name>
	<filename>aeon_common.ttf</filename>
	<size>45</size>
	</font>
	<font>
	<name>Font_titlesettings</name>
	<filename>aeon_common.ttf</filename>
	<size>45</size>
	<style>uppercase</style>
	</font>
	<font>
	<name>Font_title</name>
	<filename>aeon_common.ttf</filename>
	<size>55</size>
	</font>
	<font>
	<name>Font_virtualmenu1</name>	
	<filename>aeon_mainmenu1.ttf</filename>
	<size>65</size>
	</font>
	<font>
	<name>Font_virtualmenu2</name>	
	<filename>aeon_mainmenu2.ttf</filename>
	<size>65</size>
	</font>
	<font>
	<name>Font_virtualmenu3</name>
	<filename>aeon_mainmenu3.ttf</filename>
	<size>65</size>
	</font>
	<font>
	<name>Font_virtualmenu4</name>	
	<filename>aeon_mainmenu4.ttf</filename>
	<size>65</size>
	</font>
	<font>
	<name>Font_virtualmenu5</name>	
	<filename>aeon_mainmenu5.ttf</filename>
	<size>65</size>
	</font>
	<font>
	<name>Font_virtualmenu6</name>	
	<filename>aeon_mainmenu6.ttf</filename>
	<size>65</size>
	</font>
	<font>
	<name>Font_virtualmenu7</name>	
	<filename>aeon_mainmenu7.ttf</filename>
	<size>65</size>
	</font>
	<font>
	<name>Font_virtualmenu8</name>	
	<filename>aeon_mainmenu8.ttf</filename>
	<size>65</size>
	</font>
	<font>
	<name>Font_menu1</name>	
	<filename>aeon_mainmenu1.ttf</filename>
	<size>90</size>
	</font>
	<font>
	<name>Font_menu2</name>	
	<filename>aeon_mainmenu2.ttf</filename>
	<size>90</size>
	</font>
	<font>
	<name>Font_menu3</name>	
	<filename>aeon_mainmenu3.ttf</filename>
	<size>90</size>
	</font>
	<font>
	<name>Font_menu4</name>	
	<filename>aeon_mainmenu4.ttf</filename>
	<size>90</size>
	</font>
	<font>
	<name>Font_menu5</name>	
	<filename>aeon_mainmenu5.ttf</filename>
	<size>90</size>
	</font>
	<font>
	<name>Font_menu6</name>	
	<filename>aeon_mainmenu6.ttf</filename>
	<size>90</size>
	</font>
	<font>
	<name>Font_menu7</name>	
	<filename>aeon_mainmenu7.ttf</filename>
	<size>90</size>
	</font>
	<font>
	<name>Font_menu8</name>	
	<filename>aeon_mainmenu8.ttf</filename>
	<size>90</size>
	</font>
	<font>
	<name>Font_titleviews</name>
	<filename>aeon_mainmenu1.ttf</filename>
	<size>105</size>
	</font>
	<font>
	<name>Font_pause</name>
	<filename>aeon_common.ttf</filename>
	<size>150</size>
	<style>uppercase bold</style>
	</font>
	<font>
	</font>
	</fontset>
		<fontset id="English-2" unicode="true">
	<font>
	<name>Font_headersmall</name>
	<filename>arial.ttf</filename>
	<size>20</size>
	<style>uppercase</style>
	</font>
	<font>
	<name>Font_yearshome</name>
	<filename>aeon_mainmenu8.ttf</filename>
	<size>20</size>
	</font>
	<font>
	<name>Font_button</name>
	<filename>arial.ttf</filename>
	<size>22</size>
	<style>uppercase</style>
	</font>
	<font>
	<name>Font_plotsmall</name>
	<filename>arial.ttf</filename>
	<size>23</size>
	</font>
	<font>
	<name>Font13</name>
	<filename>arial.ttf</filename>
	<size>24</size>
	</font>
	<font>
	<name>Font_settings</name>
	<filename>arial.ttf</filename>
	<size>25</size>
	<style>uppercase</style>
	<linespacing>1.2</linespacing>
	</font>
	<font>
	<name>Font_header</name>
	<filename>arial.ttf</filename>
	<size>28</size>
	<style>uppercase</style>
	</font>
	<font>
	<name>Font_plot</name>
	<filename>arial.ttf</filename>
	<size>28</size>
	</font>
	<font>
	<name>Font_subtitle</name>
	<filename>arial.ttf</filename>
	<size>30</size>
	</font>
	<font>
	<name>Font_lyrics</name>
	<filename>arial.ttf</filename>
	<size>32</size>
	<style>bold</style>
	</font>
	<font>
	<name>Font_timesmall</name>
	<filename>arial.ttf</filename>
	<size>36</size>
	</font>
	<font>	
	<name>Font_list</name>
	<filename>arial.ttf</filename>
	<size>38</size>
	</font>
	<font>
	<name>Font_channels</name>
	<filename>aeon_mainmenu6.ttf</filename>
	<size>38</size>
	</font>
	<font>
	<name>Font_lyricsfocus</name>
	<filename>arial.ttf</filename>
	<size>45</size>
	<style>bold</style>
	</font>
	<font>
	<name>Font_time</name>
	<filename>arial.ttf</filename>
	<size>40</size>
	</font>
	<font>
	<name>Font_titlesettings</name>
	<filename>arial.ttf</filename>
	<size>45</size>
	<style>uppercase</style>
	</font>
	<font>
	<name>Font_title</name>
	<filename>arial.ttf</filename>
	<size>55</size>
	</font>
	<font>
	<name>Font_virtualmenu1</name>	
	<filename>aeon_mainmenu1.ttf</filename>
	<size>65</size>
	</font>
	<font>
	<name>Font_virtualmenu2</name>	
	<filename>aeon_mainmenu2.ttf</filename>
	<size>65</size>
	</font>
	<font>
	<name>Font_virtualmenu3</name>
	<filename>aeon_mainmenu3.ttf</filename>
	<size>65</size>
	</font>
	<font>
	<name>Font_virtualmenu4</name>	
	<filename>aeon_mainmenu4.ttf</filename>
	<size>65</size>
	</font>
	<font>
	<name>Font_virtualmenu5</name>	
	<filename>aeon_mainmenu5.ttf</filename>
	<size>65</size>
	</font>
	<font>
	<name>Font_virtualmenu6</name>	
	<filename>aeon_mainmenu6.ttf</filename>
	<size>65</size>
	</font>
	<font>
	<name>Font_virtualmenu7</name>	
	<filename>aeon_mainmenu7.ttf</filename>
	<size>65</size>
	</font>
	<font>
	<name>Font_virtualmenu8</name>	
	<filename>aeon_mainmenu8.ttf</filename>
	<size>65</size>
	</font>
	<font>
	<name>Font_menu1</name>	
	<filename>aeon_mainmenu2.ttf</filename>
	<size>70</size>
	</font>
	<font>
	<name>Font_menu2</name>	
	<filename>aeon_mainmenu2.ttf</filename>
	<size>80</size>
	</font>
	<font>
	<name>Font_menu3</name>	
	<filename>aeon_mainmenu4.ttf</filename>
	<size>70</size>
	</font>
	<font>
	<name>Font_menu4</name>	
	<filename>aeon_mainmenu4.ttf</filename>
	<size>80</size>
	</font>
	<font>
	<name>Font_menu5</name>	
	<filename>aeon_mainmenu8.ttf</filename>
	<size>50</size>
	</font>
	<font>
	<name>Font_menu6</name>	
	<filename>aeon_mainmenu8.ttf</filename>
	<size>60</size>
	</font>
	<font>
	<name>Font_menu7</name>	
	<filename>aeon_mainmenu8.ttf</filename>
	<size>70</size>
	</font>
	<font>
	<name>Font_menu8</name>	
	<filename>aeon_mainmenu8.ttf</filename>
	<size>90</size>
	</font>
	<font>
	<name>Font_titleviews</name>
	<filename>aeon_mainmenu8.ttf</filename>
	<size>90</size>
	<style>lighten</style>
	</font>
	<font>
	<name>Font_pause</name>
	<filename>arial.ttf</filename>
	<size>150</size>
	<style>uppercase bold</style>
	</font>
	</fontset>
</fonts>
