<?xml version="1.0" encoding="UTF-8"?>
<includes>
	<!-- Aeon MQ 7 -->
	<!-- ######################################################################### Letras layout estilo default ######################################################################### -->
	<include name="LyricsDefault">
	<control type="group">
	<animation effect="slide" start="0,-500" end="0,0" time="700" tween="sine" easing="inout" delay="4000">WindowOpen</animation>
	<animation effect="slide" start="0,-500" end="0,0" time="700" tween="sine" easing="inout" delay="1000">Visible</animation>
	<visible>Player.HasAudio + Window.IsVisible(2006) + ![Window.IsVisible(120) | Window.IsVisible(122) | Window.IsVisible(5600) | Skin.HasSetting(nolyrics_on) | Skin.HasSetting(novisfurniture)]</visible>
	<!-- Para proximas faixas -->
	<control type="button">	
	<left>38</left>
	<top>519</top>
	<width>375</width>
	<height>30</height>
	<label>31325</label>
	<font>Font_button</font>
	<align>left</align>
	<textoffsetx>60</textoffsetx>
	<onclick>ActivateWindow(5600)</onclick>
	<textcolor>80FFFAF0</textcolor>
	<focusedcolor>FFFFFAF0</focusedcolor>
	<texturefocus diffuse="gradient_button.png">grey.png</texturefocus>
	<visible>![IsEmpty(MusicPlayer.offset(1).Artist) | Skin.HasSetting(nonexttracks_on)]</visible>
	</control>
	<control type="image">
	<left>60</left>
	<top>518</top>
	<width>30</width>
	<height>30</height>
	<texture>arrow_left.png</texture>
	<colordiffuse>80FFFAF0</colordiffuse>
	<include>Animation_Fade</include>
	<visible>![IsEmpty(MusicPlayer.offset(1).Artist) | Skin.HasSetting(nonexttracks_on)]</visible>
	</control>
	<!-- Para Menu -->
	<control type="button">	
	<left>1508</left>
	<top>519</top>
	<width>375</width>
	<height>30</height>
	<label>31238</label>
	<font>Font_button</font>
	<align>right</align>
	<textoffsetx>60</textoffsetx>
	<onclick>ActivateWindow(120)</onclick>
	<textcolor>80FFFAF0</textcolor>
	<focusedcolor>FFFFFAF0</focusedcolor>
	<texturefocus flipx="true" diffuse="gradient_button.png">grey.png</texturefocus>
	<texturenofocus>-</texturenofocus>
	</control>
	<control type="image">
	<left>1830</left>
	<top>518</top>
	<width>30</width>
	<height>30</height>
	<texture flipx="true">arrow_left.png</texture>
	<colordiffuse>80FFFAF0</colordiffuse>
	<include>Animation_Fade</include>
	</control>
	<!-- Scraper -->
	<control type="label" id="200">	
	<visible>false</visible>
	</control>
	<!-- ** Required ** Do not change <id> or <type> -->
	<control type="list" id="110">
	<left>60</left>
	<top>30</top>
	<width>1620</width>
	<height>470</height>
	<onleft condition="![IsEmpty(MusicPlayer.offset(1).Artist) | Skin.HasSetting(nonexttracks_on)]">ActivateWindow(5600)</onleft>
	<onright>ActivateWindow(120)</onright>
	<onup>999</onup>
	<ondown>110</ondown>
	<viewtype label="535">list</viewtype>
	<pagecontrol>111</pagecontrol>
	<scrolltime>200</scrolltime>
	<itemlayout height="52">
	<control type="label">
	<left>2</left>
	<top>0</top>
	<width>1620</width>
	<height>33</height>
	<info>ListItem.Label</info>
	<font>Font_lyrics</font>
	<align>left</align>
	<aligny>top</aligny>
	<textcolor>black</textcolor>
	</control>
	<control type="label">
	<left>-1</left>
	<top>0</top>
	<width>1620</width>
	<height>33</height>
	<info>ListItem.Label</info>
	<font>Font_lyrics</font>
	<align>left</align>
	<aligny>top</aligny>
	<textcolor>black</textcolor>
	</control>
	<control type="label">
	<left>1</left>
	<top>2</top>
	<width>1620</width>
	<height>33</height>
	<info>ListItem.Label</info>
	<font>Font_lyrics</font>
	<align>left</align>
	<aligny>top</aligny>
	<textcolor>black</textcolor>
	</control>
	<control type="label">
	<left>0</left>
	<top>-1</top>
	<width>1620</width>
	<height>33</height>
	<info>ListItem.Label</info>
	<font>Font_lyrics</font>
	<align>left</align>
	<aligny>top</aligny>
	<textcolor>black</textcolor>
	</control>
	<control type="label">
	<width>1620</width>
	<height>33</height>
	<info>ListItem.Label</info>
	<font>Font_lyrics</font>
	<align>left</align>
	<aligny>top</aligny>
	<textcolor>FFE9F2F3</textcolor>
	</control>
	</itemlayout>
	<focusedlayout height="52">
	<control type="label">
	<left>2</left>
	<top>-6</top>
	<width>1620</width>
	<height>33</height>
	<info>ListItem.Label</info>
	<font>Font_lyricsfocus</font>
	<align>left</align>
	<aligny>top</aligny>
	<textcolor>black</textcolor>
	</control>
	<control type="label">
	<left>-1</left>
	<top>-6</top>
	<width>1620</width>
	<height>33</height>
	<info>ListItem.Label</info>
	<font>Font_lyricsfocus</font>
	<align>left</align>
	<aligny>top</aligny>
	<textcolor>black</textcolor>
	</control>
	<control type="label">
	<left>1</left>
	<top>-4</top>
	<width>1620</width>
	<height>33</height>
	<info>ListItem.Label</info>
	<font>Font_lyricsfocus</font>
	<align>left</align>
	<aligny>top</aligny>
	<textcolor>black</textcolor>
	</control>
	<control type="label">
	<left>0</left>
	<top>-7</top>
	<width>1620</width>
	<height>33</height>
	<info>ListItem.Label</info>
	<font>Font_lyricsfocus</font>
	<align>left</align>
	<aligny>top</aligny>
	<textcolor>black</textcolor>
	</control>
	<control type="label">
	<left>0</left>
	<top>-7</top>
	<width>1620</width>
	<height>33</height>
	<info>ListItem.Label</info>
	<font>Font_lyricsfocus</font>
	<align>left</align>
	<aligny>top</aligny>
	<textcolor>$INFO[Skin.String(colorheader)]</textcolor>
	</control>
	</focusedlayout>
	</control>
	<control type="spincontrol" id="111">
	<visible>false</visible>
	</control>
	<!-- ** Required ** Do not change <id> or <type> -->
	<control type="list" id="120">
	<left>150</left>
	<top>105</top>
	<width>1620</width>
	<height>405</height>
	<onleft condition="![IsEmpty(MusicPlayer.offset(1).Artist) | Skin.HasSetting(nonexttracks_on)]">ActivateWindow(5600)</onleft>
	<onright>ActivateWindow(120)</onright>
	<onup>120</onup>
	<ondown>120</ondown>
	<viewtype label="535">list</viewtype>
	<pagecontrol>121</pagecontrol>
	<scrolltime>200</scrolltime>
	<itemlayout height="52">
	<control type="label">
	<left>0</left>
	<top>4</top>
	<width>1620</width>
	<height>33</height>
	<info>ListItem.Label</info>
	<font>Font_list</font>
	<align>center</align>
	<aligny>center</aligny>
	<textcolor>80FFFAF0</textcolor>
	</control>
	</itemlayout>
	<focusedlayout height="52">
	<control type="image">
	<left>0</left>
	<top>4</top>
	<width>1620</width>
	<height>52</height>
	<texture>gradient_focus.png</texture>
	<colordiffuse>$INFO[Skin.String(colorheader)]</colordiffuse>
	<visible>Control.HasFocus(120)</visible>
	</control>
	<control type="label">
	<left>-82</left>
	<top>4</top>
	<width>1620</width>
	<height>33</height>
	<info>ListItem.Label</info>
	<font>Font_title</font>
	<align>center</align>
	<aligny>center</aligny>
	<textcolor>$INFO[Skin.String(colorheader)]</textcolor>
	</control>
	</focusedlayout>
	</control>
	<control type="spincontrol" id="121">
	<visible>false</visible>
	</control>
	</control>
	</include>
	<!-- ######################################################################### Letras em modo karaoke ######################################################################### -->
	<include name="LyricsKaraoke">
	<control type="group">	
	<animation effect="slide" start="-1920,0" end="0,0" time="700" tween="sine" easing="inout" delay="1000">WindowOpen</animation>
	<animation effect="slide" start="-1920,0" end="0,0" time="700" tween="sine" easing="inout" delay="1000">Visible</animation>
	<animation effect="slide" start="0,0" end="-1920,0" time="400" tween="sine" easing="inout">WindowClose</animation>
	<animation effect="slide" start="0,0" end="-1920,0" time="400" tween="sine" easing="inout">Hidden</animation>
	<visible>Player.HasAudio + ![Window.IsVisible(120) | Window.IsVisible(122) | Window.IsVisible(5600)]</visible>
	<control type="image">
	<left>0</left>
	<top>0</top>
	<width>1920</width>
	<height>1080</height>
	<texture>black.png</texture>
	<colordiffuse>C3FFFFFF</colordiffuse>
	</control>
	<control type="image">
	<left>0</left>
	<top>94</top>
	<width>1920</width>
	<height>45</height>
	<texture flipy="true">shadow_h.png</texture>
	<colordiffuse>C3FFFFFF</colordiffuse>
	</control>
	<control type="image">
	<left>0</left>
	<top>0</top>
	<width>1920</width>
	<height>94</height>
	<texture>black.png</texture>
	<colordiffuse>C3FFFFFF</colordiffuse>
	</control>
	<control type="image">
	<left>0</left>
	<top>0</top>
	<width>1920</width>
	<height>92</height>
	<texture>black.png</texture>
	<colordiffuse>90FFFFFF</colordiffuse>
	</control>
	<!-- Titulo -->
	<control type="label">	
	<left>75</left>
	<top>18</top>
	<width>1770</width>
	<height>30</height>
	<label>[COLOR=$INFO[Skin.String(colorheader)]]$INFO[MusicPlayer.Artist][/COLOR] - $INFO[MusicPlayer.Title]</label>
	<font>Font_title</font>
	<align>center</align>
	<textcolor>FFFFFAF0</textcolor>
	</control>
	<control type="image">
	<left>1845</left>
	<top>1020</top>
	<width>30</width>
	<height>30</height>
	<texture flipx="true">arrow_left.png</texture>
	<colordiffuse>30FFFAF0</colordiffuse>
	<include>Animation_Fade</include>
	</control>
	<!-- Para Menu -->
	<control type="label">	
	<left>1830</left>
	<top>1020</top>
	<width>225</width>
	<height>30</height>
	<label>31238</label>
	<font>Font_button</font>
	<align>right</align>
	<textcolor>30FFFAF0</textcolor>
	</control>
	<!-- Scraper -->
	<control type="label" id="200">	
	<visible>false</visible>
	</control>
	<!-- ** Required ** Do not change <id> or <type> -->
	<control type="list" id="110">
	<left>150</left>
	<top>135</top>
	<width>1620</width>
	<height>885</height>
	<onright>ActivateWindow(120)</onright>
	<onup>999</onup>
	<ondown>110</ondown>
	<viewtype label="535">list</viewtype>
	<pagecontrol>111</pagecontrol>
	<scrolltime>200</scrolltime>
	<itemlayout height="52">
	<control type="label">
	<left>0</left>
	<top>4</top>
	<width>1620</width>
	<height>33</height>
	<info>ListItem.Label</info>
	<font>Font_list</font>
	<align>center</align>
	<aligny>center</aligny>
	<textcolor>80FFFAF0</textcolor>
	</control>
	</itemlayout>
	<focusedlayout height="52">
	<control type="image">
	<left>0</left>
	<top>4</top>
	<width>1620</width>
	<height>52</height>
	<texture>gradient_focus.png</texture>
	<colordiffuse>$INFO[Skin.String(colorheader)]</colordiffuse>
	<visible>Control.HasFocus(110)</visible>
	</control>
	<control type="label">
	<left>-82</left>
	<top>4</top>
	<width>1770</width>
	<height>33</height>
	<info>ListItem.Label</info>
	<font>Font_title</font>
	<align>center</align>
	<aligny>center</aligny>
	<textcolor>$INFO[Skin.String(colorheader)]</textcolor>
	</control>
	</focusedlayout>
	</control>
	<control type="spincontrol" id="111">
	<visible>false</visible>
	</control>
	<!-- ** Required ** Do not change <id> or <type> -->
	<control type="list" id="120">
	<left>150</left>
	<top>135</top>
	<width>1620</width>
	<height>885</height>
	<onright>ActivateWindow(120)</onright>
	<onup>120</onup>
	<ondown>120</ondown>
	<viewtype label="535">list</viewtype>
	<pagecontrol>121</pagecontrol>
	<scrolltime>200</scrolltime>
	<itemlayout height="52">
	<control type="label">
	<left>0</left>
	<top>4</top>
	<width>1620</width>
	<height>33</height>
	<info>ListItem.Label</info>
	<font>Font_list</font>
	<align>center</align>
	<aligny>center</aligny>
	<textcolor>80FFFAF0</textcolor>
	</control>
	</itemlayout>
	<focusedlayout height="52">
	<control type="image">
	<left>0</left>
	<top>4</top>
	<width>1620</width>
	<height>52</height>
	<texture>gradient_focus.png</texture>
	<colordiffuse>$INFO[Skin.String(colorheader)]</colordiffuse>
	<visible>Control.HasFocus(120)</visible>
	</control>
	<control type="label">
	<left>-82</left>
	<top>4</top>
	<width>1620</width>
	<height>33</height>
	<info>ListItem.Label</info>
	<font>Font_title</font>
	<align>center</align>
	<aligny>center</aligny>
	<textcolor>$INFO[Skin.String(colorheader)]</textcolor>
	</control>
	</focusedlayout>
	</control>
	<control type="spincontrol" id="121">
	<visible>false</visible>
	</control>
	</control>
	</include>
</includes>