<?xml version="1.0" encoding="UTF-8"?>
<window>
	<!-- Aeon MQ 7 -->
	<defaultcontrol always="true">50</defaultcontrol>
	<views>50</views>
	<onunload condition="Skin.HasSetting(kioskcode)">Skin.Reset($INFO[skin.string(custom_code)])</onunload>
	<controls>
	<control type="multiimage">
	<!-- Fanart -->
	<include>WindowBG</include>
	<imagepath background="true">$VAR[value_menutheme_livetv]</imagepath>
	</control>
	<control type="group">
	<!-- Visualizacao de fundo -->
	<animation effect="fade" reversible="true" time="300">VisibleChange</animation>
	<control type="image">
	<left>0</left>
	<top>0</top>
	<width>1920</width>
	<height>1080</height>
	<texture>black.png</texture>
	<colordiffuse>C3FFFFFF</colordiffuse>
	<include>Animation_Fade</include>
	<visible>Player.HasMedia</visible>
	</control>
	<control type="videowindow">
	<left>0</left>
	<top>0</top>
	<width>1920</width>
	<height>1080</height>
	<visible>Player.HasVideo</visible>
	<animation effect="slide" start="0,0" end="-3000,0" time="0">WindowClose</animation>
	</control>
	<control type="visualisation">
	<left>0</left>
	<top>0</top>
	<width>1920</width>
	<height>1080</height>
	<visible>Player.HasAudio</visible>
	<animation effect="slide" start="0,0" end="-3000,0" time="0">WindowClose</animation>
	</control>
	</control>
	<!-- default group -->
	<control type="group">	
	<include>Animation_Window</include>
	<visible>![Window.IsActive(PVRGuideInfo) | Window.IsActive(PVRRecordingInfo) | Window.IsActive(PVRGuideSearch) | Window.IsActive(PVRTimerSetting)]</visible>
	<!-- to menu/kiosk condition -->
	<control type="button" id="9900">	
	<include>InvisibleButton</include>
	<onfocus condition="![Skin.HasSetting(kiosk) | Skin.HasSetting(kiosksmart) + !SubString(skin.string(codestep),step3)]">SetFocus(9000)</onfocus>
	<onfocus condition="Skin.HasSetting(kiosksmart) + !SubString(skin.string(codestep),step3)">SetFocus(9100)</onfocus>
	</control>
	<!-- hidden colection/view fanart -->
	<control type="button" id="9920">	
	<include>InvisibleButton</include>
	<onleft>SetFocus(50)</onleft>
	<onright>SetFocus(50)</onright>
	<onup>SetFocus(50)</onup>
	<ondown>SetFocus(50)</ondown>
	</control>
	<control type="group">
	<animation effect="fade" reversible="true" time="300">VisibleChange</animation>
	<visible>Control.IsVisible(50)</visible>
	<include>EPGMenu</include>
	<control type="image">
	<left>360</left>
	<top>196</top>
	<width>360</width>
	<height>658</height>
	<texture>grey.png</texture>
	<colordiffuse>20FFFFFF</colordiffuse>
	</control>
	<control type="image">
	<left>1740</left>
	<top>196</top>
	<width>105</width>
	<height>658</height>
	<texture>grey.png</texture>
	<colordiffuse>20FFFFFF</colordiffuse>
	</control>
	<control type="panel" id="50">
	<left>0</left>
	<top>195</top>
	<width>1920</width>
	<height>660</height>
	<onup>50</onup>
	<ondown>50</ondown>
	<onleft>9900</onleft>
	<onright>77</onright>
	<pagecontrol>77</pagecontrol>
	<scrolltime>350</scrolltime>
	<itemlayout height="60" width="1920">
	<control type="label">
	<include>SettingsLabel</include>
	<label>$INFO[ListItem.ChannelName]</label>
	</control>
	<control type="image">
	<left>0</left>
	<top>0</top>
	<width>360</width>
	<height>4</height>
	<texture>divider.png</texture>
	<colordiffuse>90FFFFFF</colordiffuse>
	</control>
	<control type="image">
	<left>360</left>
	<top>1</top>
	<width>1560</width>
	<height>57</height>
	<aspectratio>stretch</aspectratio>
	<colordiffuse>50FFFAF0</colordiffuse>
	<texture>grey.png</texture>
	</control>
	<control type="label">
	<left>375</left>
	<top>0</top>
	<width>435</width>
	<height>60</height>
	<align>center</align>
	<aligny>center</aligny>
	<font>Font_header</font>
	<include>listcolor</include>
	<label>$INFO[ListItem.StartDate] $INFO[ListItem.StartTime]</label>
	</control>
	<control type="label">
	<left>885</left>
	<top>1</top>
	<width>885</width>
	<height>57</height>
	<align>left</align>
	<aligny>center</aligny>
	<font>Font_plot</font>
	<include>listcolor</include>
	<info>ListItem.Label</info>
	</control>
	<control type="image">
	<left>1620</left>
	<top>15</top>
	<width>45</width>
	<height>30</height>
	<texture>pvr_isrecording.png</texture>
	<visible>ListItem.IsRecording</visible>
	</control>
	<control type="image">
	<left>1680</left>
	<top>1</top>
	<width>165</width>
	<height>57</height>
	<texture>pvr_hastimer.png</texture>
	<visible>ListItem.HasTimer + ![ListItem.IsRecording]</visible>
	</control>
	</itemlayout>
	<focusedlayout height="60" width="1920">
	<control type="image">
	<left>0</left>
	<top>0</top>
	<width>357</width>
	<height>60</height>
	<texture>grey.png</texture>
	<animation effect="fade" start="100" end="50" time="50" condition="!Control.Hasfocus(50)">conditional</animation>
	</control>
	<control type="image">
	<left>360</left>
	<top>1</top>
	<width>1560</width>
	<height>57</height>
	<aspectratio>stretch</aspectratio>
	<colordiffuse>FFFFFAF0</colordiffuse>
	<texture>grey.png</texture>
	</control>
	<control type="label">
	<include>SettingsLabelFocus</include>
	<label>$INFO[ListItem.ChannelName]</label>
	</control>
	<control type="label">
	<left>375</left>
	<top>0</top>
	<width>435</width>
	<height>60</height>
	<align>center</align>
	<aligny>center</aligny>
	<font>Font_header</font>
	<textcolor>$INFO[Skin.String(colorheader)]</textcolor>
	<label>$INFO[ListItem.StartDate] $INFO[ListItem.StartTime]</label>
	</control>
	<control type="label">
	<left>885</left>
	<top>1</top>
	<width>885</width>
	<height>57</height>
	<align>left</align>
	<aligny>center</aligny>
	<font>Font_plot</font>
	<include>listcolorfocus</include>
	<info>ListItem.Label</info>
	</control>
	<control type="image">
	<left>1620</left>
	<top>15</top>
	<width>45</width>
	<height>30</height>
	<texture>pvr_isrecording.png</texture>
	<visible>ListItem.IsRecording</visible>
	</control>
	<control type="image">
	<left>1680</left>
	<top>1</top>
	<width>165</width>
	<height>57</height>
	<texture>pvr_hastimer.png</texture>
	<visible>ListItem.HasTimer + !ListItem.IsRecording</visible>
	</control>
	</focusedlayout>
	</control>
	<control type="scrollbar" id="77">
	<include>ScrollBar_Vertical</include>
	<left>1868</left>
	<top>202</top>
	<height>645</height>
	<onleft>50</onleft>
	<onright>36</onright>
	<ondown>77</ondown>
	<onup>77</onup>
	</control>
	<include>PVRCommonInfo</include>
	</control>
	<!-- Furniture -->
	<include>TopMenu_PVR</include>
	<include>BGBlack</include>
	<include>TouchScreen</include>
	</control>
	</controls>
</window>