<?xml version="1.0" encoding="UTF-8"?>
<window>
	<!-- Aeon MQ 7 -->
	<defaultcontrol always="true">51</defaultcontrol>
	<onload condition="Window.Previous(6625)">Container.SetViewMode($INFO[skin.string(setviewvideo)])</onload>
	<onload condition="Window.Previous(6625)">SetFocus(9940)</onload>
	<onload condition="System.HasAddon(script.tv.show.next.aired) + [Container.Content(tvshows) | Container.Content(seasons) | Container.Content(episodes)]">RunScript(script.tv.show.next.aired,backend=True)</onload>
	<onunload condition="Skin.HasSetting(kioskcode)">Skin.Reset(codestep)</onunload>
	<onunload condition="Skin.HasSetting(trailers)">Skin.Reset(trailers)</onunload>
	<onunload condition="Skin.HasSetting(playlists)">Skin.Reset(playlists)</onunload>
	<views>51,52,53,54,55,56,57,58,59,60,61,62,63,64,65,66,67,68,69,70,71,72</views>
	<controls>
	<!-- Multi Fanart -->
	<control type="multiimage">	
	<include>WindowBG</include>
	<imagepath background="true">$VAR[value_videofanart]</imagepath>
	<visible>![Container.Content(genres) | Control.IsVisible(70)]</visible>
	</control>
	<!-- Fanart padrao -->
	<control type="image">	
	<include>WindowBG</include>
	<texture background="true">$VAR[value_defaultvideofanart]</texture>
	<visible>![Container.Content(genres) | Control.IsVisible(70)]</visible>
	</control>
	<!-- Fanart Genero -->
	<control type="image">	
	<include>WindowBG</include>
	<texture fallback="special://skin/backgrounds/movies.jpg" background="true">$VAR[value_defaultvideofanart]</texture>
	<visible>Container.Content(genres) + !Control.IsVisible(70)</visible>
	</control>
	<!-- Multi Fanart -->
	<control type="multiimage">	
	<include>HalfWindowBG</include>
	<imagepath background="true">$VAR[value_videofanart]</imagepath>
	<visible>!Container.Content(genres) + Control.IsVisible(70)</visible>
	</control>
	<!-- Fanart padrao -->
	<control type="image">	
	<include>HalfWindowBG</include>
	<texture background="true">$VAR[value_defaultvideofanart]</texture>
	<visible>!Container.Content(genres) + Control.IsVisible(70)</visible>
	</control>
	<!-- Fanart Genero -->
	<control type="image">	
	<include>HalfWindowBG</include>
	<texture fallback="special://skin/backgrounds/movies.jpg" background="true">$VAR[value_defaultvideofanart]</texture>
	<visible>Container.Content(genres) + Control.IsVisible(70)</visible>
	</control>
	<!-- Extra Fanart Movies/TvShows/MusicVideos/Sets -->
	<control type="multiimage" id="5020">	
	<include>InvisibleButton</include>
	<imagepath background="true">$INFO[ListItem.Path]extrafanart/</imagepath>
	<visible>Container.Content(movies) + !Skin.HasSetting(trailers) + SubString(skin.string(moviesfanart),extra) | Container.Content(tvshows) + SubString(skin.string(tvshowsfanart),extra) | Container.Content(musicvideos) + SubString(skin.string(musicvideosfanart),extra) | Container.Content(sets) + SubString(skin.string(setsfanart),extra)</visible>
	</control>
	<!-- Extra Fanart Seasons -->
	<control type="multiimage" id="5021">	
	<include>InvisibleButton</include>
	<imagepath background="true">$INFO[ListItem.Path,,extrafanart/]</imagepath>
	<visible>Container.Content(seasons) + SubString(skin.string(seasonsfanart),extra)</visible>
	</control>
	<!-- Extra Fanart Episodes -->
	<control type="multiimage" id="5022">	
	<include>InvisibleButton</include>
	<imagepath background="true">$INFO[ListItem.Path,,../extrafanart/]</imagepath>
	<visible>Container.Content(episodes) + SubString(skin.string(episodesfanart),extra)</visible>
	</control>
	<!-- Season Fanart -->
	<control type="image" id="5023">	
	<include>InvisibleButton</include>
	<texture background="true">$INFO[ListItem.Path]$INFO[ListItem.Label,,/fanart.jpg]</texture>
	<visible>Container.Content(seasons) + SubString(skin.string(seasonsfanart),seasons)</visible>
	</control>
	<!-- Season Fanart/episodes -->
	<control type="image" id="5024">	
	<include>InvisibleButton</include>
	<texture background="true">$INFO[ListItem.Path,,fanart.jpg]</texture>
	<visible>Container.Content(episodes) + SubString(skin.string(episodesfanart),seasons)</visible>
	</control>
	<include>LiveBG</include>
	<control type="image">
	<left>0</left>
	<top>0</top>
	<width>1920</width>
	<height>1080</height>
	<texture>black.png</texture>
	<colordiffuse>C3FFFFFF</colordiffuse>
	<include>Animation_Fade</include>
	<visible>Player.HasVideo + !Skin.HasSetting(fullscreentrailer) | Control.IsVisible(69) + Container.Content(episodes) + Skin.HasSetting(plepthumb)</visible>
	</control>
	<control type="image">
	<left>0</left>
	<top>0</top>
	<width>1920</width>
	<height>1080</height>
	<texture>black.png</texture>
	<colordiffuse>80FFFFFF</colordiffuse>
	<include>Animation_Fade</include>
	<visible>Control.IsVisible(71)</visible>
	</control>
	<!-- default group -->
	<control type="group">	
	<include>Animation_Window</include>
	<!-- Controle tvshow tagline -->
	<control type="label" id="565">                
	<include>InvisibleButton</include>
	<label>$VAR[value_videotvshowtag]</label>
	<visible>[Container.Content(tvshows) | Container.Content(seasons) | Container.Content(episodes)] + ![StringCompare(ListItem.Label,..) | Skin.HasSetting(notvshowstagline)]</visible>
	</control>
	<!-- to menu/kiosk condition -->
	<control type="button" id="9900">	
	<include>InvisibleButton</include>
	<onfocus condition="![Skin.HasSetting(kiosk) | Skin.HasSetting(kiosksmart) + !SubString(skin.string(codestep),step3)]">SetFocus(9300)</onfocus>
	<onfocus condition="Skin.HasSetting(kiosksmart) + !SubString(skin.string(codestep),step3)">SetFocus(9100)</onfocus>
	<onfocus condition="Skin.HasSetting(kiosk)">SetFocus(51)</onfocus>
	</control>
	<!-- Esconde colecao para ver fanart -->
	<control type="button" id="9920">	
	<include>InvisibleButton</include>
	<onleft>SetFocus(51)</onleft>
	<onright>SetFocus(51)</onright>
	<onup>SetFocus(51)</onup>
	<ondown>SetFocus(51)</ondown>
	</control>
	<!-- Painel de info auto -->
	<control type="image" id="9921">	
	<include>InvisibleButton</include>
	<animation effect="fade" start="0" end="100" time="150" delay="1000" condition="SubString(skin.string(panel_seconds),1)">Visible</animation>
	<animation effect="fade" start="0" end="100" time="150" delay="2000" condition="SubString(skin.string(panel_seconds),2)">Visible</animation>
	<animation effect="fade" start="0" end="100" time="150" delay="3000" condition="SubString(skin.string(panel_seconds),3)">Visible</animation>
	<animation effect="fade" start="0" end="100" time="150" delay="4000" condition="SubString(skin.string(panel_seconds),4)">Visible</animation>
	<animation effect="fade" start="0" end="100" time="150" delay="5000" condition="SubString(skin.string(panel_seconds),5)">Visible</animation>
	<visible>![Container.OnNext | Container.OnPrevious]</visible>
	</control>
	<!-- Refresh das vistas -->
	<control type="button" id="9922">	
	<include>InvisibleButton</include>
	<animation effect="fade" start="0" end="100" time="150" delay="3000">Hidden</animation>
	<visible>Window.IsVisible(6625)</visible>
	</control>
	<!-- Delay da arte de disco -->
	<control type="image" id="9923">	
	<include>InvisibleButton</include>
	<animation effect="fade" start="0" end="100" time="150" delay="1000">Visible</animation>
	<visible>![Container.OnNext | Container.OnPrevious]</visible>
	</control>
	<!-- Controle estudio -->
	<control type="image" id="556">	
	<include>InvisibleButton</include>
	<texture>$VAR[value_mediaicons_path]studios/$INFO[ListItem.Studio,,.png]</texture>
	</control>
	<!-- Controle mpaa -->
	<control type="image" id="557">	
	<include>InvisibleButton</include>
	<texture>$VAR[value_mpaa]</texture>
	</control>
	<!-- Controle video codec -->		
	<control type="image" id="558">	
	<include>InvisibleButton</include>
	<texture>$VAR[value_videocodec]</texture>
	</control>
	<!-- Controle resolucao -->
	<control type="image" id="560">	
	<include>InvisibleButton</include>
	<texture>$VAR[value_mediaicons_path]videoresolution/$INFO[ListItem.VideoResolution,,.png]</texture>
	</control>
	<!-- Controle aspecto -->
	<control type="image" id="561">	
	<include>InvisibleButton</include>
	<texture>$VAR[value_mediaicons_path]aspectratio/$INFO[ListItem.VideoAspect,,.png]</texture>
	</control>
	<!-- Controle audio codec -->
	<control type="image" id="562">	
	<include>InvisibleButton</include>
	<texture>$VAR[value_mediaicons_path]audiocodec/$INFO[ListItem.AudioCodec,,.png]</texture>
	</control>
	<!-- Controle canais de audio -->
	<control type="image" id="563">	
	<include>InvisibleButton</include>
	<texture>$INFO[ListItem.Property(AudioLanguage.1)]</texture>
	</control>
	<!-- Controle legenda -->
	<control type="image" id="564">	
	<include>InvisibleButton</include>
	<texture>$INFO[ListItem.Property(SubtitleLanguage.1)]</texture>
	</control>
	<!-- Grupo ocultar flags ou fanart -->
	<control type="group">	
	<top>45</top>
	<!-- 67,68 -->
	<include condition="Skin.HasSetting(view3dwall_video)">View3DWall</include>	
	<include>Animation_HiddenView</include>
	<control type="image">
	<left>0</left>
	<top>765</top>
	<width>1920</width>
	<height>270</height>
	<texture diffuse="shadow_mask.png">darkgrey.png</texture>
	<colordiffuse>$INFO[Skin.String(colorfloor)]</colordiffuse>
	<visible>!Control.IsVisible(70)</visible>
	</control>
	<!-- Barra do rodape -->
	<control type="image">	
	<left>0</left>
	<top>765</top>
	<width>1920</width>
	<height>270</height>
	<texture>shadow_mask.png</texture>
	<colordiffuse>$INFO[Skin.String(colorfloor)]</colordiffuse>
	<visible>!Control.IsVisible(70)</visible>
	</control>
	<!-- Etiquetas -->
	<control type="group">
	<animation effect="slide" start="0,450" end="0,0" time="500" tween="sine" easing="out">WindowOpen</animation>
	<animation effect="slide" start="0,450" end="0,0" time="500" tween="sine" easing="out">Visible</animation>
	<animation effect="slide" start="0,0" end="0,450" time="500" tween="sine" easing="out">Hidden</animation>
	<visible>![Control.IsVisible(57) | Control.IsVisible(70) | StringCompare(ListItem.Label,..) | IsEmpty(Control.GetLabel(556)) + IsEmpty(Control.GetLabel(557)) + IsEmpty(Control.GetLabel(558)) + IsEmpty(Control.GetLabel(559)) + IsEmpty(Control.GetLabel(560)) + IsEmpty(Control.GetLabel(561)) + IsEmpty(Control.GetLabel(562)) + IsEmpty(Control.GetLabel(563)) + IsEmpty(Control.GetLabel(564))] + [SubString(skin.string(mediaflags),on) | SubString(skin.string(mediaflags),auto) + Control.IsVisible(9921)]</visible>
	<control type="grouplist">	
	<left>30</left>
	<top>972</top>
	<orientation>horizontal</orientation>
	<itemgap>33</itemgap>
	<animation effect="fade" start="100" end="0" time="200" condition="Window.IsVisible(6621)">Conditional</animation>
	<include>FlagsContent</include>
	</control>
	<control type="image">
	<left>0</left>
	<top>975</top>
	<height>63</height>
	<width>1920</width>
	<texture>gradient_small.png</texture>
	</control>
	</control>
	</control>
	
	<!--############################################################################ TITULO/TAGLINE/ESTRELAS ############################################################################-->
	<control type="group">	
	<top>-45</top>
	<animation effect="slide" time="400" start="0,-375" end="0,0" easing="inout" tween="cubic">WindowOpen</animation>
	<animation effect="slide" time="400" start="0,-375" end="0,0" easing="inout" tween="cubic">Visible</animation>
	<animation effect="slide" time="400" start="0,0" end="0,-375" easing="inout" tween="cubic">WindowClose</animation>
	<animation effect="slide" time="400" start="0,0" end="0,-375" easing="inout" tween="cubic">Hidden</animation>
	<animation effect="slide" end="0,-30" time="500" tween="sine" easing="out" condition="!Skin.HasSetting(videoinfobar)">Conditional</animation>
	<visible>[Control.IsVisible(52) | Control.IsVisible(53) | Control.IsVisible(54) | Control.IsVisible(56) | Control.IsVisible(58) | Control.IsVisible(60) | Control.IsVisible(61) | Control.IsVisible(62) | Control.IsVisible(63) | Control.IsVisible(64) | Control.IsVisible(65) | Control.IsVisible(66) | Control.IsVisible(67) | Control.IsVisible(68) | Control.IsVisible(69) | Control.IsVisible(72)] + ![ControlGroup(9000).HasFocus | Control.HasFocus(9920) | Control.IsVisible(9922) | Control.HasFocus(9940) | Window.IsActive(2003) | Window.IsVisible(6621)]</visible>
	<control type="image">
	<left>0</left>
	<top>-30</top>
	<width>1920</width>
	<height>480</height>
	<texture flipy="true" diffuse="shadow_mask.png">darkgrey.png</texture>
	<colordiffuse>$INFO[Skin.String(colortexture)]</colordiffuse>
	<animation effect="fade" end="85" condition="true">Conditional</animation>
	</control>	
	<!-- Grupo da esquerda -->
	<control type="grouplist">
	<left>45</left>
	<top>87</top>
	<orientation>vertical</orientation>
	<itemgap>5</itemgap>
	<!-- Titulo -->
	<control type="label">	
	<left>0</left>
	<top>0</top>
	<width>1380</width>
	<height>55</height>
	<font>Font_title</font>
	<label>$VAR[value_videotitle]</label>
	<textcolor>FFFFFAF0</textcolor>
	<scroll>true</scroll>
	<scrollout>false</scrollout>
	<shadowcolor>grey</shadowcolor>
	<visible>![Skin.HasSetting(clearlogotitle) + !IsEmpty(ListItem.Art(clearlogo))]</visible>
	</control>
	<!-- Clearlogo -->
	<control type="image">	
	<left>0</left>
	<top>0</top>
	<width>450</width>
	<height>60</height>
	<texture background="true">$INFO[ListItem.Art(clearlogo)]</texture>
	<aspectratio align="left" aligny="bottom">keep</aspectratio>
	<fadetime>FanartCrossFadeTime</fadetime>
	<visible>Skin.HasSetting(clearlogotitle) + !IsEmpty(ListItem.Art(clearlogo))</visible>
	</control>
	<!-- Subtitulo -->
	<control type="label">
	<left>0</left>
	<top>0</top>
	<width>1380</width>
	<height>30</height>
	<aligny>top</aligny>
	<font>Font_subtitle</font>
	<label>[B]$VAR[value_years][/B]$VAR[value_runtime, | ]$INFO[ListItem.Tagline, | ]$INFO[ListItem.Artist, | ]$VAR[value_videotvshowtag, | ]</label>
	<textcolor>FFFFFAF0</textcolor>
	<scroll>true</scroll>
	<scrollout>false</scrollout>
	<shadowcolor>grey</shadowcolor>
	<visible>![IsEmpty(ListItem.Year) + IsEmpty(Window(Home).Property(SkinHelper.MovieSet.Year)) + IsEmpty(ListItem.Duration) + IsEmpty(Window(Home).Property(SkinHelper.MovieSet.Duration)) + IsEmpty(ListItem.Tagline) + IsEmpty(ListItem.Artist) | Skin.HasSetting(nomoviestagline)]</visible>
	</control>
	</control>	
	<!-- Grupo da direita -->	
	<!-- Estrelas -->
	<control type="image">	
	<left>1575</left>
	<top>100</top>
	<width>300</width>
	<height>30</height>
	<texture fallback="$VAR[value_styleratingstars,,0.png]">$VAR[value_styleratingstars]$INFO[ListItem.Rating,,.png]</texture>
	<aspectratio align="left" aligny="center">keep</aspectratio>
	<colordiffuse>$VAR[value_colorratingstars]</colordiffuse>
	</control>
	<control type="label">
	<left>1475</left>
	<top>144</top>
	<width>400</width>
	<height>38</height>
	<align>right</align>
	<aligny>center</aligny>
	<font>Font_plot</font>
	<label>[B]$INFO[ListItem.RatingAndVotes][/B]</label>
	<textcolor>FFFFFAF0</textcolor>
	</control>
	<control type="group">
	<left>1690</left>
	<top>180</top>
	<visible>!SubString(ListItem.top250,0,Left) + !IsEmpty(ListItem.top250)</visible>
	<!-- Top 250 -->
	<control type="image">	
	<include>FlagImage</include>
	<texture>$VAR[value_mediaicons_path]imdb_250.png</texture>
	</control>	
	<!-- Top 250 info -->
	<control type="label">	
	<top>4</top>
	<font>Font_headersmall</font>
	<include>FlagLabel</include>
	<label>[B]$INFO[ListItem.Top250][/B]</label>
	</control>
	</control>
	</control>
	
	<!--############################################################################ TAGLINE ############################################################################-->
	<control type="group">	
	<top>-45</top>
	<animation effect="slide" time="400" start="0,-375" end="0,0" easing="inout" tween="cubic">WindowOpen</animation>
	<animation effect="slide" time="400" start="0,-375" end="0,0" easing="inout" tween="cubic">Visible</animation>
	<animation effect="slide" time="400" start="0,0" end="0,-375" easing="inout" tween="cubic">WindowClose</animation>
	<animation effect="slide" time="400" start="0,0" end="0,-375" easing="inout" tween="cubic">Hidden</animation>
	<animation effect="slide" end="0,-30" time="500" tween="sine" easing="out" condition="![Skin.HasSetting(videoinfobar) | Skin.HasSetting(videodate)]">Conditional</animation>
	<animation effect="slide" end="0,75" time="500" tween="sine" easing="out" condition="![IsEmpty(ListItem.Property(AudioLanguage.1)) | Control.IsVisible(59)]">Conditional</animation>
	<visible>[Control.IsVisible(51) | Control.IsVisible(55) | Control.IsVisible(59)] + ![ControlGroup(9000).HasFocus | Control.HasFocus(9920) | Control.IsVisible(9922) | Control.HasFocus(9940) | Window.IsActive(2003) | Window.IsVisible(6621) | Skin.HasSetting(notvshowstagline) | IsEmpty(Control.GetLabel(555)) | StringCompare(ListItem.Label,..) | Skin.HasSetting(notvshowstagline)]</visible>
	<control type="image">
	<left>0</left>
	<top>-75</top>
	<width>1920</width>
	<height>525</height>
	<texture flipy="true" diffuse="shadow_mask.png">darkgrey.png</texture>
	<colordiffuse>$INFO[Skin.String(colortexture)]</colordiffuse>
	<animation effect="fade" end="85" condition="true">Conditional</animation>
	</control>
	<control type="label" id="555">
	<left>45</left>
	<top>105</top>
	<width>825</width>
	<height>38</height>
	<font>Font_plot</font>
	<label>$VAR[value_videotvshowtag]</label>
	<textcolor>FFFFFAF0</textcolor>
	<scroll>true</scroll>
	<scrollout>false</scrollout>
	<shadowcolor>grey</shadowcolor>
	<visible>[Container.Content(tvshows) | Container.Content(seasons) | Container.Content(episodes)] + ![StringCompare(ListItem.Label,..) | Skin.HasSetting(notvshowstagline)]</visible>
	</control>
	</control>
	
	<!--############################################################################ VISTAS ############################################################################-->
	<control type="group">	
	<top>45</top>
	<include>Animation_HiddenView</include>
	<!-- 51 -->
	<include>ViewRightList</include>
	<!-- 52 -->	
	<include condition="Skin.HasSetting(viewbanner_video)">ViewBanner</include>
	<!-- 53 -->
	<include condition="Skin.HasSetting(viewbannerinfo_video)">ViewBannerInfo</include>
	<!-- 54 -->
	<include condition="Skin.HasSetting(viewposter_video)">ViewPoster</include>
	<!-- 55 -->
	<include condition="Skin.HasSetting(viewlowlist_video)">ViewLowList</include>
	<!-- 56 -->
	<include condition="Skin.HasSetting(viewwall_video)">ViewWallVideo</include>
	<!-- 57 -->
	<include condition="Skin.HasSetting(viewglasslist_video)">ViewGlassList</include>
	<!-- 58 -->
	<include condition="Skin.HasSetting(viewcoverflow_video)">ViewCoverFlowVideo</include>
	<!-- 59 -->
	<include condition="Skin.HasSetting(viewwide_video)">ViewWide</include>
	<!-- 60 -->
	<include condition="Skin.HasSetting(viewshowart_video)">ViewShowArt</include>
	<!-- 61 -->
	<include condition="Skin.HasSetting(viewmultiplex_video)">ViewMultiplex</include>
	<!-- 62 -->
	<include condition="Skin.HasSetting(viewpanel_video)">ViewPanel</include>
	<!-- 63 -->
	<include condition="Skin.HasSetting(viewshelf_video)">ViewShelf</include>
	<!-- 64 -->
	<include condition="Skin.HasSetting(viewlandscapex_video)">ViewLandScapeX</include>
	<!-- 65 -->
	<include condition="Skin.HasSetting(viewsets_video)">ViewSets</include>
	<!-- 66 -->
	<include condition="Skin.HasSetting(viewshowcase_video)">ViewShowCaseVideo</include>
	<!-- 69 -->
	<include condition="Skin.HasSetting(viewposterlite_video)">ViewPosterLite</include>
	<!-- 70 -->
	<include condition="Skin.HasSetting(viewposterlist_video)">ViewPosterList</include>
	<!-- 71 -->
	<include condition="Skin.HasSetting(viewtotalart_video)">ViewTotalArt</include>
	<!-- 72 -->
	<include condition="Skin.HasSetting(viewmyviewtype1_video)">ViewMyViewType1</include>	
	</control>	
	<include>ScrollLabel</include>
	<include condition="Skin.HasSetting(videoinfobar)">MultiData</include>
	<include>TopMenu_Video</include>
	<include>BGBlack</include>
	<include>TrailerWindow</include>
	<include>TouchScreen</include>
	</control>
	</controls>
</window>