<?xml version="1.0" encoding="UTF-8"?>
<window>
	<!-- Aeon MQ 7 -->
	<defaultcontrol>1</defaultcontrol>
	<coordinates>
	<system>1</system>
	<left>0</left>
	<top>0</top>
	</coordinates>
	<defaultcontrol>5</defaultcontrol>
	<include>Animation_DialogPopup</include>
	<controls>
	<control type="group">
	<left>326</left>
	<top>285</top>
	<width>1270</width>
	<height>492</height>
	<visible>![Window.IsActive(virtualkeyboard) | Window.IsActive(126) | Window.IsActive(LockSettings)]</visible>
	<control type="image">
	<left>0</left>
	<top>0</top>
	<width>1270</width>
	<height>1</height>
	<texture>grey.png</texture>
	</control>
	<control type="image">
	<left>0</left>
	<top>550</top>
	<width>1270</width>
	<height>1</height>
	<texture>grey.png</texture>
	</control>
	<control type="image">
	<left>-45</left>
	<top>0</top>
	<width>45</width>
	<height>552</height>
	<texture flipx="true">shadow.png</texture>
	<colordiffuse>C3FFFFFF</colordiffuse>
	</control>
	<control type="image">
	<left>0</left>
	<top>0</top>
	<width>1270</width>
	<height>552</height>
	<texture>darkgrey.png</texture>
	<colordiffuse>$INFO[Skin.String(colortexture)]</colordiffuse>
	<include>Animation_HomeGlass</include>
	</control>
	<control type="image">
	<left>0</left>
	<top>58</top>
	<width>1023</width>
	<height>1</height>
	<texture>black.png</texture>
	</control>
	<control type="image">
	<left>0</left>
	<top>0</top>
	<width>1023</width>
	<height>60</height>
	<texture>darkgrey.png</texture>
	<colordiffuse>$INFO[Skin.String(colortexture)]</colordiffuse>
	<include>Animation_HomeGlass</include>
	</control>
	<control type="label" id="2">
	<!-- header -->
	<left>15</left>
	<top>9</top>
	<width>1010</width>
	<height>42</height>
	<align>center</align>
	<aligny>center</aligny>
	<label>-</label>
	<font>Font_button</font>
	<textcolor>$INFO[Skin.String(colorheader)]</textcolor>
	</control>
	<control type="group">
	<left>0</left>
	<top>60</top>
	<width>1270</width>
	<height>432</height>
	<control type="image">
	<left>621</left>
	<top>0</top>
	<width>400</width>
	<height>490</height>
	<align>left</align>
	<texture>darkgrey.png</texture>
	<colordiffuse>$INFO[Skin.String(colortexture)]</colordiffuse>
	<include>Animation_HomeGlass</include>
	</control>
	<control type="image" id="101">
	<!-- Profile Image -->
	<left>621</left>
	<top>45</top>
	<width>400</width>
	<height>400</height>
	<align>left</align>
	<texture>DefaultUser.png</texture>
	</control>
	<control type="image">
	<left>621</left>
	<top>0</top>
	<width>3</width>
	<height>490</height>
	<texture>separator_v.png</texture>
	</control>
	<control type="image">
	<left>30</left>
	<top>304</top>
	<width>570</width>
	<height>3</height>
	<texture>divider.png</texture>
	</control>
	<control type="label">
	<!-- Profile Name -->
	<left>30</left>
	<top>315</top>
	<width>420</width>
	<align>left</align>
	<textcolor>$INFO[Skin.String(colorheader)]</textcolor>
	<label>$LOCALIZE[20093]</label>
	</control>
	<control type="label" id="102">
	<!-- Profile Name Value -->
	<left>30</left>
	<top>352</top>
	<width>420</width>
	<align>left</align>
	<textcolor>FFFFFFFF</textcolor>
	</control>
	<control type="label">
	<!-- Profile Directory -->
	<left>30</left>
	<top>390</top>
	<width>420</width>
	<align>left</align>
	<textcolor>$INFO[Skin.String(colorheader)]</textcolor>
	<label>$LOCALIZE[20070]</label>
	</control>
	<control type="label" id="103">
	<!-- Profile Directory Value -->
	<left>30</left>
	<top>428</top>
	<width>420</width>
	<align>left</align>
	<textcolor>FFFFFFFF</textcolor>
	</control>
	<control type="grouplist" id="5">
	<left>0</left>
	<top>30</top>
	<width>621</width>
	<height>369</height>
	<itemgap>0</itemgap>
	<onup>2</onup>
	<ondown>2</ondown>
	<onleft>28</onleft>
	<onright>28</onright>
	</control>
	<control type="button" id="7">
	<height>45</height>
	<width>621</width>
	<textoffsetx>30</textoffsetx>
	</control>
	<control type="radiobutton" id="8">
	<height>45</height>
	<width>621</width>
	<radioposx>892</radioposx>
	<textoffsetx>30</textoffsetx>
	</control>
	<control type="spincontrolex" id="9">
	<height>45</height>
	<width>621</width>
	<spinposx>-4</spinposx>
	<spinwidth>60</spinwidth>
	<spinheight>98</spinheight>
	<textoffsetx>30</textoffsetx>
	<reverse>yes</reverse>
	</control>
	<control type="image" id="11">
	<description>separator image</description>
	<width>525</width>
	<height>1</height>
	<texture>-</texture>
	</control>
	<control type="label" id="14"></control>
	</control>
	<control type="image">
	<!-- Options -->
	<left>980</left>
	<top>0</top>
	<width>45</width>
	<height>552</height>
	<texture flipx="true">shadow.png</texture>
	<colordiffuse>C3FFFFFF</colordiffuse>
	</control>
	<control type="image">
	<left>1269</left>
	<top>0</top>
	<width>45</width>
	<height>552</height>
	<texture>shadow.png</texture>
	<colordiffuse>C3FFFFFF</colordiffuse>
	</control>
	<control type="image">
	<left>1024</left>
	<top>0</top>
	<width>244</width>
	<height>552</height>
	<texture>grey.png</texture>
	<colordiffuse>90FFFFFF</colordiffuse>
	</control>
	<control type="grouplist" id="9001">
	<left>1024</left>
	<top>63</top>
	<control type="button" id="28">
	<!-- OK -->
	<include>SettingsDialogButton</include>
	<label>186</label>
	<onleft>SetFocus(5)</onleft>
	<onright>SetFocus(5)</onright>
	</control>
	<control type="button" id="29">
	<!-- Cancel -->
	<include>SettingsDialogButton</include>
	<label>222</label>
	<onleft>SetFocus(5)</onleft>
	<onright>SetFocus(5)</onright>
	</control>
	</control>
	</control>
	</controls>
</window>