<?xml version="1.0" encoding="UTF-8"?>
<window>
	<!-- Aeon MQ 7 -->
	<defaultcontrol always="true">9001</defaultcontrol>
	<coordinates>
	<system>1</system>
	<left>0</left>
	<top>0</top>
	</coordinates>
	<include>Animation_DialogPopup</include>
	<controls>
	<control type="image">
	<left>280</left>
	<top>294</top>
	<width>45</width>
	<height>474</height>
	<texture flipx="true">shadow.png</texture>
	<colordiffuse>C3FFFFFF</colordiffuse>
	</control>
	<control type="group">
	<left>324</left>
	<top>294</top>
	<width>1270</width>
	<height>492</height>
	<control type="image">
	<!-- Fundo -->
	<left>0</left>
	<top>0</top>
	<width>1292</width>
	<height>474</height>
	<texture>darkgrey.png</texture>
	<colordiffuse>F0FFFFFF</colordiffuse>
	</control>
	<control type="image">
	<!-- Fundo do titulo -->
	<left>0</left>
	<top>0</top>
	<width>1292</width>
	<height>75</height>
	<texture>black.png</texture>
	<colordiffuse>90FFFFFF</colordiffuse>
	</control>
	<control type="label">
	<!-- Titulo -->
	<left>30</left>
	<top>15</top>
	<width>1038</width>
	<height>38</height>
	<align>center</align>
	<label>21421</label>
	<font>Font_list</font>
	<textcolor>80FFFAF0</textcolor>
	</control>
	<control type="label">
	<!-- Rule match label -->
	<left>38</left>
	<top>112</top>
	<width>720</width>
	<height>38</height>
	<label>21422</label>
	<font>Font_button</font>
	<textcolor>$INFO[Skin.String(colorheader)]</textcolor>
	</control>
	<control type="group" id="9001">
	<control type="spincontrolex" id="15">
	<!-- Rule Field -->
	<left>0</left>
	<top>165</top>
	<width>510</width>
	<height>62</height>
	<font>Font_button</font>
	<spinposx>-4</spinposx>
	<textoffsetx>30</textoffsetx>
	<onright>16</onright>
	<onleft>16</onleft>
	<onup>9000</onup>
	<ondown>17</ondown>
	</control>
	<control type="spincontrolex" id="16">
	<!-- Rule operator -->
	<left>544</left>
	<top>165</top>
	<width>504</width>
	<height>62</height>
	<font>Font_button</font>
	<spinposx>-4</spinposx>
	<textoffsetx>30</textoffsetx>
	<onright>9000</onright>
	<onleft>15</onleft>
	<onup>9000</onup>
	<ondown>17</ondown>
	</control>
	</control>
	<control type="edit" id="17">
	<!-- Value Button -->
	<textoffsetx>18</textoffsetx>
	<left>0</left>
	<top>303</top>
	<width>1048</width>
	<height>66</height>
	<font>Font_header</font>
	<align>center</align>
	<aligny>center</aligny>
	<texturefocus>grey.png</texturefocus>
	<texturenofocus>darkgrey.png</texturenofocus>
	<label>-</label>
	<onup>9001</onup>
	<onleft>17</onleft>
	<onright>18</onright>
	<ondown>17</ondown>
	</control>
	<control type="image">
	<!-- Options -->
	<left>1006</left>
	<top>0</top>
	<width>45</width>
	<height>474</height>
	<texture flipx="true">shadow.png</texture>
	<colordiffuse>C3FFFFFF</colordiffuse>
	</control>
	<control type="image">
	<left>1294</left>
	<top>0</top>
	<width>45</width>
	<height>474</height>
	<texture>shadow.png</texture>
	<colordiffuse>C3FFFFFF</colordiffuse>
	</control>
	<control type="image">
	<left>1050</left>
	<top>0</top>
	<width>244</width>
	<height>474</height>
	<texture>grey.png</texture>
	<colordiffuse>90FFFFFF</colordiffuse>
	</control>
	<control type="grouplist" id="9000">
	<left>1050</left>
	<top>165</top>
	<control type="button" id="20">
	<!-- Browse -->
	<include>SettingsDialogButton</include>
	<label>1024</label>
	<onleft>9001</onleft>
	</control>
	<control type="button" id="19">
	<!-- Cancel -->
	<include>SettingsDialogButton</include>
	<label>222</label>
	<onleft>9001</onleft>
	</control>
	<control type="button" id="18">
	<!-- OK -->
	<include>SettingsDialogButton</include>
	<label>186</label>
	<onleft>9001</onleft>
	</control>
	</control>
	<control type="image">
	<left>1038</left>
	<top>0</top>
	<width>256</width>
	<height>474</height>
	<texture flipx="true">menu_glass.png</texture>
	<colordiffuse>70FFFAF0</colordiffuse>
	</control>
	</control>
	</controls>
</window>