<?xml version="1.0" encoding="UTF-8"?>
<window>
	<!-- Aeon MQ 7 -->
	<defaultcontrol always="true">22</defaultcontrol>
	<coordinates>
	<system>1</system>
	<left>0</left>
	<top>0</top>
	</coordinates>
	<controls>
	<control type="group">
	<top>120</top>
	<include>Animation_DialogPopup</include>
	<visible>!Window.IsVisible(smartplaylistrule)</visible>
	<control type="image">
	<left>256</left>
	<top>60</top>
	<width>45</width>
	<height>722</height>
	<texture flipx="true">shadow.png</texture>
	<colordiffuse>C3FFFFFF</colordiffuse>
	</control>
	<control type="image">
	<!-- Fundo -->
	<left>300</left>
	<top>60</top>
	<width>1312</width>
	<height>722</height>
	<texture>darkgrey.png</texture>
	<colordiffuse>F0FFFFFF</colordiffuse>
	</control>
	<control type="image">
	<!-- Fundo do titulo -->
	<left>300</left>
	<top>60</top>
	<width>1312</width>
	<height>75</height>
	<texture>black.png</texture>
	<colordiffuse>90FFFFFF</colordiffuse>
	</control>
	<control type="label">
	<!-- Titulo -->
	<left>330</left>
	<top>75</top>
	<width>1035</width>
	<height>38</height>
	<align>center</align>
	<label>21432</label>
	<font>Font_list</font>
	<textcolor>80FFFAF0</textcolor>
	</control>
	<control type="spincontrolex" id="22">
	<!-- type -->
	<left>300</left>
	<top>135</top>
	<width>1066</width>
	<label>467</label>
	<font>Font_button</font>
	<spinposx>-4</spinposx>
	<textoffsetx>30</textoffsetx>
	<onright>22</onright>
	<onleft>22</onleft>
	<onup>18</onup>
	<ondown>12</ondown>
	</control>
	<control type="label" id="2">
	<!-- name of playlist -->
	<left>330</left>
	<top>210</top>
	<width>630</width>
	<height>38</height>
	<label>-</label>
	<font>Font_button</font>
	<textcolor>$INFO[Skin.String(colorheader)]</textcolor>
	</control>
	<control type="image">
	<left>300</left>
	<top>255</top>
	<width>1066</width>
	<height>60</height>
	<texture>black.png</texture>
	<colordiffuse>40FFFFFF</colordiffuse>
	<visible>!Control.HasFocus(12)</visible>
	</control>
	<control type="edit" id="12">
	<!-- text box for name of playlist -->
	<left>300</left>
	<top>255</top>
	<width>1066</width>
	<height>60</height>
	<textwidth>945</textwidth>
	<align>left</align>
	<aligny>center</aligny>
	<label>-</label>
	<onup>22</onup>
	<onleft>12</onleft>
	<onright>12</onright>
	<ondown>10</ondown>
	<font>Font_button</font>
	<textoffsetx>30</textoffsetx>
	<texturenofocus>-</texturenofocus>
	<texturefocus>grey.png</texturefocus>
	</control>
	<control type="label">
	<!-- find items where -->
	<left>330</left>
	<top>322</top>
	<width>630</width>
	<height>38</height>
	<align>left</align>
	<label>21434</label>
	<font>Font_button</font>
	<textcolor>$INFO[Skin.String(colorheader)]</textcolor>
	</control>
	<control type="list" id="10">
	<!-- Rules -->
	<left>300</left>
	<top>368</top>
	<width>1066</width>
	<height>184</height>
	<onup>12</onup>
	<onleft>10</onleft>
	<onright>9000</onright>
	<ondown>16</ondown>
	<itemlayout height="60" width="1066">
	<control type="label">
	<left>30</left>
	<top>0</top>
	<width>600</width>
	<height>58</height>
	<align>left</align>
	<aligny>center</aligny>
	<info>ListItem.Label</info>
	<font>Font_button</font>
	<textcolor>FFFFFAF0</textcolor>
	</control>
	</itemlayout>
	<focusedlayout height="60" width="1066">
	<control type="image">
	<left>0</left>
	<top>0</top>
	<width>1066</width>
	<height>60</height>
	<texture>black.png</texture>
	<colordiffuse>40FFFFFF</colordiffuse>
	<visible>!Control.HasFocus(10)</visible>
	</control>
	<control type="image">
	<left>0</left>
	<top>0</top>
	<width>1066</width>
	<height>60</height>
	<texture>grey.png</texture>
	<colordiffuse>B6FFFFFF</colordiffuse>
	<visible>Control.HasFocus(10)</visible>
	</control>
	<control type="label">
	<left>30</left>
	<top>0</top>
	<width>600</width>
	<height>58</height>
	<align>left</align>
	<aligny>center</aligny>
	<info>ListItem.Label</info>
	<font>Font_button</font>
	<textcolor>FFFFFAF0</textcolor>
	<disabledcolor>FF505050</disabledcolor>
	<visible>!Control.HasFocus(10)</visible>
	</control>
	<control type="label">
	<left>30</left>
	<top>0</top>
	<width>600</width>
	<height>58</height>
	<align>left</align>
	<aligny>center</aligny>
	<info>ListItem.Label</info>
	<font>Font_button</font>
	<textcolor>FF101010</textcolor>
	<disabledcolor>FF505050</disabledcolor>
	<visible>Control.HasFocus(10)</visible>
	</control>
	</focusedlayout>
	</control>
	<control type="spincontrolex" id="16">
	<!-- items must match -->
	<left>300</left>
	<top>540</top>
	<width>1066</width>
	<height>60</height>
	<label>21424</label>
	<font>Font_button</font>
	<spinposx>-4</spinposx>
	<textoffsetx>30</textoffsetx>
	<onright>9001</onright>
	<onleft>16</onleft>
	<onup>10</onup>
	<ondown>17</ondown>
	</control>
	<control type="spincontrolex" id="17">
	<!-- limit to -->
	<left>300</left>
	<top>600</top>
	<width>1066</width>
	<height>60</height>
	<label>21427</label>
	<font>Font_button</font>
	<spinposx>-4</spinposx>
	<textoffsetx>30</textoffsetx>
	<onright>9001</onright>
	<onleft>17</onleft>
	<onup>16</onup>
	<ondown>18</ondown>
	</control>
	<!-- order by -->
	<control type="spincontrolex" id="18">	
	<left>300</left>
	<top>660</top>
	<width>732</width>
	<height>60</height>
	<label>21429</label>
	<font>Font_button</font>
	<spinposx>-4</spinposx>
	<textoffsetx>30</textoffsetx>
	<onright>19</onright>
	<onleft>19</onleft>
	<onup>17</onup>
	<ondown>23</ondown>
	</control>
	<!-- ascending / descending -->
	<control type="togglebutton" id="19">	
	<left>1035</left>
	<top>660</top>
	<width>330</width>
	<height>60</height>
	<onright>20</onright>
	<onleft>18</onleft>
	<onup>17</onup>
	<ondown>23</ondown>
	<align>left</align>
	<label>21431</label>
	<altlabel>21430</altlabel>
	<font>Font_button</font>
	<texturenofocus>-</texturenofocus>
	<texturefocus>grey.png</texturefocus>
	<alttexturenofocus>-</alttexturenofocus>
	<alttexturefocus>grey.png</alttexturefocus>
	<textcolor>FFbbbbbb</textcolor>
	<focusedcolor>FF101010</focusedcolor>
	<disabledcolor>FF505050</disabledcolor>
	<pulseonselect>false</pulseonselect>
	<textoffsetx>30</textoffsetx>	
	</control>
	<control type="spincontrolex" id="23">
	<left>300</left>
	<top>720</top>
	<width>732</width>
	<height>60</height>
	<label>21458</label>
	<font>Font_button</font>
	<spinposx>-4</spinposx>
	<textoffsetx>30</textoffsetx>
	<onright>24</onright>
	<onleft>24</onleft>
	<onup>18</onup>
	<ondown>22</ondown>
	</control>
	<control type="radiobutton" id="24">
	<left>1035</left>
	<top>720</top>
	<width>330</width>
	<height>60</height>
	<align>left</align>
	<label>21459</label>
	<font>Font_button</font>
	<textwidth>218</textwidth>
	<radioposx>278</radioposx>
	<onright>23</onright>
	<onleft>23</onleft>
	<onup>19</onup>
	<ondown>22</ondown>
	<textoffsetx>30</textoffsetx>
	</control>
	<control type="image">
	<!-- Options -->
	<left>1323</left>
	<top>60</top>
	<width>45</width>
	<height>722</height>
	<texture flipx="true">shadow.png</texture>
	<colordiffuse>C3FFFFFF</colordiffuse>
	</control>
	<control type="image">
	<left>1612</left>
	<top>60</top>
	<width>45</width>
	<height>722</height>
	<texture>shadow.png</texture>
	<colordiffuse>C3FFFFFF</colordiffuse>
	</control>
	<control type="image">
	<left>1368</left>
	<top>60</top>
	<width>244</width>
	<height>722</height>
	<texture>grey.png</texture>
	<colordiffuse>90FFFFFF</colordiffuse>
	</control>
	<control type="grouplist" id="9000">
	<left>1368</left>
	<top>368</top>
	<control type="button" id="13">
	<!-- Add -->
	<include>SettingsDialogButton</include>
	<label>15019</label>
	<onleft>9002</onleft>
	</control>
	<control type="button" id="14">
	<!-- Remove -->
	<include>SettingsDialogButton</include>
	<label>1210</label>
	<onleft>9002</onleft>
	</control>
	<control type="button" id="15">
	<!-- Edit -->
	<include>SettingsDialogButton</include>
	<label>21435</label>
	<onleft>9002</onleft>
	</control>
	<control type="button" id="21">
	<!-- Cancel -->
	<include>SettingsDialogButton</include>
	<label>222</label>
	<onleft>9002</onleft>
	</control>
	<control type="button" id="20">
	<!-- OK -->
	<include>SettingsDialogButton</include>
	<label>186</label>
	<onleft>9002</onleft>
	</control>
	</control>
	<control type="image">
	<left>1356</left>
	<top>60</top>
	<width>256</width>
	<height>722</height>
	<texture flipx="true">menu_glass.png</texture>
	<colordiffuse>70FFFAF0</colordiffuse>
	</control>
	</control>
	</controls>
</window>