<?xml version="1.0" encoding="UTF-8"?>
<includes>
	<!-- Aeon MQ 7 -->
	<!--##################################################################################   VISTA 3DWALL - ID 67  ##################################################################################-->
	<include name="View3DWall">
	<control type="group">
	<animation effect="fade" time="400">VisibleChange</animation>
	<include>View3DWallMovies</include>
	<include>View3DWallEpisodes</include>
	<include>Animation_Fade</include>
	</control>
	</include>
	<include name="View3DWallMovies">
	<control type="group">
	<left>195</left>
	<top>-2</top>
	<visible>Control.IsVisible(67)</visible>
	<control type="group" id="7013">
	<animation effect="rotatey" center="1920" start="-15" end="-15" time="0" condition="true">Conditional</animation>
	<animation reversible="false" effect="slide" start="0,0" end="-246,0" time="400" tween="quadratic" easing="out">Hidden</animation>
	<visible>Container.OnNext</visible>
	<control type="image">
	<left>0</left>
	<top>0</top>
	<width>246</width>
	<height>363</height>
	<aspectratio align="center" aligny="bottom">stretch</aspectratio>
	<texture diffuse="thumb_3dwall_mask.png" background="true">$VAR[value_poster-10]</texture>
	</control>
	<control type="image">
	<left>246</left>
	<top>0</top>
	<width>246</width>
	<height>363</height>
	<aspectratio align="center" aligny="bottom">stretch</aspectratio>
	<texture diffuse="thumb_3dwall_mask.png" background="true">$VAR[value_poster-9]</texture>
	</control>
	<control type="image">
	<left>492</left>
	<top>0</top>
	<width>246</width>
	<height>363</height>
	<aspectratio align="center" aligny="bottom">stretch</aspectratio>
	<texture diffuse="thumb_3dwall_mask.png" background="true">$VAR[value_poster-8]</texture>
	</control>
	<control type="image">
	<left>738</left>
	<top>0</top>
	<width>246</width>
	<height>363</height>
	<aspectratio align="center" aligny="bottom">stretch</aspectratio>
	<texture diffuse="thumb_3dwall_mask.png" background="true">$VAR[value_poster-7]</texture>
	</control>
	<control type="image">
	<left>984</left>
	<top>0</top>
	<width>246</width>
	<height>363</height>
	<aspectratio align="center" aligny="bottom">stretch</aspectratio>
	<texture diffuse="thumb_3dwall_mask.png" background="true">$VAR[value_poster-6]</texture>
	</control>
	<control type="image">
	<left>1230</left>
	<top>0</top>
	<width>246</width>
	<height>363</height>
	<aspectratio align="center" aligny="bottom">stretch</aspectratio>
	<texture diffuse="thumb_3dwall_mask.png" background="true">$VAR[value_poster-5]</texture>
	</control>
	<control type="image">
	<left>1476</left>
	<top>0</top>
	<width>246</width>
	<height>363</height>
	<aspectratio align="center" aligny="bottom">stretch</aspectratio>
	<texture diffuse="thumb_3dwall_mask.png" background="true">$VAR[value_poster-4]</texture>
	</control>
	<control type="image">
	<left>1722</left>
	<top>0</top>
	<width>246</width>
	<height>363</height>
	<aspectratio align="center" aligny="bottom">stretch</aspectratio>
	<texture diffuse="thumb_3dwall_mask.png" background="true">$VAR[value_poster-3]</texture>
	</control>
	<control type="image">
	<left>0</left>
	<top>360</top>
	<width>246</width>
	<height>363</height>
	<aspectratio align="center" aligny="bottom">stretch</aspectratio>
	<texture diffuse="thumb_3dwall_mask.png" background="true">$VAR[value_poster-3]</texture>
	</control>
	<control type="image">
	<left>246</left>
	<top>360</top>
	<width>246</width>
	<height>363</height>
	<aspectratio align="center" aligny="bottom">stretch</aspectratio>
	<texture diffuse="thumb_3dwall_mask.png" background="true">$VAR[value_poster-2]</texture>
	</control>
	<control type="image">
	<left>492</left>
	<top>360</top>
	<width>246</width>
	<height>363</height>
	<aspectratio align="center" aligny="bottom">stretch</aspectratio>
	<texture diffuse="thumb_3dwall_mask.png" background="true">$VAR[value_poster-1]</texture>
	</control>
	<control type="image">
	<left>738</left>
	<top>360</top>
	<width>246</width>
	<height>363</height>
	<aspectratio align="center" aligny="bottom">stretch</aspectratio>
	<texture diffuse="thumb_3dwall_mask.png" background="true">$VAR[value_poster0]</texture>
	</control>
	<control type="image">
	<left>984</left>
	<top>360</top>
	<width>246</width>
	<height>363</height>
	<aspectratio align="center" aligny="bottom">stretch</aspectratio>
	<texture diffuse="thumb_3dwall_mask.png" background="true">$VAR[value_poster1]</texture>
	</control>
	<control type="image">
	<left>1230</left>
	<top>360</top>
	<width>246</width>
	<height>363</height>
	<aspectratio align="center" aligny="bottom">stretch</aspectratio>
	<texture diffuse="thumb_3dwall_mask.png" background="true">$VAR[value_poster2]</texture>
	</control>
	<control type="image">
	<left>1476</left>
	<top>360</top>
	<width>246</width>
	<height>363</height>
	<aspectratio align="center" aligny="bottom">stretch</aspectratio>
	<texture diffuse="thumb_3dwall_mask.png" background="true">$VAR[value_poster3]</texture>
	</control>
	<control type="image">
	<left>1722</left>
	<top>360</top>
	<width>246</width>
	<height>363</height>
	<aspectratio align="center" aligny="bottom">stretch</aspectratio>
	<texture diffuse="thumb_3dwall_mask.png" background="true">$VAR[value_poster4]</texture>
	</control>
	<control type="image">
	<left>0</left>
	<top>720</top>
	<width>246</width>
	<height>363</height>
	<aspectratio align="center" aligny="bottom">stretch</aspectratio>
	<texture diffuse="thumb_3dwall_mask.png" background="true">$VAR[value_poster4]</texture>
	</control>
	<control type="image">
	<left>246</left>
	<top>720</top>
	<width>246</width>
	<height>363</height>
	<aspectratio align="center" aligny="bottom">stretch</aspectratio>
	<texture diffuse="thumb_3dwall_mask.png" background="true">$VAR[value_poster5]</texture>
	</control>
	<control type="image">
	<left>492</left>
	<top>720</top>
	<width>246</width>
	<height>363</height>
	<aspectratio align="center" aligny="bottom">stretch</aspectratio>
	<texture diffuse="thumb_3dwall_mask.png" background="true">$VAR[value_poster6]</texture>
	</control>
	<control type="image">
	<left>738</left>
	<top>720</top>
	<width>246</width>
	<height>363</height>
	<aspectratio align="center" aligny="bottom">stretch</aspectratio>
	<texture diffuse="thumb_3dwall_mask.png" background="true">$VAR[value_poster7]</texture>
	</control>
	<control type="image">
	<left>984</left>
	<top>720</top>
	<width>246</width>
	<height>363</height>
	<aspectratio align="center" aligny="bottom">stretch</aspectratio>
	<texture diffuse="thumb_3dwall_mask.png" background="true">$VAR[value_poster8]</texture>
	</control>
	<control type="image">
	<left>1230</left>
	<top>720</top>
	<width>246</width>
	<height>363</height>
	<aspectratio align="center" aligny="bottom">stretch</aspectratio>
	<texture diffuse="thumb_3dwall_mask.png" background="true">$VAR[value_poster9]</texture>
	</control>
	<control type="image">
	<left>1476</left>
	<top>720</top>
	<width>246</width>
	<height>363</height>
	<aspectratio align="center" aligny="bottom">stretch</aspectratio>
	<texture diffuse="thumb_3dwall_mask.png" background="true">$VAR[value_poster10]</texture>
	</control>
	<control type="image">
	<left>1722</left>
	<top>720</top>
	<width>246</width>
	<height>363</height>
	<aspectratio align="center" aligny="bottom">stretch</aspectratio>
	<texture diffuse="thumb_3dwall_mask.png" background="true">$VAR[value_poster11]</texture>
	</control>
	</control>
	<control type="group" id="7014">
	<animation effect="rotatey" center="1920" start="-15" end="-15" time="0" condition="true">Conditional</animation>
	<animation reversible="false" effect="slide" start="0,0" end="246,0" time="400" tween="quadratic" easing="out">Hidden</animation>
	<visible>Container.OnPrevious</visible>
	<control type="image">
	<left>-246</left>
	<top>0</top>
	<width>246</width>
	<height>363</height>
	<aspectratio align="center" aligny="bottom">stretch</aspectratio>
	<texture diffuse="thumb_3dwall_mask.png" background="true">$VAR[value_poster-9]</texture>
	</control>
	<control type="image">
	<left>0</left>
	<top>0</top>
	<width>246</width>
	<height>363</height>
	<aspectratio align="center" aligny="bottom">stretch</aspectratio>
	<texture diffuse="thumb_3dwall_mask.png" background="true">$VAR[value_poster-8]</texture>
	</control>
	<control type="image">
	<left>246</left>
	<top>0</top>
	<width>246</width>
	<height>363</height>
	<aspectratio align="center" aligny="bottom">stretch</aspectratio>
	<texture diffuse="thumb_3dwall_mask.png" background="true">$VAR[value_poster-7]</texture>
	</control>
	<control type="image">
	<left>492</left>
	<top>0</top>
	<width>246</width>
	<height>363</height>
	<aspectratio align="center" aligny="bottom">stretch</aspectratio>
	<texture diffuse="thumb_3dwall_mask.png" background="true">$VAR[value_poster-6]</texture>
	</control>
	<control type="image">
	<left>738</left>
	<top>0</top>
	<width>246</width>
	<height>363</height>
	<aspectratio align="center" aligny="bottom">stretch</aspectratio>
	<texture diffuse="thumb_3dwall_mask.png" background="true">$VAR[value_poster-5]</texture>
	</control>
	<control type="image">
	<left>984</left>
	<top>0</top>
	<width>246</width>
	<height>363</height>
	<aspectratio align="center" aligny="bottom">stretch</aspectratio>
	<texture diffuse="thumb_3dwall_mask.png" background="true">$VAR[value_poster-4]</texture>
	</control>
	<control type="image">
	<left>1230</left>
	<top>0</top>
	<width>246</width>
	<height>363</height>
	<aspectratio align="center" aligny="bottom">stretch</aspectratio>
	<texture diffuse="thumb_3dwall_mask.png" background="true">$VAR[value_poster-3]</texture>
	</control>
	<control type="image">
	<left>1476</left>
	<top>0</top>
	<width>246</width>
	<height>363</height>
	<aspectratio align="center" aligny="bottom">stretch</aspectratio>
	<texture diffuse="thumb_3dwall_mask.png" background="true">$VAR[value_poster-2]</texture>
	</control>
	<control type="image">
	<left>-246</left>
	<top>360</top>
	<width>246</width>
	<height>363</height>
	<aspectratio align="center" aligny="bottom">stretch</aspectratio>
	<texture diffuse="thumb_3dwall_mask.png" background="true">$VAR[value_poster-2]</texture>
	</control>
	<control type="image">
	<left>0</left>
	<top>360</top>
	<width>246</width>
	<height>363</height>
	<aspectratio align="center" aligny="bottom">stretch</aspectratio>
	<texture diffuse="thumb_3dwall_mask.png" background="true">$VAR[value_poster-1]</texture>
	</control>
	<control type="image">
	<left>246</left>
	<top>360</top>
	<width>246</width>
	<height>363</height>
	<aspectratio align="center" aligny="bottom">stretch</aspectratio>
	<texture diffuse="thumb_3dwall_mask.png" background="true">$VAR[value_poster0]</texture>
	</control>
	<control type="image">
	<left>492</left>
	<top>360</top>
	<width>246</width>
	<height>363</height>
	<aspectratio align="center" aligny="bottom">stretch</aspectratio>
	<texture diffuse="thumb_3dwall_mask.png" background="true">$VAR[value_poster1]</texture>
	</control>
	<control type="image">
	<left>738</left>
	<top>360</top>
	<width>246</width>
	<height>363</height>
	<aspectratio align="center" aligny="bottom">stretch</aspectratio>
	<texture diffuse="thumb_3dwall_mask.png" background="true">$VAR[value_poster2]</texture>
	</control>
	<control type="image">
	<left>984</left>
	<top>360</top>
	<width>246</width>
	<height>363</height>
	<aspectratio align="center" aligny="bottom">stretch</aspectratio>
	<texture diffuse="thumb_3dwall_mask.png" background="true">$VAR[value_poster3]</texture>
	</control>
	<control type="image">
	<left>1230</left>
	<top>360</top>
	<width>246</width>
	<height>363</height>
	<aspectratio align="center" aligny="bottom">stretch</aspectratio>
	<texture diffuse="thumb_3dwall_mask.png" background="true">$VAR[value_poster4]</texture>
	</control>
	<control type="image">
	<left>1476</left>
	<top>360</top>
	<width>246</width>
	<height>363</height>
	<aspectratio align="center" aligny="bottom">stretch</aspectratio>
	<texture diffuse="thumb_3dwall_mask.png" background="true">$VAR[value_poster5]</texture>
	</control>
	<control type="image">
	<left>-246</left>
	<top>720</top>
	<width>246</width>
	<height>363</height>
	<aspectratio align="center" aligny="bottom">stretch</aspectratio>
	<texture diffuse="thumb_3dwall_mask.png" background="true">$VAR[value_poster5]</texture>
	</control>
	<control type="image">
	<left>0</left>
	<top>720</top>
	<width>246</width>
	<height>363</height>
	<aspectratio align="center" aligny="bottom">stretch</aspectratio>
	<texture diffuse="thumb_3dwall_mask.png" background="true">$VAR[value_poster6]</texture>
	</control>
	<control type="image">
	<left>246</left>
	<top>720</top>
	<width>246</width>
	<height>363</height>
	<aspectratio align="center" aligny="bottom">stretch</aspectratio>
	<texture diffuse="thumb_3dwall_mask.png" background="true">$VAR[value_poster7]</texture>
	</control>
	<control type="image">
	<left>492</left>
	<top>720</top>
	<width>246</width>
	<height>363</height>
	<aspectratio align="center" aligny="bottom">stretch</aspectratio>
	<texture diffuse="thumb_3dwall_mask.png" background="true">$VAR[value_poster8]</texture>
	</control>
	<control type="image">
	<left>738</left>
	<top>720</top>
	<width>246</width>
	<height>363</height>
	<aspectratio align="center" aligny="bottom">stretch</aspectratio>
	<texture diffuse="thumb_3dwall_mask.png" background="true">$VAR[value_poster9]</texture>
	</control>
	<control type="image">
	<left>984</left>
	<top>720</top>
	<width>246</width>
	<height>363</height>
	<aspectratio align="center" aligny="bottom">stretch</aspectratio>
	<texture diffuse="thumb_3dwall_mask.png" background="true">$VAR[value_poster10]</texture>
	</control>
	<control type="image">
	<left>1230</left>
	<top>720</top>
	<width>246</width>
	<height>363</height>
	<aspectratio align="center" aligny="bottom">stretch</aspectratio>
	<texture diffuse="thumb_3dwall_mask.png" background="true">$VAR[value_poster11]</texture>
	</control>
	<control type="image">
	<left>1476</left>
	<top>720</top>
	<width>246</width>
	<height>363</height>
	<aspectratio align="center" aligny="bottom">stretch</aspectratio>
	<texture diffuse="thumb_3dwall_mask.png" background="true">$INFO[ListItem(12).Icon]</texture>
	</control>
	</control>
	<control type="group">
	<animation type="WindowOpen">
	<effect type="fade" start="0" end="100" time="1000" />
	<effect type="rotatey" center="1920" start="0" end="-15" time="1000" delay="2250" />
	</animation>
	<visible>!Control.IsVisible(7013) + !Control.IsVisible(7014)</visible>
	<control type="image">
	<left>0</left>
	<top>0</top>
	<width>246</width>
	<height>363</height>
	<aspectratio align="center" aligny="bottom">stretch</aspectratio>
	<texture diffuse="thumb_3dwall_mask.png" background="true">$VAR[value_poster-9]</texture>
	</control>
	<control type="image">
	<left>246</left>
	<top>0</top>
	<width>246</width>
	<height>363</height>
	<aspectratio align="center" aligny="bottom">stretch</aspectratio>
	<texture diffuse="thumb_3dwall_mask.png" background="true">$VAR[value_poster-8]</texture>
	</control>
	<control type="image">
	<left>492</left>
	<top>0</top>
	<width>246</width>
	<height>363</height>
	<aspectratio align="center" aligny="bottom">stretch</aspectratio>
	<texture diffuse="thumb_3dwall_mask.png" background="true">$VAR[value_poster-7]</texture>
	</control>
	<control type="image">
	<left>738</left>
	<top>0</top>
	<width>246</width>
	<height>363</height>
	<aspectratio align="center" aligny="bottom">stretch</aspectratio>
	<texture diffuse="thumb_3dwall_mask.png" background="true">$VAR[value_poster-6]</texture>
	</control>
	<control type="image">
	<left>984</left>
	<top>0</top>
	<width>246</width>
	<height>363</height>
	<aspectratio align="center" aligny="bottom">stretch</aspectratio>
	<texture diffuse="thumb_3dwall_mask.png" background="true">$VAR[value_poster-5]</texture>
	</control>
	<control type="image">
	<left>1230</left>
	<top>0</top>
	<width>246</width>
	<height>363</height>
	<aspectratio align="center" aligny="bottom">stretch</aspectratio>
	<texture diffuse="thumb_3dwall_mask.png" background="true">$VAR[value_poster-4]</texture>
	</control>
	<control type="image">
	<left>1476</left>
	<top>0</top>
	<width>246</width>
	<height>363</height>
	<aspectratio align="center" aligny="bottom">stretch</aspectratio>
	<texture diffuse="thumb_3dwall_mask.png" background="true">$VAR[value_poster-3]</texture>
	</control>
	<control type="image">
	<left>0</left>
	<top>360</top>
	<width>246</width>
	<height>363</height>
	<aspectratio align="center" aligny="bottom">stretch</aspectratio>
	<texture diffuse="thumb_3dwall_mask.png" background="true">$VAR[value_poster-2]</texture>
	</control>
	<control type="image">
	<left>246</left>
	<top>360</top>
	<width>246</width>
	<height>363</height>
	<aspectratio align="center" aligny="bottom">stretch</aspectratio>
	<texture diffuse="thumb_3dwall_mask.png" background="true">$VAR[value_poster-1]</texture>
	</control>
	<control type="image">
	<left>492</left>
	<top>360</top>
	<width>246</width>
	<height>363</height>
	<aspectratio align="center" aligny="bottom">stretch</aspectratio>
	<texture diffuse="thumb_3dwall_mask.png" background="true">$VAR[value_poster0]</texture>
	</control>
	<control type="image">
	<left>738</left>
	<top>360</top>
	<width>246</width>
	<height>363</height>
	<aspectratio align="center" aligny="bottom">stretch</aspectratio>
	<texture diffuse="thumb_3dwall_mask.png" background="true">$VAR[value_poster1]</texture>
	</control>
	<control type="image">
	<left>984</left>
	<top>360</top>
	<width>246</width>
	<height>363</height>
	<aspectratio align="center" aligny="bottom">stretch</aspectratio>
	<texture diffuse="thumb_3dwall_mask.png" background="true">$VAR[value_poster2]</texture>
	</control>
	<control type="image">
	<left>1230</left>
	<top>360</top>
	<width>246</width>
	<height>363</height>
	<aspectratio align="center" aligny="bottom">stretch</aspectratio>
	<texture diffuse="thumb_3dwall_mask.png" background="true">$VAR[value_poster3]</texture>
	</control>
	<control type="image">
	<left>1476</left>
	<top>360</top>
	<width>246</width>
	<height>363</height>
	<aspectratio align="center" aligny="bottom">stretch</aspectratio>
	<texture diffuse="thumb_3dwall_mask.png" background="true">$VAR[value_poster4]</texture>
	</control>
	<control type="image">
	<left>0</left>
	<top>720</top>
	<width>246</width>
	<height>363</height>
	<aspectratio align="center" aligny="bottom">stretch</aspectratio>
	<texture diffuse="thumb_3dwall_mask.png" background="true">$VAR[value_poster5]</texture>
	</control>
	<control type="image">
	<left>246</left>
	<top>720</top>
	<width>246</width>
	<height>363</height>
	<aspectratio align="center" aligny="bottom">stretch</aspectratio>
	<texture diffuse="thumb_3dwall_mask.png" background="true">$VAR[value_poster6]</texture>
	</control>
	<control type="image">
	<left>492</left>
	<top>720</top>
	<width>246</width>
	<height>363</height>
	<aspectratio align="center" aligny="bottom">stretch</aspectratio>
	<texture diffuse="thumb_3dwall_mask.png" background="true">$VAR[value_poster7]</texture>
	</control>
	<control type="image">
	<left>738</left>
	<top>720</top>
	<width>246</width>
	<height>363</height>
	<aspectratio align="center" aligny="bottom">stretch</aspectratio>
	<texture diffuse="thumb_3dwall_mask.png" background="true">$VAR[value_poster8]</texture>
	</control>
	<control type="image">
	<left>984</left>
	<top>720</top>
	<width>246</width>
	<height>363</height>
	<aspectratio align="center" aligny="bottom">stretch</aspectratio>
	<texture diffuse="thumb_3dwall_mask.png" background="true">$VAR[value_poster9]</texture>
	</control>
	<control type="image">
	<left>1230</left>
	<top>720</top>
	<width>246</width>
	<height>363</height>
	<aspectratio align="center" aligny="bottom">stretch</aspectratio>
	<texture diffuse="thumb_3dwall_mask.png" background="true">$VAR[value_poster10]</texture>
	</control>
	<control type="image">
	<left>1476</left>
	<top>720</top>
	<width>246</width>
	<height>363</height>
	<aspectratio align="center" aligny="bottom">stretch</aspectratio>
	<texture diffuse="thumb_3dwall_mask.png" background="true">$VAR[value_poster11]</texture>
	</control>
	</control>
	</control>
	<control type="wraplist" id="67">
	<visible>![Container.Content(episodes) | Container.Content(sets) | Container.Content(years) | Container.Content(genres) | Container.Content(countries) | Container.Content(studios)]</visible>
	<left>-502</left>
	<top>292</top>
	<width>2604</width>
	<height>543</height>
	<onleft>67</onleft>
	<onright>67</onright>
	<onup>9900</onup>
	<ondown>80</ondown>
	<viewtype label="31806">icon</viewtype>
	<pagecontrol>80</pagecontrol>
	<itemgap>0</itemgap>
	<orientation>horizontal</orientation>
	<scrolltime>250</scrolltime>
	<preloaditems>2</preloaditems>
	<focusposition>3</focusposition>
	<hitrect x="615" y="264" w="372" h="543" />
	<itemlayout width="372" height="543" />
	<focusedlayout width="372" height="543">
	<control type="image">
	<left>0</left>
	<top>0</top>
	<width>372</width>
	<height>543</height>
	<texture>-</texture>
	</control>
	</focusedlayout>
	</control>
	<control type="group">
	<visible>Control.IsVisible(67)</visible>
	<control type="image">
	<left>0</left>
	<top>-150</top>
	<width>1920</width>
	<height>1230</height>
	<texture>3dwall_vignette.png</texture>
	</control>
	<control type="group">
	<animation reversible="true" effect="zoom" start="100" end="95" center="auto" time="300" tween="quadratic" easing="in" condition="Control.IsVisible(7013) | Control.IsVisible(7014)">Conditional</animation>
	<control type="image">
	<left>555</left>
	<top>204</top>
	<width>492</width>
	<height>669</height>
	<texture border="-15" diffuse="thumb_3dwall_mask2.png">thumb_frame.png</texture>
	<colordiffuse>$INFO[Skin.String(colorheader)]</colordiffuse>
	<animation type="WindowOpen">
	<effect type="fade" start="0" end="100" time="1000" delay="2000" />
	</animation>
	</control>
	<control type="image">
	<left>615</left>
	<top>264</top>
	<width>372</width>
	<height>549</height>
	<aspectratio align="center" aligny="bottom">stretch</aspectratio>
	<texture diffuse="thumb_3dwall_mask2.png" background="true">$INFO[ListItem.Icon]</texture>
	<animation type="WindowOpen">
	<effect type="fade" start="0" end="100" time="500" delay="500" />
	<effect type="zoom" center="auto" start="80" end="100" time="500" delay="1000" />
	</animation>
	</control>
	<control type="image">
	<left>916</left>
	<top>261</top>
	<width>75</width>
	<height>75</height>
	<texture colordiffuse="$INFO[Skin.String(colorwatched)]">$VAR[value_watchedstyle]</texture>
	<animation type="WindowOpen">
	<effect type="fade" start="0" end="100" time="500" delay="2000" />
	</animation>
	<animation type="Visible">
	<effect type="fade" start="0" end="100" time="500" delay="100" />
	</animation>
	<visible>!Skin.HasSetting(nooverlays) + StringCompare(ListItem.Overlay,OverlayWatched.png)</visible>
	</control>
	<control type="image">
	<left>615</left>
	<top>264</top>
	<width>372</width>
	<height>549</height>
	<aspectratio align="center" aligny="bottom">stretch</aspectratio>
	<texture diffuse="thumb_3dwall_mask2.png" background="true">$VAR[value_poster-1]</texture>
	<animation effect="fade" start="100" end="0" time="200" delay="200" condition="Control.IsVisible(7013)">Conditional</animation>
	<visible>Control.IsVisible(7013) + !StringCompare(ListItem(-1).Label,..)</visible>
	</control>
	<control type="image">
	<left>615</left>
	<top>264</top>
	<width>372</width>
	<height>549</height>
	<aspectratio align="center" aligny="bottom">stretch</aspectratio>
	<texture diffuse="thumb_3dwall_mask2.png" background="true">$VAR[value_poster1]</texture>
	<animation effect="fade" start="100" end="0" time="200" delay="200" condition="Control.IsVisible(7014)">Conditional</animation>
	<visible>Control.IsVisible(7014) + !StringCompare(ListItem(1).Label,..)</visible>
	</control>
	<control type="scrollbar" id="80">
	<include>ScrollBar_Horizontal</include>
	<left>458</left>
	<top>994</top>
	<width>1005</width>
	<onup>67</onup>
	<ondown>9920</ondown>
	<onleft>80</onleft>
	<onright>80</onright>
	<include>Animation_Fade</include>
	<visible allowhiddenfocus="true">Control.IsVisible(67) + Control.HasFocus(80)</visible>
	</control>
	</control>
	<control type="group">
	<animation type="WindowOpen">
	<effect type="fade" start="0" end="100" time="2000" delay="1000" />
	</animation>
	<control type="label">
	<left>45</left>
	<top>270</top>
	<width>525</width>
	<height>22</height>
	<textcolor>FFFFFAF0</textcolor>
	<label>$VAR[value_glasslistinfofocus]</label>
	<font>Font_plot</font>
	<scroll>true</scroll>
	<visible>!StringCompare(ListItem.Label,..)</visible>
	</control>
	<control type="image">
	<left>0</left>
	<top>310</top>
	<width>525</width>
	<height>3</height>
	<align>left</align>
	<texture flipx="true">divider.png</texture>
	</control>
	<control type="textbox">
	<left>45</left>
	<top>322</top>
	<width>525</width>
	<height>489</height>
	<label>$VAR[value_plot]</label>
	<font>Font_plot</font>
	<autoscroll delay="8000" time="2000" repeat="8000">!Skin.HasSetting(noallowscroll)</autoscroll>
	</control>
	</control>
	</control>
	</include>
	<!-- Episodes -->
	<include name="View3DWallEpisodes">
	<control type="group">
	<left>195</left>
	<top>0</top>
	<visible>Control.IsVisible(68)</visible>
	<control type="group" id="7027">
	<animation effect="rotatey" center="1920" start="-15" end="-15" time="0" condition="true">Conditional</animation>
	<animation reversible="false" effect="slide" start="0,0" end="-480,0" time="400" tween="quadratic" easing="out">Hidden</animation>
	<visible>Container.OnNext</visible>
	<control type="image">
	<left>0</left>
	<top>10</top>
	<width>480</width>
	<height>267</height>
	<aspectratio align="center" aligny="bottom">stretch</aspectratio>
	<texture diffuse="thumb_3dwall_mask.png" background="true">$VAR[value_poster-6]</texture>
	</control>
	<control type="image">
	<left>480</left>
	<top>10</top>
	<width>480</width>
	<height>267</height>
	<aspectratio align="center" aligny="bottom">stretch</aspectratio>
	<texture diffuse="thumb_3dwall_mask.png" background="true">$VAR[value_poster-5]</texture>
	</control>
	<control type="image">
	<left>960</left>
	<top>10</top>
	<width>480</width>
	<height>267</height>
	<aspectratio align="center" aligny="bottom">stretch</aspectratio>
	<texture diffuse="thumb_3dwall_mask.png" background="true">$VAR[value_poster-4]</texture>
	</control>
	<control type="image">
	<left>1440</left>
	<top>10</top>
	<width>480</width>
	<height>267</height>
	<aspectratio align="center" aligny="bottom">stretch</aspectratio>
	<texture diffuse="thumb_3dwall_mask.png" background="true">$VAR[value_poster-3]</texture>
	</control>
	<control type="image">
	<left>1920</left>
	<top>10</top>
	<width>480</width>
	<height>267</height>
	<aspectratio align="center" aligny="bottom">stretch</aspectratio>
	<texture diffuse="thumb_3dwall_mask.png" background="true">$VAR[value_poster-2]</texture>
	</control>
	<control type="image">
	<left>0</left>
	<top>274</top>
	<width>480</width>
	<height>267</height>
	<aspectratio align="center" aligny="bottom">stretch</aspectratio>
	<texture diffuse="thumb_3dwall_mask.png" background="true">$VAR[value_poster-2]</texture>
	</control>
	<control type="image">
	<left>480</left>
	<top>274</top>
	<width>480</width>
	<height>267</height>
	<aspectratio align="center" aligny="bottom">stretch</aspectratio>
	<texture diffuse="thumb_3dwall_mask.png" background="true">$VAR[value_poster-1]</texture>
	</control>
	<control type="image">
	<left>960</left>
	<top>274</top>
	<width>480</width>
	<height>267</height>
	<aspectratio align="center" aligny="bottom">stretch</aspectratio>
	<texture diffuse="thumb_3dwall_mask.png" background="true">$VAR[value_poster0]</texture>
	</control>
	<control type="image">
	<left>1440</left>
	<top>274</top>
	<width>480</width>
	<height>267</height>
	<aspectratio align="center" aligny="bottom">stretch</aspectratio>
	<texture diffuse="thumb_3dwall_mask.png" background="true">$VAR[value_poster1]</texture>
	</control>
	<control type="image">
	<left>1920</left>
	<top>274</top>
	<width>480</width>
	<height>267</height>
	<aspectratio align="center" aligny="bottom">stretch</aspectratio>
	<texture diffuse="thumb_3dwall_mask.png" background="true">$VAR[value_poster2]</texture>
	</control>
	<control type="image">
	<left>0</left>
	<top>538</top>
	<width>480</width>
	<height>267</height>
	<aspectratio align="center" aligny="bottom">stretch</aspectratio>
	<texture diffuse="thumb_3dwall_mask.png" background="true">$VAR[value_poster2]</texture>
	</control>
	<control type="image">
	<left>480</left>
	<top>538</top>
	<width>480</width>
	<height>267</height>
	<aspectratio align="center" aligny="bottom">stretch</aspectratio>
	<texture diffuse="thumb_3dwall_mask.png" background="true">$VAR[value_poster3]</texture>
	</control>
	<control type="image">
	<left>960</left>
	<top>538</top>
	<width>480</width>
	<height>267</height>
	<aspectratio align="center" aligny="bottom">stretch</aspectratio>
	<texture diffuse="thumb_3dwall_mask.png" background="true">$VAR[value_poster4]</texture>
	</control>
	<control type="image">
	<left>1440</left>
	<top>538</top>
	<width>480</width>
	<height>267</height>
	<aspectratio align="center" aligny="bottom">stretch</aspectratio>
	<texture diffuse="thumb_3dwall_mask.png" background="true">$VAR[value_poster5]</texture>
	</control>
	<control type="image">
	<left>1920</left>
	<top>538</top>
	<width>480</width>
	<height>267</height>
	<aspectratio align="center" aligny="bottom">stretch</aspectratio>
	<texture diffuse="thumb_3dwall_mask.png" background="true">$VAR[value_poster6]</texture>
	</control>
	<control type="image">
	<left>0</left>
	<top>802</top>
	<width>480</width>
	<height>267</height>
	<aspectratio align="center" aligny="bottom">stretch</aspectratio>
	<texture diffuse="thumb_3dwall_mask.png" background="true">$VAR[value_poster7]</texture>
	</control>
	<control type="image">
	<left>480</left>
	<top>802</top>
	<width>480</width>
	<height>267</height>
	<aspectratio align="center" aligny="bottom">stretch</aspectratio>
	<texture diffuse="thumb_3dwall_mask.png" background="true">$VAR[value_poster7]</texture>
	</control>
	<control type="image">
	<left>960</left>
	<top>802</top>
	<width>480</width>
	<height>267</height>
	<aspectratio align="center" aligny="bottom">stretch</aspectratio>
	<texture diffuse="thumb_3dwall_mask.png" background="true">$VAR[value_poster8]</texture>
	</control>
	<control type="image">
	<left>1440</left>
	<top>802</top>
	<width>480</width>
	<height>267</height>
	<aspectratio align="center" aligny="bottom">stretch</aspectratio>
	<texture diffuse="thumb_3dwall_mask.png" background="true">$VAR[value_poster9]</texture>
	</control>
	<control type="image">
	<left>1920</left>
	<top>802</top>
	<width>480</width>
	<height>267</height>
	<aspectratio align="center" aligny="bottom">stretch</aspectratio>
	<texture diffuse="thumb_3dwall_mask.png" background="true">$VAR[value_poster10]</texture>
	</control>
	</control>
	<control type="group" id="7028">
	<animation effect="rotatey" center="1920" start="-15" end="-15" time="0" condition="true">Conditional</animation>
	<animation reversible="false" effect="slide" start="0,0" end="480,0" time="400" tween="quadratic" easing="out">Hidden</animation>
	<visible>Container.OnPrevious</visible>
	<control type="image">
	<left>-480</left>
	<top>10</top>
	<width>480</width>
	<height>267</height>
	<aspectratio align="center" aligny="bottom">stretch</aspectratio>
	<texture diffuse="thumb_3dwall_mask.png" background="true">$VAR[value_poster-5]</texture>
	</control>
	<control type="image">
	<left>0</left>
	<top>10</top>
	<width>480</width>
	<height>267</height>
	<aspectratio align="center" aligny="bottom">stretch</aspectratio>
	<texture diffuse="thumb_3dwall_mask.png" background="true">$VAR[value_poster-4]</texture>
	</control>
	<control type="image">
	<left>480</left>
	<top>10</top>
	<width>480</width>
	<height>267</height>
	<aspectratio align="center" aligny="bottom">stretch</aspectratio>
	<texture diffuse="thumb_3dwall_mask.png" background="true">$VAR[value_poster-3]</texture>
	</control>
	<control type="image">
	<left>960</left>
	<top>10</top>
	<width>480</width>
	<height>267</height>
	<aspectratio align="center" aligny="bottom">stretch</aspectratio>
	<texture diffuse="thumb_3dwall_mask.png" background="true">$VAR[value_poster-2]</texture>
	</control>
	<control type="image">
	<left>1440</left>
	<top>10</top>
	<width>480</width>
	<height>267</height>
	<aspectratio align="center" aligny="bottom">stretch</aspectratio>
	<texture diffuse="thumb_3dwall_mask.png" background="true">$VAR[value_poster-1]</texture>
	</control>
	<control type="image">
	<left>-480</left>
	<top>274</top>
	<width>480</width>
	<height>267</height>
	<aspectratio align="center" aligny="bottom">stretch</aspectratio>
	<texture diffuse="thumb_3dwall_mask.png" background="true">$VAR[value_poster-1]</texture>
	</control>
	<control type="image">
	<left>0</left>
	<top>274</top>
	<width>480</width>
	<height>267</height>
	<aspectratio align="center" aligny="bottom">stretch</aspectratio>
	<texture diffuse="thumb_3dwall_mask.png" background="true">$VAR[value_poster0]</texture>
	</control>
	<control type="image">
	<left>480</left>
	<top>274</top>
	<width>480</width>
	<height>267</height>
	<aspectratio align="center" aligny="bottom">stretch</aspectratio>
	<texture diffuse="thumb_3dwall_mask.png" background="true">$VAR[value_poster1]</texture>
	</control>
	<control type="image">
	<left>960</left>
	<top>274</top>
	<width>480</width>
	<height>267</height>
	<aspectratio align="center" aligny="bottom">stretch</aspectratio>
	<texture diffuse="thumb_3dwall_mask.png" background="true">$VAR[value_poster2]</texture>
	</control>
	<control type="image">
	<left>1440</left>
	<top>274</top>
	<width>480</width>
	<height>267</height>
	<aspectratio align="center" aligny="bottom">stretch</aspectratio>
	<texture diffuse="thumb_3dwall_mask.png" background="true">$VAR[value_poster3]</texture>
	</control>
	<control type="image">
	<left>-480</left>
	<top>538</top>
	<width>480</width>
	<height>267</height>
	<aspectratio align="center" aligny="bottom">stretch</aspectratio>
	<texture diffuse="thumb_3dwall_mask.png" background="true">$VAR[value_poster3]</texture>
	</control>
	<control type="image">
	<left>0</left>
	<top>538</top>
	<width>480</width>
	<height>267</height>
	<aspectratio align="center" aligny="bottom">stretch</aspectratio>
	<texture diffuse="thumb_3dwall_mask.png" background="true">$VAR[value_poster4]</texture>
	</control>
	<control type="image">
	<left>480</left>
	<top>538</top>
	<width>480</width>
	<height>267</height>
	<aspectratio align="center" aligny="bottom">stretch</aspectratio>
	<texture diffuse="thumb_3dwall_mask.png" background="true">$VAR[value_poster5]</texture>
	</control>
	<control type="image">
	<left>960</left>
	<top>538</top>
	<width>480</width>
	<height>267</height>
	<aspectratio align="center" aligny="bottom">stretch</aspectratio>
	<texture diffuse="thumb_3dwall_mask.png" background="true">$VAR[value_poster6]</texture>
	</control>
	<control type="image">
	<left>1440</left>
	<top>538</top>
	<width>480</width>
	<height>267</height>
	<aspectratio align="center" aligny="bottom">stretch</aspectratio>
	<texture diffuse="thumb_3dwall_mask.png" background="true">$VAR[value_poster7]</texture>
	</control>
	<control type="image">
	<left>-480</left>
	<top>802</top>
	<width>480</width>
	<height>267</height>
	<aspectratio align="center" aligny="bottom">stretch</aspectratio>
	<texture diffuse="thumb_3dwall_mask.png" background="true">$VAR[value_poster7]</texture>
	</control>
	<control type="image">
	<left>0</left>
	<top>802</top>
	<width>480</width>
	<height>267</height>
	<aspectratio align="center" aligny="bottom">stretch</aspectratio>
	<texture diffuse="thumb_3dwall_mask.png" background="true">$VAR[value_poster8]</texture>
	</control>
	<control type="image">
	<left>480</left>
	<top>802</top>
	<width>480</width>
	<height>267</height>
	<aspectratio align="center" aligny="bottom">stretch</aspectratio>
	<texture diffuse="thumb_3dwall_mask.png" background="true">$VAR[value_poster9]</texture>
	</control>
	<control type="image">
	<left>960</left>
	<top>802</top>
	<width>480</width>
	<height>267</height>
	<aspectratio align="center" aligny="bottom">stretch</aspectratio>
	<texture diffuse="thumb_3dwall_mask.png" background="true">$VAR[value_poster10]</texture>
	</control>
	<control type="image">
	<left>1440</left>
	<top>802</top>
	<width>480</width>
	<height>267</height>
	<aspectratio align="center" aligny="bottom">stretch</aspectratio>
	<texture diffuse="thumb_3dwall_mask.png" background="true">$VAR[value_poster11]</texture>
	</control>
	</control>
	<control type="group">
	<animation type="WindowOpen">
	<effect type="fade" start="0" end="100" time="1000" />
	<effect type="rotatey" center="1920" start="0" end="-15" time="1000" delay="2250" />
	</animation>
	<visible>!Control.IsVisible(7027) + !Control.IsVisible(7028)</visible>
	<control type="image">
	<left>0</left>
	<top>10</top>
	<width>480</width>
	<height>267</height>
	<aspectratio align="center" aligny="bottom">stretch</aspectratio>
	<texture diffuse="thumb_3dwall_mask.png" background="true">$VAR[value_poster-5]</texture>
	</control>
	<control type="image">
	<left>480</left>
	<top>10</top>
	<width>480</width>
	<height>267</height>
	<aspectratio align="center" aligny="bottom">stretch</aspectratio>
	<texture diffuse="thumb_3dwall_mask.png" background="true">$VAR[value_poster-4]</texture>
	</control>
	<control type="image">
	<left>960</left>
	<top>10</top>
	<width>480</width>
	<height>267</height>
	<aspectratio align="center" aligny="bottom">stretch</aspectratio>
	<texture diffuse="thumb_3dwall_mask.png" background="true">$VAR[value_poster-3]</texture>
	</control>
	<control type="image">
	<left>1440</left>
	<top>10</top>
	<width>480</width>
	<height>267</height>
	<aspectratio align="center" aligny="bottom">stretch</aspectratio>
	<texture diffuse="thumb_3dwall_mask.png" background="true">$VAR[value_poster-2]</texture>
	</control>
	<control type="image">
	<left>0</left>
	<top>274</top>
	<width>480</width>
	<height>267</height>
	<aspectratio align="center" aligny="bottom">stretch</aspectratio>
	<texture diffuse="thumb_3dwall_mask.png" background="true">$VAR[value_poster-1]</texture>
	</control>
	<control type="image">
	<left>480</left>
	<top>274</top>
	<width>480</width>
	<height>267</height>
	<aspectratio align="center" aligny="bottom">stretch</aspectratio>
	<texture diffuse="thumb_3dwall_mask.png" background="true">$VAR[value_poster0]</texture>
	</control>
	<control type="image">
	<left>960</left>
	<top>274</top>
	<width>480</width>
	<height>267</height>
	<aspectratio align="center" aligny="bottom">stretch</aspectratio>
	<texture diffuse="thumb_3dwall_mask.png" background="true">$VAR[value_poster1]</texture>
	</control>
	<control type="image">
	<left>1440</left>
	<top>274</top>
	<width>480</width>
	<height>267</height>
	<aspectratio align="center" aligny="bottom">stretch</aspectratio>
	<texture diffuse="thumb_3dwall_mask.png" background="true">$VAR[value_poster2]</texture>
	</control>
	<control type="image">
	<left>0</left>
	<top>538</top>
	<width>480</width>
	<height>267</height>
	<aspectratio align="center" aligny="bottom">stretch</aspectratio>
	<texture diffuse="thumb_3dwall_mask.png" background="true">$VAR[value_poster3]</texture>
	</control>
	<control type="image">
	<left>480</left>
	<top>538</top>
	<width>480</width>
	<height>267</height>
	<aspectratio align="center" aligny="bottom">stretch</aspectratio>
	<texture diffuse="thumb_3dwall_mask.png" background="true">$VAR[value_poster4]</texture>
	</control>
	<control type="image">
	<left>960</left>
	<top>538</top>
	<width>480</width>
	<height>267</height>
	<aspectratio align="center" aligny="bottom">stretch</aspectratio>
	<texture diffuse="thumb_3dwall_mask.png" background="true">$VAR[value_poster5]</texture>
	</control>
	<control type="image">
	<left>1440</left>
	<top>538</top>
	<width>480</width>
	<height>267</height>
	<aspectratio align="center" aligny="bottom">stretch</aspectratio>
	<texture diffuse="thumb_3dwall_mask.png" background="true">$VAR[value_poster6]</texture>
	</control>
	<control type="image">
	<left>0</left>
	<top>802</top>
	<width>480</width>
	<height>267</height>
	<aspectratio align="center" aligny="bottom">stretch</aspectratio>
	<texture diffuse="thumb_3dwall_mask.png" background="true">$VAR[value_poster7]</texture>
	</control>
	<control type="image">
	<left>480</left>
	<top>802</top>
	<width>480</width>
	<height>267</height>
	<aspectratio align="center" aligny="bottom">stretch</aspectratio>
	<texture diffuse="thumb_3dwall_mask.png" background="true">$VAR[value_poster8]</texture>
	</control>
	<control type="image">
	<left>960</left>
	<top>802</top>
	<width>480</width>
	<height>267</height>
	<aspectratio align="center" aligny="bottom">stretch</aspectratio>
	<texture diffuse="thumb_3dwall_mask.png" background="true">$VAR[value_poster9]</texture>
	</control>
	<control type="image">
	<left>1440</left>
	<top>802</top>
	<width>480</width>
	<height>267</height>
	<aspectratio align="center" aligny="bottom">stretch</aspectratio>
	<texture diffuse="thumb_3dwall_mask.png" background="true">$VAR[value_poster10]</texture>
	</control>
	</control>
	</control>
	<control type="wraplist" id="68">
	<visible>Container.Content(episodes)</visible>
	<left>-840</left>
	<top>267</top>
	<width>1920</width>
	<height>267</height>
	<onleft>68</onleft>
	<onright>68</onright>
	<onup>9900</onup>
	<ondown>60</ondown>
	<viewtype label="31806">icon</viewtype>
	<pagecontrol>60</pagecontrol>
	<itemgap>0</itemgap>
	<orientation>horizontal</orientation>
	<scrolltime>250</scrolltime>
	<preloaditems>2</preloaditems>
	<focusposition>3</focusposition>
	<hitrect x="570" y="150" w="675" h="375" />
	<itemlayout width="480" height="267" />
	<focusedlayout width="480" height="267">
	<control type="image">
	<left>0</left>
	<top>0</top>
	<width>480</width>
	<height>267</height>
	<texture>-</texture>
	</control>
	</focusedlayout>
	</control>
	<control type="group">
	<visible>Control.IsVisible(68)</visible>
	<control type="image">
	<left>0</left>
	<top>-150</top>
	<width>1920</width>
	<height>1230</height>
	<texture>3dwall_vignette.png</texture>
	</control>
	<control type="group">
	<animation reversible="true" effect="zoom" start="100" end="95" center="auto" time="300" tween="quadratic" easing="in" condition="Control.IsVisible(7027) | Control.IsVisible(7028)">Conditional</animation>
	<control type="image">
	<left>548</left>
	<top>105</top>
	<width>810</width>
	<height>495</height>
	<texture border="-60" diffuse="thumb_episode_mask.png">thumb_episode_frame.png</texture>
	<colordiffuse>$INFO[Skin.String(colorheader)]</colordiffuse>
	<animation type="WindowOpen">
	<effect type="fade" start="0" end="100" time="1000" delay="2000" />
	</animation>
	</control>
	<control type="image">
	<left>592</left>
	<top>150</top>
	<width>720</width>
	<height>405</height>
	<aspectratio align="center" aligny="bottom">stretch</aspectratio>
	<texture background="true" diffuse="thumb_episode_mask.png">$INFO[ListItem.Icon]</texture>
	<animation type="WindowOpen">
	<effect type="fade" start="0" end="100" time="500" delay="500" />
	<effect type="zoom" start="675,274,320,180" end="600,135,480,270" time="1000" delay="1000" />
	</animation>
	</control>
	<control type="image">
	<left>592</left>
	<top>150</top>
	<width>720</width>
	<height>405</height>
	<aspectratio align="center" aligny="bottom">stretch</aspectratio>
	<texture background="true" diffuse="thumb_3dwall_mask2.png">$VAR[value_poster-1]</texture>
	<animation effect="fade" start="100" end="0" time="200" delay="200" condition="Control.IsVisible(7027)">Conditional</animation>
	<visible>Control.IsVisible(7027) + !StringCompare(ListItem(-1).Label,..)</visible>
	</control>
	<control type="image">
	<left>592</left>
	<top>150</top>
	<width>720</width>
	<height>405</height>
	<aspectratio align="center" aligny="bottom">stretch</aspectratio>
	<texture background="true" diffuse="thumb_3dwall_mask2.png">$VAR[value_poster1]</texture>
	<animation effect="fade" start="100" end="0" time="200" delay="200" condition="Control.IsVisible(7028)">Conditional</animation>
	<visible>Control.IsVisible(7028) + !StringCompare(ListItem(1).Label,..)</visible>
	</control>
	</control>
	<control type="group">
	<animation type="WindowOpen">
	<effect type="fade" start="0" end="100" time="2000" delay="1000" />
	</animation>
	<control type="scrollbar" id="81">
	<include>ScrollBar_Horizontal</include>
	<left>458</left>
	<top>994</top>
	<width>1005</width>
	<onup>68</onup>
	<ondown>68</ondown>
	<onleft>81</onleft>
	<onright>81</onright>
	<include>Animation_Fade</include>
	<visible allowhiddenfocus="true">Control.IsVisible(68) + Control.HasFocus(60)</visible>
	</control>
	<control type="label">
	<left>45</left>
	<top>150</top>
	<width>525</width>
	<height>22</height>
	<textcolor>FFFFFAF0</textcolor>
	<label>$VAR[value_glasslistinfofocus]</label>
	<font>Font_plot</font>
	<scroll>true</scroll>
	<visible>!StringCompare(ListItem.Label,..)</visible>
	</control>
	<control type="image">
	<left>0</left>
	<top>188</top>
	<width>525</width>
	<height>3</height>
	<align>left</align>
	<texture flipx="true">divider.png</texture>
	</control>
	<control type="textbox">
	<left>45</left>
	<top>195</top>
	<width>525</width>
	<height>480</height>
	<label>$VAR[value_plot]</label>
	<font>Font_plot</font>
	<autoscroll delay="8000" time="2000" repeat="8000">!Skin.HasSetting(noallowscroll)</autoscroll>
	</control>
	</control>
	</control>
	</include>
</includes>