<?xml version="1.0" encoding="UTF-8"?>
<includes>
	<!-- Aeon MQ 7 -->
	<!--########################################################################   VISTA GLASS LIST - ID 57   ########################################################################-->
	<include name="GlassListLabel">
	<left>480</left>
	<height>66</height>
	<width>585</width>
	<font>Font_plot</font>
	<aligny>top</aligny>
	<align>left</align>
	<textcolor>$INFO[Skin.String(colorheader)]</textcolor>
	<textoffsetx>45</textoffsetx>
	<textoffsety>3</textoffsety>
	</include>
	<include name="GlassListValue">
	<left>480</left>
	<height>20</height>
	<width>585</width>
	<font>Font_plot</font>
	<aligny>top</aligny>
	<align>left</align>
	<textoffsetx>45</textoffsetx>
	<textoffsety>32</textoffsety>
	<scroll>true</scroll>
	</include>
	<include name="GlassListDisc">
	<width>225</width>
	<height>225</height>
	<fadetime>FanartCrossFadeTime</fadetime>
	<aspectratio align="center" aligny="center">keep</aspectratio>
	<animation effect="rotate" start="0" end="-360" center="auto" time="40000" delay="5000" loop="true" reversible="false" condition="!Player.HasVideo">Conditional</animation>
	<include>Animation_ViewsCDart</include>
	</include>
	<include name="ViewGlassList">
	
	<!--#######################################################################   MENU DA ESQUERDA   #######################################################################-->
	<control type="group">
	<top>-45</top>
	<animation effect="fade" time="400">VisibleChange</animation>
	<visible>Control.IsVisible(57)</visible>
	<control type="button" id="9957">
	<include>InvisibleButton</include>
	<onleft>57</onleft>
	<onright>9920</onright>
	<onup>57</onup>
	<ondown>57</ondown>
	</control>
	<control type="image">
	<left>0</left>
	<top>0</top>
	<width>450</width>
	<height>1080</height>
	<texture flipx="true" diffuse="shadow_mask_v.png">darkgrey.png</texture>
	<colordiffuse>$INFO[Skin.String(colortexture)]</colordiffuse>
	<animation effect="fade" end="85" condition="true">Conditional</animation>
	</control>
	<!-- Divisor vertical -->
	<control type="image">
	<left>450</left>
	<top>0</top>
	<width>4</width>
	<height>1080</height>
	<texture>grey.png</texture>
	<colordiffuse>$INFO[Skin.String(colortexture)]</colordiffuse>
	</control>
	<!-- Contador de pagina -->
	<control type="label">	
	<left>30</left>
	<top>1030</top>
	<width>225</width>
	<height>33</height>
	<label>$LOCALIZE[31757] $INFO[Container.CurrentPage]/$INFO[Container.NumPages]</label>
	<font>Font_button</font>
	<align>left</align>
	<textcolor>FFFFFAF0</textcolor>
	<include>Animation_Fade</include>
	</control>
	<control type="list" id="57">
	<viewtype label="31821">List</viewtype>
	<left>0</left>
	<top>0</top>
	<width>450</width>
	<height>975</height>
	<onleft>9900</onleft>
	<onright condition="StringCompare(skin.string(glasslistvideopanel),manual) + !StringCompare(ListItem.Label,..)">9957</onright>
	<onright condition="![StringCompare(skin.string(glasslistvideopanel),manual) + !StringCompare(ListItem.Label,..)]">9920</onright>
	<orientation>vertical</orientation>
	<scrolltime>450</scrolltime>
	<preloaditems>2</preloaditems>
	<focusposition>0</focusposition>
	<pagecontrol>-</pagecontrol>
	<animation effect="slide" end="0,60" time="500" tween="sine" easing="out" condition="Skin.HasSetting(videoinfobar)">Conditional</animation>
	<visible>!Container.Content(years)</visible>
	<itemlayout width="450" height="60">
	<control type="image">
	<left>0</left>
	<top>0</top>
	<width>450</width>
	<height>4</height>
	<texture flipx="true">divider.png</texture>
	<colordiffuse>90FFFFFF</colordiffuse>
	</control>
	<control type="label">
	<left>30</left>
	<top>1</top>
	<width>390</width>
	<height>60</height>
	<font>Font_list</font>
	<label>$VAR[value_videotitle]</label>
	<align>left</align>
	<aligny>center</aligny>
	<textcolor>FFFFFAF0</textcolor>
	<selectedcolor>$INFO[Skin.String(colorheader)]</selectedcolor>
	</control>
	<control type="image">
	<left>360</left>
	<top>3</top>
	<width>120</width>
	<height>56</height>
	<texture>$VAR[value_watchedstyle]</texture>
	<colordiffuse>$INFO[Skin.String(colorwatched)]</colordiffuse>
	<aspectratio align="center" aligny="top">keep</aspectratio>
	<visible>!Skin.HasSetting(nooverlays) + StringCompare(ListItem.Overlay,OverlayWatched.png)</visible>
	</control>
	</itemlayout>
	<focusedlayout condition="IsEmpty(Control.GetLabel(198)) | Window.IsActive(25) + Skin.HasSetting(slimglasslistvideo) | [Window.IsActive(500) | Window.IsActive(502)] + Skin.HasSetting(slimglasslistmusic)" width="450" height="60">
	<control type="image">
	<left>0</left>
	<top>0</top>
	<width>450</width>
	<height>60</height>
	<texture>grey.png</texture>
	<animation effect="fade" start="100" end="75" time="0" condition="!Control.Hasfocus(57)">conditional</animation>
	</control>
	<control type="label">
	<left>30</left>
	<top>1</top>
	<width>390</width>
	<height>60</height>
	<font>Font_list</font>
	<label>$VAR[value_videotitle]</label>
	<align>left</align>
	<aligny>center</aligny>
	<textcolor>FF101010</textcolor>
	<selectedcolor>$INFO[Skin.String(colorheader)]</selectedcolor>
	<animation effect="fade" start="100" end="90" time="0" condition="!Control.Hasfocus(57)">conditional</animation>
	</control>
	<control type="image">
	<left>360</left>
	<top>3</top>
	<width>120</width>
	<height>56</height>
	<texture>$VAR[value_watchedstyle]</texture>
	<colordiffuse>$INFO[Skin.String(colorwatched)]</colordiffuse>
	<aspectratio align="center" aligny="top">keep</aspectratio>
	<visible>!Skin.HasSetting(nooverlays) + StringCompare(ListItem.Overlay,OverlayWatched.png)</visible>
	</control>
	</focusedlayout>
	<focusedlayout condition="![IsEmpty(Control.GetLabel(198)) | Window.IsActive(25) + Skin.HasSetting(slimglasslistvideo) | [Window.IsActive(500) | Window.IsActive(502)] + Skin.HasSetting(slimglasslistmusic)]" width="450" height="90">
	<control type="image">
	<left>0</left>
	<top>0</top>
	<width>450</width>
	<height>90</height>
	<texture>grey.png</texture>
	<animation effect="fade" start="100" end="75" time="0" condition="!Control.Hasfocus(57)">conditional</animation>
	</control>
	<control type="label">
	<left>30</left>
	<top>-14</top>
	<width>390</width>
	<height>90</height>
	<font>Font_list</font>
	<label>$VAR[value_videotitle]</label>
	<align>left</align>
	<aligny>center</aligny>
	<textcolor>FF101010</textcolor>
	<selectedcolor>$INFO[Skin.String(colorheader)]</selectedcolor>
	<animation effect="fade" start="100" end="90" time="0" condition="!Control.Hasfocus(57)">conditional</animation>
	</control>
	<control type="label">
	<left>30</left>
	<top>50</top>
	<width>390</width>
	<height>30</height>
	<font>Font_plot</font>
	<align>left</align>
	<aligny>center</aligny>
	<label>$VAR[value_glasslistinfofocus]</label>
	<textcolor>FF101010</textcolor>
	<selectedcolor>FF101010</selectedcolor>
	<visible>!StringCompare(ListItem.Label,..)</visible>
	</control>
	<control type="image">
	<left>360</left>
	<top>3</top>
	<width>120</width>
	<height>56</height>
	<texture>$VAR[value_watchedstyle]</texture>
	<colordiffuse>$INFO[Skin.String(colorwatched)]</colordiffuse>
	<aspectratio align="center" aligny="top">keep</aspectratio>
	<visible>!Skin.HasSetting(nooverlays) + StringCompare(ListItem.Overlay,OverlayWatched.png)</visible>
	</control>
	</focusedlayout>
	</control>
	<control type="image">
	<left>0</left>
	<top>0</top>
	<width>471</width>
	<height>1080</height>
	<texture>menu_glass.png</texture>
	<colordiffuse>70FFFAF0</colordiffuse>
	</control>
	<!-- Tag control -->
	<control type="label" id="198">	
	<include>InvisibleButton</include>
	<label>$VAR[value_listinfofocus]</label>
	</control>
	</control>	
	
	<!--#######################################################################   MENU DA DIREITA   #######################################################################-->
	<control type="group">
	<animation effect="slide" start="1500,0" end="0,0" time="600" easing="out" tween="sine">WindowOpen</animation>
	<animation effect="slide" start="1500,0" end="0,0" time="600" easing="out" tween="sine">Visible</animation>
	<animation effect="slide" start="0,0" end="1500,0" time="600" easing="out" tween="sine">Hidden</animation>
	<visible>Control.IsVisible(57) + !StringCompare(ListItem.Label,..) + [Control.HasFocus(9957) | StringCompare(skin.string(glasslistvideopanel),alwayson) | StringCompare(skin.string(glasslistvideopanel),auto) + Control.IsVisible(9921) | Window.IsVisible(6621)]</visible>
	<!-- Fundo -->
	<control type="image">
	<left>454</left>
	<top>50</top>
	<width>1466</width>
	<height>1030</height>
	<texture>darkgrey.png</texture>
	<colordiffuse>$INFO[Skin.String(colortexture)]</colordiffuse>
	<animation effect="fade" end="85" condition="true">Conditional</animation>
	</control>
	<control type="image">
	<left>454</left>
	<top>50</top>
	<width>1466</width>
	<height>82</height>
	<texture>black.png</texture>
	<animation effect="fade" end="50" condition="true">Conditional</animation>
	</control>
	<!-- Estrelas -->
	<control type="image">
	<left>520</left>
	<top>78</top>
	<width>300</width>
	<height>30</height>
	<texture fallback="$VAR[value_styleratingstars,,0.png]">$VAR[value_styleratingstars]$INFO[ListItem.Rating,,.png]</texture>
	<aspectratio align="left" aligny="center">keep</aspectratio>
	<colordiffuse>$VAR[value_colorratingstars]</colordiffuse>
	<visible>![Container.Content(artists) | Container.Content(years) | Container.Content(genres) | Container.Content(seasons) | StringCompare(ListItem.Label,..)]</visible>
	</control>
	<!-- Nota -->
	<control type="label">	
	<left>840</left>
	<top>75</top>
	<width>100</width>
	<height>38</height>
	<font>Font_list</font>
	<label>[B]$INFO[ListItem.Rating][/B]</label>
	<textcolor>FFFFFAF0</textcolor>
	</control>
	<control type="group">
	<top>248</top>
	<control type="label">
	<include>GlassListLabel</include>
	<top>0</top>
	<label>$VAR[value_ground11_label]</label>
	</control>
	<control type="label">
	<include>GlassListValue</include>
	<top>0</top>
	<label>$VAR[value_ground11_value]</label>
	</control>
	<control type="label">
	<include>GlassListLabel</include>
	<top>66</top>
	<label>$VAR[value_ground12_label]</label>
	</control>
	<control type="label">
	<include>GlassListValue</include>
	<top>66</top>
	<label>$VAR[value_ground12_value]</label>
	</control>
	<control type="label">
	<include>GlassListLabel</include>
	<top>132</top>
	<label>$VAR[value_ground13_label]</label>
	</control>
	<control type="label">
	<include>GlassListValue</include>
	<top>132</top>
	<label>$VAR[value_ground13_value]</label>
	</control>
	<!-- Written -->
	<control type="label">	
	<include>GlassListLabel</include>
	<top>198</top>
	<label>$VAR[value_ground14_label]</label>
	</control>
	<control type="label">
	<include>GlassListValue</include>
	<top>198</top>
	<label>$VAR[value_ground14_value]</label>
	</control>
	<!-- Written -->
	<control type="label">	
	<include>GlassListLabel</include>
	<top>264</top>
	<label>$VAR[value_ground15_label]</label>
	</control>
	<control type="label">
	<include>GlassListValue</include>
	<top>264</top>
	<label>$VAR[value_ground15_value]</label>
	</control>
	<!-- Written/Status -->
	<control type="label">	
	<include>GlassListLabel</include>
	<top>330</top>
	<label>$VAR[value_ground16_label]</label>
	</control>
	<control type="label">
	<include>GlassListValue</include>
	<top>330</top>
	<label>$VAR[value_ground16_value]</label>
	</control>	
	</control>
	<!-- Barra do rodape -->
	<control type="image">	
	<left>454</left>
	<top>665</top>
	<width>1466</width>
	<height>370</height>
	<texture>shadow_mask.png</texture>
	<colordiffuse>$INFO[Skin.String(colorfloor)]</colordiffuse>
	</control>
	<!-- Etiquetas -->
	<control type="grouplist">	
	<left>480</left>
	<top>970</top>
	<orientation>horizontal</orientation>
	<itemgap>9</itemgap>
	<include>FlagsContent</include>
	</control>
	<control type="image">
	<left>454</left>
	<top>975</top>
	<height>60</height>
	<width>1466</width>
	<texture>gradient_small.png</texture>
	</control>
	<!-- CDART VIDEO -->
	<control type="group">	
	<left>1095</left>
	<top>112</top>
	<animation type="WindowOpen">
	<effect type="slide" start="-150,0" end="0,0" time="500" delay="1000" tween="cubic" easing="out" />
	<effect type="fade" start="0" end="100" time="500" delay="1000" />
	</animation>
	<animation type="Visible">
	<effect type="slide" start="-150,0" end="0,0" time="500" delay="1000" tween="cubic" easing="out" />
	<effect type="fade" start="0" end="100" time="500" delay="1000" />
	</animation>
	<animation effect="fade" start="100" end="0" time="200">WindowClose</animation>
	<animation type="Hidden">
	<effect type="slide" start="0,0" end="-150,0" time="300" tween="cubic" easing="out" />
	<effect type="fade" start="100" end="0" time="200" />
	</animation>
	<visible>![IsEmpty(ListItem.Art(discart)) | Skin.HasSetting(noglasslistdiscart) | SubString(ListItem.Path,videodb://movies/sets,left)] + Window.IsActive(25) + [Control.HasFocus(9957) | Control.IsVisible(9923)]</visible>
	<control type="image">
	<left>168</left>
	<top>82</top>
	<width>375</width>
	<height>375</height>
	<texture diffuse="cdart_diffuse.png" background="true">$INFO[ListItem.Art(discart)]</texture>
	<fadetime>FanartCrossFadeTime</fadetime>
	<aspectratio align="center" aligny="center">keep</aspectratio>
	<animation effect="rotate" start="0" end="-360" center="auto" time="40000" delay="5000" loop="true" reversible="false" condition="!Player.HasVideo">Conditional</animation>
	<include>Animation_ViewsCDart</include>
	</control>
	</control>
	<!-- CDART SETS da direita -->
	<control type="grouplist">	
	<left>1500</left>
	<top>150</top>
	<orientation>vertical</orientation>
	<itemgap>-138</itemgap>
	<animation type="WindowOpen">
	<effect type="slide" start="-150,0" end="0,0" time="500" delay="500" tween="cubic" easing="out" />
	<effect type="fade" start="0" end="100" time="500" delay="500" />
	</animation>
	<animation type="Visible">
	<effect type="slide" start="-150,0" end="0,0" time="500" delay="500" tween="cubic" easing="out" />
	<effect type="fade" start="0" end="100" time="500" delay="500" />
	</animation>
	<animation effect="fade" start="100" end="0" time="200">WindowClose</animation>
	<animation type="Hidden">
	<effect type="slide" start="0,0" end="-150,0" time="300" tween="cubic" easing="out" />
	<effect type="fade" start="100" end="0" time="200" />
	</animation>
	<visible>![IsEmpty(Window(0).Property(Set.Movie.6.Art(discart))) | Skin.HasSetting(noglasslistdiscart)] + Window.IsActive(25) + SubString(ListItem.Path,videodb://movies/sets,left) + [Control.HasFocus(9957) | Control.IsVisible(9923)]</visible>
	<control type="image">
	<include>GlassListDisc</include>
	<texture diffuse="cdart_diffuse.png" background="true">$INFO[Window(0).Property(Set.Movie.6.Art(discart))]</texture>
	<visible>!IsEmpty(Window(0).Property(Set.Movie.6.Art(discart)))</visible>
	</control>
	<control type="image">
	<include>GlassListDisc</include>
	<texture diffuse="cdart_diffuse.png" background="true">$INFO[Window(0).Property(Set.Movie.7.Art(discart))]</texture>
	<visible>!IsEmpty(Window(0).Property(Set.Movie.7.Art(discart)))</visible>
	</control>
	<control type="image">
	<include>GlassListDisc</include>
	<texture diffuse="cdart_diffuse.png" background="true">$INFO[Window(0).Property(Set.Movie.8.Art(discart))]</texture>
	<visible>!IsEmpty(Window(0).Property(Set.Movie.8.Art(discart)))</visible>
	</control>
	<control type="image">
	<include>GlassListDisc</include>
	<texture diffuse="cdart_diffuse.png" background="true">$INFO[Window(0).Property(Set.Movie.9.Art(discart))]</texture>
	<visible>!IsEmpty(Window(0).Property(Set.Movie.9.Art(discart)))</visible>
	</control>
	<control type="image">
	<include>GlassListDisc</include>
	<texture diffuse="cdart_diffuse.png" background="true">$INFO[Window(0).Property(Set.Movie.10.Art(discart))]</texture>
	<visible>!IsEmpty(Window(0).Property(Set.Movie.10.Art(discart)))</visible>
	</control>
	</control>
	<!-- CDART SETS da esquerda -->
	<control type="grouplist">	
	<left>1350</left>
	<top>150</top>
	<orientation>vertical</orientation>
	<itemgap>-138</itemgap>
	<animation type="WindowOpen">
	<effect type="slide" start="-150,0" end="0,0" time="500" delay="500" tween="cubic" easing="out" />
	<effect type="fade" start="0" end="100" time="500" delay="500" />
	</animation>
	<animation type="Visible">
	<effect type="slide" start="-150,0" end="0,0" time="500" delay="500" tween="cubic" easing="out" />
	<effect type="fade" start="0" end="100" time="500" delay="500" />
	</animation>
	<animation effect="fade" start="100" end="0" time="200">WindowClose</animation>
	<animation type="Hidden">
	<effect type="slide" start="0,0" end="-150,0" time="300" tween="cubic" easing="out" />
	<effect type="fade" start="100" end="0" time="200" />
	</animation>
	<visible>![IsEmpty(Window(0).Property(Set.Movie.1.Art(discart))) | Skin.HasSetting(noglasslistdiscart)] + Window.IsActive(25) + SubString(ListItem.Path,videodb://movies/sets,left) + [Control.HasFocus(9957) | Control.IsVisible(9923)]</visible>
	<control type="image">
	<include>GlassListDisc</include>
	<texture diffuse="cdart_diffuse.png" background="true">$INFO[Window(0).Property(Set.Movie.1.Art(discart))]</texture>
	<visible>!IsEmpty(Window(0).Property(Set.Movie.1.Art(discart)))</visible>
	</control>
	<control type="image">
	<include>GlassListDisc</include>
	<texture diffuse="cdart_diffuse.png" background="true">$INFO[Window(0).Property(Set.Movie.2.Art(discart))]</texture>
	<visible>!IsEmpty(Window(0).Property(Set.Movie.2.Art(discart)))</visible>
	</control>
	<control type="image">
	<include>GlassListDisc</include>
	<texture diffuse="cdart_diffuse.png" background="true">$INFO[Window(0).Property(Set.Movie.3.Art(discart))]</texture>
	<visible>!IsEmpty(Window(0).Property(Set.Movie.3.Art(discart)))</visible>
	</control>
	<control type="image">
	<include>GlassListDisc</include>
	<texture diffuse="cdart_diffuse.png" background="true">$INFO[Window(0).Property(Set.Movie.4.Art(discart))]</texture>
	<visible>!IsEmpty(Window(0).Property(Set.Movie.4.Art(discart)))</visible>
	</control>
	<control type="image">
	<include>GlassListDisc</include>
	<texture diffuse="cdart_diffuse.png" background="true">$INFO[Window(0).Property(Set.Movie.5.Art(discart))]</texture>
	<visible>!IsEmpty(Window(0).Property(Set.Movie.5.Art(discart)))</visible>
	</control>
	</control>
	<!-- VIDEO SEM ESTOJO -->
	<control type="group">	
	<left>1056</left>
	<top>132</top>
	<include>Animation_Fade</include>
	<visible>![!Skin.HasSetting(noglasslistvideocase) + [Container.Content(movies) | Container.Content(musicvideos) | Container.Content(sets)] | Window.IsActive(500) | Window.IsActive(502)]</visible>
	<!-- Filmes/Fotos/Arquivos reflexo -->
	<control type="image">	
	<left>0</left>
	<top>609</top>
	<width>795</width>
	<height>600</height>
	<fadetime>FanartCrossFadeTime</fadetime>
	<aspectratio align="left" aligny="top">keep</aspectratio>
	<texture flipy="true" diffuse="thumb_reflect.png" background="true">$VAR[value_poster]</texture>
	<bordertexture flipy="true" diffuse="thumb_reflect.png" border="-2">black.png</bordertexture>
	</control>
	<!-- Filmes/Fotos/Arquivos -->
	<control type="image">	
	<left>0</left>
	<top>0</top>
	<width>795</width>
	<height>600</height>
	<fadetime>FanartCrossFadeTime</fadetime>
	<aspectratio align="left" aligny="bottom">keep</aspectratio>
	<texture fallback="DefaultVideoPoster.png" background="true">$VAR[value_poster]</texture>
	<bordertexture border="-2">black.png</bordertexture>
	</control>
	</control>
	<!-- FILMES ESTOJO -->
	<control type="group">	
	<left>1095</left>
	<top>112</top>
	<include>Animation_Fade</include>
	<visible>!Skin.HasSetting(noglasslistvideocase) + [Container.Content(movies) | Container.Content(musicvideos) | Container.Content(sets)]</visible>
	<!-- Poster reflexo -->
	<control type="image">	
	<left>-6</left>
	<top>639</top>
	<width>368</width>
	<height>525</height>
	<fadetime>FanartCrossFadeTime</fadetime>
	<texture flipy="true" diffuse="thumb_reflect.png" background="true">$INFO[ListItem.Icon]</texture>
	<aspectratio>stretch</aspectratio>
	</control>
	<!-- Estojo reflexo -->
	<control type="image">	
	<left>-39</left>
	<top>576</top>
	<width>456</width>
	<height>652</height>
	<aspectratio align="center" aligny="top">stretch</aspectratio>	
	<texture flipy="true" diffuse="thumb_box_reflect.png" colordiffuse="$VAR[value_videocase0]">$VAR[value_stylevideocase]</texture>	
	<fadetime>FanartCrossFadeTime</fadetime>
	</control>
	<!-- Poster -->
	<control type="image">	
	<left>-6</left>
	<top>84</top>
	<width>368</width>
	<height>518</height>
	<fadetime>FanartCrossFadeTime</fadetime>
	<texture fallback="DefaultVideoPoster.png" background="true">$VAR[value_poster]</texture>
	<aspectratio align="center" aligny="center">stretch</aspectratio>
	</control>
	<!-- Estojo -->
	<control type="image">	
	<left>-39</left>
	<top>0</top>
	<width>456</width>
	<height>652</height>
	<aspectratio align="center" aligny="bottom">stretch</aspectratio>
	<texture colordiffuse="$VAR[value_videocase0]">$VAR[value_stylevideocase]</texture>	
	<fadetime>FanartCrossFadeTime</fadetime>
	</control>
	<!-- Codec -->
	<control type="image">	
	<left>132</left>
	<top>6</top>
	<width>105</width>
	<height>105</height>
	<aspectratio align="center" aligny="center">keep</aspectratio>	
	<texture colordiffuse="$INFO[Skin.String(colorcodeccase)]">$VAR[value_videocodec0]</texture>
	<fadetime>FanartCrossFadeTime</fadetime>
	</control>
	</control>
	<!-- MUSICA -->
	<control type="group">	
	<include>Animation_Fade</include>
	<visible>[Window.IsActive(500) | Window.IsActive(502)] + Skin.HasSetting(noaudiomediacase)</visible>
	<!-- Musica reflexo -->
	<control type="image">	
	<left>-8</left>
	<top>630</top>
	<width>368</width>
	<height>525</height>
	<fadetime>FanartCrossFadeTime</fadetime>
	<aspectratio align="center" aligny="top">keep</aspectratio>
	<texture flipy="true" diffuse="thumb_reflect.png" background="true">$INFO[ListItem.Icon]</texture>
	<bordertexture flipy="true" diffuse="thumb_reflect.png" border="-2">black.png</bordertexture>
	</control>
	<!-- Musica -->
	<control type="image">	
	<left>-8</left>
	<top>98</top>
	<width>368</width>
	<height>525</height>
	<fadetime>FanartCrossFadeTime</fadetime>
	<aspectratio align="center" aligny="bottom">keep</aspectratio>
	<texture fallback="DefaultAudioCover.png" background="true">$INFO[ListItem.Icon]</texture>
	<bordertexture border="-2">black.png</bordertexture>
	</control>
	</control>
	<!-- MUSICA ESTOJO -->
	<control type="group">	
	<include>Animation_Fade</include>
	<visible>[Window.IsActive(500) | Window.IsActive(502)] + !Skin.HasSetting(noaudiomediacase)</visible>
	<!-- Musica/Estojo reflexo-->
	<control type="image">	
	<left>27</left>
	<top>630</top>
	<width>345</width>
	<height>345</height>
	<fadetime>FanartCrossFadeTime</fadetime>
	<aspectratio scalediffuse="false">stretch</aspectratio>
	<texture flipy="true" diffuse="thumb_box_diffuse_reflect.png" background="true">$INFO[ListItem.Icon]</texture>
	</control>
	<!-- Estojo reflexo -->
	<control type="image">	
	<left>-30</left>
	<top>627</top>
	<width>417</width>
	<height>364</height>
	<texture flipy="true" diffuse="thumb_box_reflect.png">thumb_box_cd.png</texture>
	</control>
	<!-- Musica -->
	<control type="image">	
	<left>27</left>
	<top>291</top>
	<width>345</width>
	<height>345</height>
	<fadetime>FanartCrossFadeTime</fadetime>
	<aspectratio scalediffuse="false">stretch</aspectratio>
	<texture diffuse="thumb_box_diffuse.png" fallback="DefaultAudioCover.png" background="true">$INFO[ListItem.Icon]</texture>
	</control>
	<!-- Estojo -->
	<control type="image">	
	<left>-30</left>
	<top>285</top>
	<width>417</width>
	<height>364</height>
	<texture>thumb_box_cd.png</texture>
	<colordiffuse>DEFFFFFF</colordiffuse>
	</control>
	</control>
	<!-- Logo -->
	<control type="image">	
	<left>1575</left>
	<top>90</top>
	<height>218</height>
	<width>285</width>
	<aspectratio>keep</aspectratio>
	<texture background="true">$INFO[ListItem.Art(clearlogo)]</texture>
	<fadetime>FanartCrossFadeTime</fadetime>
	<visible>!Skin.HasSetting(noartglasslistvideo)</visible>
	</control>
	<!-- ClearArt -->
	<control type="image">	
	<left>1560</left>
	<top>502</top>
	<height>300</height>
	<width>300</width>
	<aspectratio align="center">keep</aspectratio>
	<texture background="true">$INFO[ListItem.Art(clearart)]</texture>
	<fadetime>FanartCrossFadeTime</fadetime>
	<visible>!Skin.HasSetting(noartglasslistvideo)</visible>
	</control>
	<!-- Plot -->
	<control type="textbox">	
	<left>525</left>
	<top>800</top>
	<width>1328</width>
	<height>144</height>
	<font>Font_plot</font>
	<label>$VAR[value_plot]</label>
	<textcolor>FFFFFAF0</textcolor>
	<autoscroll delay="15000" time="5000" repeat="15000">!Skin.HasSetting(noinfoplotscroll)</autoscroll>
	</control>
	</control>
	</include>
</includes>