<streamingInfos>
	<streaminginfo><cname>Toktok</cname><url>toktok_aflam </url></streaminginfo>
	<streaminginfo><cname>Melody</cname><url>melody_music_hd</url></streaminginfo>
	<streaminginfo><cname>Melody Classic</cname><url>melody_classic</url></streaminginfo>
	<streaminginfo><cname>Melody Drama</cname><url>melody_drama_hd</url></streaminginfo>
	<streaminginfo><cname>Melody Hits</cname><url>melody_hits_hd</url></streaminginfo>
	<streaminginfo><cname>Melody Aflam</cname><url>melody_aflam_hd</url></streaminginfo>
	<streaminginfo><cname>Baynouna</cname><url>baynounah_tv</url></streaminginfo>
	<streaminginfo><cname>Karbala</cname><url>karbala_tv</url></streaminginfo>
	<streaminginfo><cname>Afaq</cname><url>afaq_tv</url></streaminginfo>
	<streaminginfo><cname>AlAnbar</cname><url>al_anbar</url></streaminginfo>
	<streaminginfo><cname>Alahad</cname><url>al_ahd</url></streaminginfo>
	<streaminginfo><cname>Bedaya</cname><url>bedaya</url></streaminginfo>
	<streaminginfo><cname>AlMada</cname><url>al_mada</url></streaminginfo>
	<streaminginfo><cname>Royal TV Somalia</cname><url>royal_tv</url></streaminginfo>
	<streaminginfo><cname>Jordan Sport</cname><url>jordan_sport</url></streaminginfo>
	<streaminginfo><cname>Dubai Sport 4</cname><url>dubai_sport_4</url></streaminginfo>
	<streaminginfo><cname>Zaitouna Hidaya</cname><url>zitouna_hidaya</url></streaminginfo>
	<streaminginfo><cname>Al Nahar Sport</cname><url>al_nahar_sport</url></streaminginfo>
	<streaminginfo><cname>Almawsleya</cname><url>al_mawsleya</url></streaminginfo>
	<streaminginfo><cname>Hawacom</cname><url>hawacom</url></streaminginfo>
	<streaminginfo><cname>Cairo Cinema 2</cname><url>cairo_cinema_2</url></streaminginfo>
	<streaminginfo><cname>Panorama Food</cname><url>panorama_food</url></streaminginfo>
	<streaminginfo><cname>Baynouna</cname><url>baynounah_tv</url></streaminginfo>
	<streaminginfo><cname>2M</cname><url>2m</url></streaminginfo>
	<streaminginfo><cname>Alhayat 1</cname><url>alhayat</url></streaminginfo>
	<streaminginfo><cname>Abu Dhabi Drama</cname><url>abu_dhabi_drama</url></streaminginfo>
	<streaminginfo><cname>Abu Dhabi Emirates</cname><url>abu_dhabi_emarat</url></streaminginfo>
	<streaminginfo><cname>Abu Dhabi Sports 1</cname><url>abu_dhabi_sports_1</url></streaminginfo>
	<streaminginfo><cname>Abu Dhabi Sports 2</cname><url>abu_dhabi_sports_2</url></streaminginfo>
	<streaminginfo><cname>Abu Dhabi</cname><url>abu_dhabi</url></streaminginfo>
	<streaminginfo><cname>Aghanina</cname><url>aghanina</url></streaminginfo>
	<streaminginfo><cname>Ajyal</cname><url>ajyal</url></streaminginfo>
	<streaminginfo><cname>Al oula Maroc</cname><title>SRV1</title><url>al_aoula_maroc</url></streaminginfo>
	<streaminginfo><cname>Al Baghdadia</cname><url>al_baghdadia</url></streaminginfo>
	<streaminginfo><cname>KSA News</cname><url>al_ekhbaria</url></streaminginfo>
	<streaminginfo><cname>Al Haneen Music</cname><url>al_haneen_music</url></streaminginfo>
	<streaminginfo><cname>Aliraqiya</cname><url>al_iraqiya</url></streaminginfo>
	<streaminginfo><cname>AlQahera W Elnas</cname><url>al_kahera_wal_nas</url></streaminginfo>
	<streaminginfo><cname>Al Maghribia</cname><url>al_maghribia</url></streaminginfo>
	<streaminginfo><cname>Al Majd</cname><url>al_majd</url></streaminginfo>
	<streaminginfo><cname>Al Manar</cname><url>al_manar</url></streaminginfo>
	<streaminginfo><cname>Al Masriyah</cname><url>al_masriyah</url></streaminginfo>
	<streaminginfo><cname>Mehwar</cname><url>al_mehwar</url></streaminginfo>
	<streaminginfo><cname>Al Moustakilla</cname><url>al_moustakilla</url></streaminginfo>
	<streaminginfo><cname>Al Mutawasit</cname><url>al_mutawasit_tv</url></streaminginfo>
	<streaminginfo><cname>Al Nahar Drama</cname><url>al_nahar_drama</url></streaminginfo>
	<streaminginfo><cname>Quran TV ksa</cname><url>al_quran_al_karim</url></streaminginfo>
	<streaminginfo><cname>Al Rafidain</cname><url>al_rafidain</url></streaminginfo>
	<streaminginfo><cname>Al Rahma</cname><url>al_rahma</url></streaminginfo>
	<streaminginfo><cname>Al-Resalah</cname><url>al_resalah</url></streaminginfo>
	<streaminginfo><cname>Al Sharqiya</cname><url>al_sharqiya</url></streaminginfo>
	<streaminginfo><cname>Al Sumaria</cname><url>al_sumaria</url></streaminginfo>
	<streaminginfo><cname>Egypt 2</cname><url>al_thaniya</url></streaminginfo>
	<streaminginfo><cname>Al Hiwar Ettounsi</cname><url>al_tunisia</url></streaminginfo>
	<streaminginfo><cname>Alaqsa</cname><url>al_aqsa</url></streaminginfo>
	<streaminginfo><cname>Al Forat</cname><url>al_forat</url></streaminginfo>
	<streaminginfo><cname>Al-hurra Iraq</cname><url>al_hurra_iraq</url></streaminginfo>
	<streaminginfo><cname>Al Maaref</cname><url>al_maaref</url></streaminginfo>
	<streaminginfo><cname>Al mayaden</cname><url>al_mayaden</url></streaminginfo>
	<streaminginfo><cname>Al Nahar</cname><url>al_nahar</url></streaminginfo>
	<streaminginfo><cname>Egypt 1</cname><url>al_oula</url></streaminginfo>
	<streaminginfo><cname>Al Rasheed</cname><url>al_rasheed</url></streaminginfo>
	<streaminginfo><cname>alwatan</cname><url>al_watan</url></streaminginfo>
	<streaminginfo><cname>AlGeria</cname><url>algeria</url></streaminginfo>
	<streaminginfo><cname>Al Anwar</cname><url>alanwar</url></streaminginfo>
	<streaminginfo><cname>Alarabiya</cname><url>alarabiya</url></streaminginfo>
	<streaminginfo><cname>AlBabeleyia</cname><url>albabeleyia</url></streaminginfo>
	<streaminginfo><cname>Algeria 3</cname><url>algeria_3</url></streaminginfo>
	<streaminginfo><cname>Alhayat2</cname><url>alhayat_2</url></streaminginfo>
	<streaminginfo><cname>Aljadeed</cname><url>aljadeed</url></streaminginfo>
	<streaminginfo><cname>Aljazeera Children</cname><url>aljazeera_children</url></streaminginfo>
	<streaminginfo><cname>Aljazeera Doc</cname><url>aljazeera_doc</url></streaminginfo>
	<streaminginfo><cname>Aljazeera Mubasher Masr</cname><url>aljazeera_misr</url></streaminginfo>
	<streaminginfo><cname>Aljazeera</cname><url>aljazeera</url></streaminginfo>
	<streaminginfo><cname>alkass</cname><url>alkass_tv</url></streaminginfo>
	<streaminginfo><cname>Alqudis</cname><url>alqudis</url></streaminginfo>
	<streaminginfo><cname>Alriadia Sport</cname><url>alriadia_sport</url></streaminginfo>
	<streaminginfo><cname>Arabica Music</cname><url>arabica_tv</url></streaminginfo>
	<streaminginfo><cname>Arrabia</cname><url>arrabia</url></streaminginfo>
	<streaminginfo><cname>Art Aflam 1</cname><url>art_aflam_1</url></streaminginfo>
	<streaminginfo><cname>Art Aflam 2</cname><url>art_aflam_2</url></streaminginfo>
	<streaminginfo><cname>ART Cinema</cname><url>art_cinema</url></streaminginfo>
	<streaminginfo><cname>ART Hekayat 2</cname><url>art_hekayat_2</url></streaminginfo>
	<streaminginfo><cname>ART Hekayat</cname><url>art_hekayat</url></streaminginfo>
	<streaminginfo><cname>Ashorooq</cname><url>ashrooq_tv_sudan</url></streaminginfo>
	<streaminginfo><cname>Assadissa</cname><url>assadissa</url></streaminginfo>
	<streaminginfo><cname>Attasi3a</cname><url>attassia_tv</url></streaminginfo>
	<streaminginfo><cname>B4U Aflam</cname><url>b4u_aflam</url></streaminginfo>	
	<streaminginfo><cname>BBC Arabic</cname><url>bbc_arabic</url></streaminginfo>
	<streaminginfo><cname>Baghdad</cname><url>baghdad</url></streaminginfo>
	<streaminginfo><cname>Bahrain</cname><url>bahrain</url></streaminginfo>
	<streaminginfo><cname>Baraem</cname><url>baraem</url></streaminginfo>
	<streaminginfo><cname>Bein 1 FR</cname><url>bein_sports_1_hd_fr</url></streaminginfo>
	<streaminginfo><cname>Bein 2 FR</cname><url>bein_sports_2_hd_fr</url></streaminginfo>
	<streaminginfo><cname>Bein Sport 1</cname><url>bein_sport_1</url></streaminginfo>
	<streaminginfo><cname>Bein Sport 2</cname><url>bein_sport_2</url></streaminginfo>
	<streaminginfo><cname>Bein Sport 3</cname><url>bein_sport_3</url></streaminginfo>
	<streaminginfo><cname>Bein Sport 4</cname><url>bein_sport_4</url></streaminginfo>
	<streaminginfo><cname>Bein Sport 5</cname><url>bein_sport_5</url></streaminginfo>
	<streaminginfo><cname>Bein Sport 6</cname><url>bein_sport_6</url></streaminginfo>
	<streaminginfo><cname>Bein Sport 7</cname><url>bein_sport_7</url></streaminginfo>
	<streaminginfo><cname>Bein Sport 8</cname><url>bein_sport_8</url></streaminginfo>
	<streaminginfo><cname>Bein Sport 9</cname><url>bein_sport_9</url></streaminginfo>
	<streaminginfo><cname>Bein Sport 10</cname><url>bein_sport_10</url></streaminginfo>
	<streaminginfo><cname>Bein Sport</cname><url>bein_sports</url></streaminginfo>
	<streaminginfo><cname>Blue Nile</cname><url>blue_nile</url></streaminginfo>
	<streaminginfo><cname>CBC 2</cname><url>cbc_2</url></streaminginfo>
	<streaminginfo><cname>CBC Drama</cname><url>cbc_drama</url></streaminginfo>
	<streaminginfo><cname>CBC Sofra</cname><url>cbc_sofra</url></streaminginfo>
	<streaminginfo><cname>CBC</cname><url>cbc</url></streaminginfo>
	<streaminginfo><cname>Cairo Cinema</cname><url>cairo_cinema</url></streaminginfo>
	<streaminginfo><cname>Cairo Drama</cname><url>cairo_drama</url></streaminginfo>
	<streaminginfo><cname>Canal+ Cinema</cname><url>canal_plus_cinema</url></streaminginfo>
	<streaminginfo><cname>Canal+ Sport</cname><url>canal_plus_sport</url></streaminginfo>
	<streaminginfo><cname>Canal+</cname><url>canal_plus</url></streaminginfo>
	<streaminginfo><cname>Cartoon Network</cname><url>cartoon_network</url></streaminginfo>
	<streaminginfo><cname>Cherie 25</cname><url>cherie_25</url></streaminginfo>
	<streaminginfo><cname>Cima</cname><url>cima</url></streaminginfo>
	<streaminginfo><cname>Coran</cname><url>coran</url></streaminginfo>
	<streaminginfo><cname>Djibouti</cname><url>djibouti</url></streaminginfo>
	<streaminginfo><cname>Dream 1</cname><url>dream_1</url></streaminginfo>
	<streaminginfo><cname>Dream 2</cname><url>dream_2</url></streaminginfo>
	<streaminginfo><cname>Dubai One</cname><url>dubai_one</url></streaminginfo>
	<streaminginfo><cname>Dubai Sport 1</cname><url>dubai_sport_1</url></streaminginfo>
	<streaminginfo><cname>Dubai</cname><url>dubai</url></streaminginfo>
	<streaminginfo><cname>Dzair tv</cname><url>dzair_tv</url></streaminginfo>
	<streaminginfo><cname>El Djazairia</cname><url>el_djazairia</url></streaminginfo>
	<streaminginfo><cname>Echorouk Tv</cname><url>echorouk_tv</url></streaminginfo>
	<streaminginfo><cname>Echorouk News</cname><url>echorouk_news</url></streaminginfo>
	<streaminginfo><cname>Elheddaf</cname><url>el_heddaf_tv</url></streaminginfo>
	<streaminginfo><cname>EnnaharTV algerie</cname><url>ennahar_algerie</url></streaminginfo>
	<streaminginfo><cname>Eritrea TV</cname><url>eriteria_tv</url></streaminginfo>
	<streaminginfo><cname>Fatafeat</cname><url>fatafeat</url></streaminginfo>
	<streaminginfo><cname>FM TV</cname><url>fm_tv</url></streaminginfo>
	<streaminginfo><cname>Fox Movies</cname><url>fox_movies</url></streaminginfo>
	<streaminginfo><cname>FRANCE 2</cname><url>france_2</url></streaminginfo>
	<streaminginfo><cname>FRANCE 3</cname><url>france_3</url></streaminginfo>
	<streaminginfo><cname>FRANCE 4</cname><url>france_4</url></streaminginfo>
	<streaminginfo><cname>FRANCE 5</cname><url>france_5</url></streaminginfo>
	<streaminginfo><cname>FRANCE 0</cname><url>france_o</url></streaminginfo>
	<streaminginfo><cname>France 24</cname><url>france24_arabic</url></streaminginfo>
	<streaminginfo><cname>Funoon</cname><url>funoon</url></streaminginfo>
	<streaminginfo><cname>Future TV</cname><url>future</url></streaminginfo>
	<streaminginfo><cname>GearOne</cname><url>gearone</url></streaminginfo>
	<streaminginfo><cname>Gulli</cname><url>gulli</url></streaminginfo>
	<streaminginfo><cname>Hanibal</cname><url>hanibal</url></streaminginfo>
	<streaminginfo><cname>HCTV</cname><url>horn_cable_tv</url></streaminginfo>
	<streaminginfo><cname>I-TELE</cname><url>i_tele</url></streaminginfo>
	<streaminginfo><cname>Iqra</cname><url>iqra</url></streaminginfo>
	<streaminginfo><cname>Iraqiya Sport</cname><url>iraqia_sport</url></streaminginfo>
	<streaminginfo><cname>Ishtar</cname><url>ishtar</url></streaminginfo>
	<streaminginfo><cname>Jordan</cname><url>jordan</url></streaminginfo>
	<streaminginfo><cname>KBC Algeria</cname><url>kbc_algeria</url></streaminginfo>
	<streaminginfo><cname>KSA 1</cname><url>ksa_1</url></streaminginfo>
	<streaminginfo><cname>KSA 2</cname><url>ksa_2</url></streaminginfo>
	<streaminginfo><cname>Kalsan Tv</cname><url>kalsan_tv</url></streaminginfo>
	<streaminginfo><cname>Karameesh</cname><url>karameesh</url></streaminginfo>
	<streaminginfo><cname>Kuwait</cname><url>kuwait</url></streaminginfo>
	<streaminginfo><cname>LBC</cname><url>lbc</url></streaminginfo>
	<streaminginfo><cname>LDC</cname><url>ldc</url></streaminginfo>
	<streaminginfo><cname>LLBN</cname><url>llbn</url></streaminginfo>
	<streaminginfo><cname>Lbc Europe</cname><url>lbc_europe</url></streaminginfo>
	<streaminginfo><cname>Tele Liban</cname><url>lebanon_tv</url></streaminginfo>
	<streaminginfo><cname>Libya AlWataniya</cname><url>libya_tv</url></streaminginfo>
	<streaminginfo><cname>M6</cname><url>m6</url></streaminginfo>
	<streaminginfo><cname>MBC 1</cname><url>mbc_1</url></streaminginfo>
	<streaminginfo><cname>MBC 2</cname><url>mbc_2</url></streaminginfo>
	<streaminginfo><cname>MBC 3</cname><url>mbc_3</url></streaminginfo>
	<streaminginfo><cname>MBC 4</cname><url>mbc_4</url></streaminginfo>
	<streaminginfo><cname>MBC Action</cname><url>mbc_action</url></streaminginfo>
	<streaminginfo><cname>MBC Bollywood</cname><url>mbc_bollywood</url></streaminginfo>
	<streaminginfo><cname>MBC Drama</cname><url>mbc_drama</url></streaminginfo>
	<streaminginfo><cname>MBC Masr 2</cname><url>mbc_masr_2</url></streaminginfo>
	<streaminginfo><cname>MBC Masr</cname><url>mbc_masr</url></streaminginfo>
	<streaminginfo><cname>MBC Max</cname><url>mbc_max</url></streaminginfo>
	<streaminginfo><cname>MTV</cname><url>mtv</url></streaminginfo>
	<streaminginfo><cname>Mauritanie</cname><url>mauritanie</url></streaminginfo>
	<streaminginfo><cname>Mazzika Zoom</cname><url>mazeka_zoom</url></streaminginfo>
	<streaminginfo><cname>Mazzika</cname><url>mazzika</url></streaminginfo>
	<streaminginfo><cname>Medi 1 Sat</cname><url>medi_1_sat</url></streaminginfo>
	<streaminginfo><cname>Moga Comedy</cname><url>moga_comedy</url></streaminginfo>
	<streaminginfo><cname>Music+</cname><url>music_plus</url></streaminginfo>
	<streaminginfo><cname>NBN</cname><url>nbn</url></streaminginfo>
	<streaminginfo><cname>NRJ 12</cname><url>nrj_12</url></streaminginfo>
	<streaminginfo><cname>National Geo Ad</cname><url>nat_geo_ad</url></streaminginfo>
	<streaminginfo><cname>Neelain Sport</cname><url>neelain_sport</url></streaminginfo>
	<streaminginfo><cname>Nessma</cname><url>nessma</url></streaminginfo>
	<streaminginfo><cname>Nile Cinema</cname><url>nile_cinema</url></streaminginfo>
	<streaminginfo><cname>Nile Comedy</cname><url>nile_comedy</url></streaminginfo>
	<streaminginfo><cname>Nile Drama</cname><url>nile_drama</url></streaminginfo>
	<streaminginfo><cname>Nile News</cname><url>nile_news</url></streaminginfo>
	<streaminginfo><cname>Nile Sport</cname><url>nile_sport</url></streaminginfo>
	<streaminginfo><cname>Nile Tv</cname><url>nile_tv</url></streaminginfo>
	<streaminginfo><cname>Noor Dubai</cname><url>noor_dubai</url></streaminginfo>
	<streaminginfo><cname>Noursat</cname><url>noursat</url></streaminginfo>
	<streaminginfo><cname>OTV Lebanon</cname><url>otv_lebanon</url></streaminginfo>
	<streaminginfo><cname>Om Durman</cname><url>om_durman</url></streaminginfo>
	<streaminginfo><cname>On TV</cname><url>on_tv</url></streaminginfo>
	<streaminginfo><cname>Palestine Live</cname><url>palestine</url></streaminginfo>
	<streaminginfo><cname>Panorama Comedy</cname><url>panorama_comedy</url></streaminginfo>
	<streaminginfo><cname>Panorama Drama 2</cname><url>panorama_drama_2</url></streaminginfo>
	<streaminginfo><cname>Panorama Drama</cname><url>panorama_drama</url></streaminginfo>
	<streaminginfo><cname>Qatar</cname><url>qatar</url></streaminginfo>
	<streaminginfo><cname>RMC Decouverte</cname><url>rmc_decouverte</url></streaminginfo>
	<streaminginfo><cname>Rotana Aflam</cname><url>rotana_aflam</url></streaminginfo>
	<streaminginfo><cname>Rotana Classic</cname><url>rotana_classic</url></streaminginfo>
	<streaminginfo><cname>Rotana Clip</cname><url>rotana_clip</url></streaminginfo>
	<streaminginfo><cname>Rotana Khaligi</cname><url>rotana_khaligi</url></streaminginfo>
	<streaminginfo><cname>Rotana Masriya</cname><url>rotana_masriya</url></streaminginfo>
	<streaminginfo><cname>Rotana Music</cname><url>rotana_music</url></streaminginfo>
	<streaminginfo><cname>Rotana cinema</cname><url>rotana_cinema</url></streaminginfo>
	<streaminginfo><cname>Roya</cname><url>roya</url></streaminginfo>
	<streaminginfo><cname>Russia Alyaum</cname><url>russia_alyaum</url></streaminginfo>
	<streaminginfo><cname>SNTV</cname><url>sntv</url></streaminginfo>
	<streaminginfo><cname>Sada Al Balad</cname><url>sada_al_balad</url></streaminginfo>
	<streaminginfo><cname>Sama Dubai</cname><url>sama_dubai</url></streaminginfo>
	<streaminginfo><cname>Sama Syria</cname><url>sama_tv</url></streaminginfo>
	<streaminginfo><cname>Samira Tv</cname><url>samira_tv</url></streaminginfo>
	<streaminginfo><cname>Al Sharqiya News</cname><url>sharqia_news</url></streaminginfo>
	<streaminginfo><cname>Sky Bundesliga</cname><url>sky_bundesliga_1</url></streaminginfo>
	<streaminginfo><cname>Sky Select</cname><url>sky_select</url></streaminginfo>
	<streaminginfo><cname>Sky Sports 1</cname><url>sky_sports_1</url></streaminginfo>
	<streaminginfo><cname>Sky Sports 2</cname><url>sky_sports_2</url></streaminginfo>
	<streaminginfo><cname>Somali Channel</cname><url>somali_land</url></streaminginfo>
	<streaminginfo><cname>Spacetoon</cname><url>spacetoon</url></streaminginfo>
	<streaminginfo><cname>Star 2 Cinema</cname><url>star_cinema_2</url></streaminginfo>
	<streaminginfo><cname>Star 1 Cinema</cname><url>star_cinema</url></streaminginfo>
	<streaminginfo><cname>Sudan TV</cname><url>sudan_tv</url></streaminginfo>
	<streaminginfo><cname>Syria Drama</cname><url>syria_drama</url></streaminginfo>
	<streaminginfo><cname>Syria</cname><url>syria</url></streaminginfo>
	<streaminginfo><cname>TF1</cname><title>TF1 SD</title><url>tf1_sd</url></streaminginfo>
	<streaminginfo><cname>TF1</cname><url>tf1</url></streaminginfo>
	<streaminginfo><cname>Taha</cname><url>taha_tv</url></streaminginfo>
	<streaminginfo><cname>Tamazigh Maroc</cname><url>tamazigh_algeria</url></streaminginfo>
	<streaminginfo><cname>Tchad</cname><url>tchad</url></streaminginfo>
	<streaminginfo><cname>Time Film</cname><url>time_film</url></streaminginfo>
	<streaminginfo><cname>Time comedy</cname><url>time_comedy</url></streaminginfo>
	<streaminginfo><cname>Top Movies</cname><url>top_movies</url></streaminginfo>
	<streaminginfo><cname>Tounesna</cname><url>tounesna</url></streaminginfo>
	<streaminginfo><cname>Toyor Al Janah</cname><url>toyor_al_janah</url></streaminginfo>
	<streaminginfo><cname>First TV</cname><url>tunisia_first_tv</url></streaminginfo>
	<streaminginfo><cname>Tunisia national 1</cname><url>tunisia_national_1</url></streaminginfo>
	<streaminginfo><cname>Tunisia national 2</cname><url>tunisia_national_2</url></streaminginfo>
	<streaminginfo><cname>Universal Somali</cname><url>universal_somali_tv</url></streaminginfo>
	<streaminginfo><cname>W9</cname><url>w9</url></streaminginfo>
	<streaminginfo><cname>Wanasah</cname><url>wanasah</url></streaminginfo>
	<streaminginfo><cname>Zahra Ennahar</cname><url>zahra_ennahar</url></streaminginfo>
	<streaminginfo><cname>Zaitouna</cname><url>zaytoona</url></streaminginfo>
	<streaminginfo><cname>Zee Aflam</cname><url>zee_aflam</url></streaminginfo>
	<streaminginfo><cname>Zee Alwan</cname><url>zee_alwan</url></streaminginfo>
	<streaminginfo><cname>Alarabiya Ahdas</cname><url>al_arabia_hadath</url></streaminginfo>
	<streaminginfo><cname>Telvza TV</cname><url>telvza_tv</url></streaminginfo>
	<streaminginfo><cname>ESTV</cname><url>estv</url></streaminginfo>
	<streaminginfo><cname>Noon Kids</cname><url>noon_tv</url></streaminginfo>
	<streaminginfo><cname>RTS 1</cname><url>rts_senegal</url></streaminginfo>
	<streaminginfo><cname>TFM</cname><url>tfm_senegal</url></streaminginfo>
	<streaminginfo><cname>4Shbab</cname><url>4shabab</url></streaminginfo>
	<streaminginfo><cname>Alghadeer</cname><url>al_ghadeer</url></streaminginfo>
	<streaminginfo><cname>Al Masar</cname><url>al_masar_iraq</url></streaminginfo>
	<streaminginfo><cname>Alinsen</cname><url>al_insen</url></streaminginfo>
	<streaminginfo><cname>M3Ali Tv</cname><url>al_maaly</url></streaminginfo>
	<streaminginfo><cname>AlMasrawia</cname><url>al_masrawiya_aflam</url></streaminginfo>
	<streaminginfo><cname>Albait Baitak Cinema</cname><url>albait_baitak</url></streaminginfo>
	<streaminginfo><cname>Alhayat Series</cname><url>alhayat_musalsalat</url></streaminginfo>
	<streaminginfo><cname>Darbaka Aflam</cname><url>darbaka_aflam</url></streaminginfo>
	<streaminginfo><cname>Ettounsia</cname><url>ettounsia</url></streaminginfo>
	<streaminginfo><cname>Fox</cname><url>fox</url></streaminginfo>
	<streaminginfo><cname>Libya Alrasmiya</cname><url>libya_alrasmiya</url></streaminginfo>
	<streaminginfo><cname>M Tunisia</cname><url>m_tunisia</url></streaminginfo>
	<streaminginfo><cname>Sada AlBalad Drama</cname><url>sada_albalad_drama</url></streaminginfo>
	<streaminginfo><cname>TNN</cname><url>tnn</url></streaminginfo>
	<streaminginfo><cname>Ten</cname><url>ten</url></streaminginfo>
	<streaminginfo><cname>Toktok</cname><url>toktok_cinema</url></streaminginfo>
	<streaminginfo><cname>Echorouk Benna</cname><url>echorouk_benna_tv</url></streaminginfo>
	<streaminginfo><cname>Iraq Watania</cname><url>iraq_watania</url></streaminginfo>
	<streaminginfo><cname>Kurdmax</cname><url>kurdmax</url></streaminginfo>
	<streaminginfo><cname>Cima metro</cname><url>cima_metro</url></streaminginfo>
	<streaminginfo><cname>Mystro</cname><url>mystro_tv</url></streaminginfo>
	<streaminginfo><cname>Sada Al Balad</cname><url>sada_al_balad</url></streaminginfo>
	<streaminginfo><cname>Al Magharibia</cname><url>cal_magharibia</url></streaminginfo>
	<streaminginfo><cname>Al Nahar Alyoum</cname><url>alnahar_alyawm</url></streaminginfo>
	<streaminginfo><cname>Cinema Pro</cname><url>cinema_pro</url></streaminginfo>
	<streaminginfo><cname>Dubai Quran</cname><url>dubai_quran</url></streaminginfo>
	<streaminginfo><cname>Sama Cinema</cname><url>sama_cinema</url></streaminginfo>
	<streaminginfo><cname>SHAABIYAT</cname><url>sha3biyat</url></streaminginfo>
	<streaminginfo><cname>Aldiyar</cname><url>al_diyar</url></streaminginfo>
	<streaminginfo><cname>Al Kawthar</cname><url>alkawthar</url></streaminginfo>
	<streaminginfo><cname>CCTV Arabic</cname><url>cctv</url></streaminginfo>
    <streaminginfo><cname>Al Baghdadia 2</cname><url>al_baghdadia_2</url></streaminginfo>
    <streaminginfo><cname>Houna Baghdad</cname><url>hona_baghdad</url></streaminginfo>
    <streaminginfo><cname>Star Academy</cname><url>star_academy</url></streaminginfo>
   <streaminginfo><cname>Al Ikhbaria Syria</cname><url>al_ekhbariya_al_soriya</url></streaminginfo>
</streamingInfos>
