<streamingInfos>
    <streaminginfo>
        <cname>2M</cname>
        <item>
            <link>rtm</link>
        </item>
    </streaminginfo>
    <streaminginfo>
        <cname>Al oula Maroc</cname>
        <item>
            <link>rtm</link>
        </item>
    </streaminginfo>
    <streaminginfo>
        <cname>Medi 1 Sat</cname>
        <item>
            <link>rtm</link>
        </item>
    </streaminginfo>
    <streaminginfo>
        <cname>Al Maghribia</cname>
        <item>
            <link>maghribiya</link>
        </item>
    </streaminginfo>
    <streaminginfo>
        <cname>Arrabia</cname>
        <item>
            <link>maroc4</link>
        </item>
    </streaminginfo>
    <streaminginfo>
        <cname>Alriadia Sport</cname>
        <item>
            <link>erriadia</link>
        </item>
    </streaminginfo>
    <streaminginfo>
        <cname>Art Aflam 1</cname>
        <item>
            <link>art_aflam1</link>
        </item>
    </streaminginfo>
    <streaminginfo>
        <cname>Art Aflam 2</cname>
        <item>
            <link>art_aflam2</link>
        </item>
    </streaminginfo>
    <streaminginfo>
        <cname>ART Cinema</cname>
        <item>
            <link>art_cinema</link>
        </item>
    </streaminginfo>
    <streaminginfo>
        <cname>ART Hekayat</cname>
        <item>
            <link>hekayat_1</link>
        </item>
    </streaminginfo>
    <streaminginfo>
        <cname>ART hekayat 2</cname>
        <item>
            <link>hekayat_2</link>
        </item>
    </streaminginfo>
    <streaminginfo>
        <cname>Tounesna</cname>
        <item>
            <link>tounesna</link>
        </item>
    </streaminginfo>
    <streaminginfo>
        <cname>Alriadia Sport</cname>
        <item>
            <link>alriyadiya</link>
        </item>
    </streaminginfo>
    <streaminginfo>
        <cname>Cairo Drama</cname>
        <item>
            <link>cairo_drama</link>
        </item>
    </streaminginfo>
    <streaminginfo>
        <cname>National Geo Ad</cname>
        <item>
            <link>national</link>
        </item>
    </streaminginfo>
    <streaminginfo>
        <cname>National Geo FR</cname>
        <item>
            <link>national_fr</link>
        </item>
    </streaminginfo>
    <streaminginfo>
        <cname>MBC 1</cname>
        <item>
            <link>mbc</link>
        </item>
    </streaminginfo>
    <streaminginfo>
        <cname>MBC 2</cname>
        <item>
            <link>mbc2</link>
        </item>
    </streaminginfo>
    <streaminginfo>
        <cname>MBC 3</cname>
        <item>
            <link>mbc3</link>
        </item>
    </streaminginfo>
    <streaminginfo>
        <cname>MBC 4</cname>
        <item>
            <link>mbc4</link>
        </item>
    </streaminginfo>
    <streaminginfo>
        <cname>MBC Bollywood</cname>
        <item>
            <link>mbc_bollywood</link>
        </item>
    </streaminginfo>
    <streaminginfo>
        <cname>MBC Action</cname>
        <item>
            <link>mbc_action</link>
        </item>
    </streaminginfo>
    <streaminginfo>
        <cname>MBC Drama</cname>
        <item>
            <link>mbc_drama</link>
        </item>
    </streaminginfo>
    <streaminginfo>
        <cname>MBC Masr 2</cname>
        <item>
            <link>mbc_masr2</link>
        </item>
    </streaminginfo>
    <streaminginfo>
        <cname>MBC Masr 1</cname>
        <item>
            <link>mbc_masr1</link>
        </item>
    </streaminginfo>
    <streaminginfo>
        <cname>6Ter</cname>
        <item>
            <link>6ter</link>
        </item>
    </streaminginfo>
    <streaminginfo>
        <cname>Telvza TV</cname>
        <item>
            <link>telvza</link>
        </item>
    </streaminginfo>
    <streaminginfo>
        <cname>FRANCE 2</cname>
        <item>
            <link>france_2</link>
        </item>
    </streaminginfo>
    <streaminginfo>
        <cname>FRANCE 3</cname>
        <item>
            <link>france_3</link>
        </item>
    </streaminginfo>
    <streaminginfo>
        <cname>FRANCE 4</cname>
        <item>
            <link>france_4</link>
        </item>
    </streaminginfo>
    <streaminginfo>
        <cname>FRANCE 5</cname>
        <item>
            <link>france_5</link>
        </item>
    </streaminginfo>
    <streaminginfo>
        <cname>M6</cname>
        <item>
            <link>m6</link>
        </item>
    </streaminginfo>
    <streaminginfo>
        <cname>TF1</cname>
        <item>
            <link>tf1</link>
        </item>
    </streaminginfo>
    <streaminginfo>
        <cname>BFMTV</cname>
        <item>
            <link>bfmtv</link>
        </item>
    </streaminginfo>
    <streaminginfo>
        <cname>M6 Music</cname>
        <item>
            <link>m6_music</link>
        </item>
    </streaminginfo>
    <streaminginfo>
        <cname>MTV Hits</cname>
        <item>
            <link>mtv_hits</link>
        </item>
    </streaminginfo>
    <streaminginfo>
        <cname>MTV Dance</cname>
        <item>
            <link>mtv_dance</link>
        </item>
    </streaminginfo>
    <streaminginfo>
        <cname>MTV Rocks</cname>
        <item>
            <link>mtv_rock</link>
        </item>
    </streaminginfo>
    <streaminginfo>
        <cname>Aljazeera</cname>
        <item>
            <link>jazeera</link>
        </item>
    </streaminginfo>
    <streaminginfo>
        <cname>Abu Dhabi Drama</cname>
        <item>
            <link>abu_drama</link>
        </item>
    </streaminginfo>
    <streaminginfo>
        <cname>Cima</cname>
        <item>
            <link>cima</link>
        </item>
    </streaminginfo>
    <streaminginfo>
        <cname>Rotana Cinema</cname>
        <item>
            <link>rotana_cinema</link>
        </item>
    </streaminginfo>
    <streaminginfo>
        <cname>Bein 1 FR</cname>
        <item>
            <link>random</link>
        </item>
    </streaminginfo>
    <streaminginfo>
        <cname>OSN Movies Action HD</cname>
        <item>
            <link>omn_movies_action</link>
        </item>
    </streaminginfo>
    <streaminginfo>
        <cname>OSN Movies Premiere HD</cname>
        <item>
            <title>yooanime_OSN</title>
            <link>omn_movies_premiere</link>
        </item>
    </streaminginfo>
    <streaminginfo>
        <cname>OSN First HD</cname>
        <item>
            <title>yooanime_OSN</title>
            <link>omn_first_+2</link>
        </item>
    </streaminginfo>
    <streaminginfo>
        <cname>OSN Movies Kids</cname>
        <item>
            <title>yooanime_OSN</title>
            <link>omn_movies_kids</link>
        </item>
    </streaminginfo>
    <streaminginfo>
        <cname>OSN Ya Hala Shabab HD</cname>
        <item>
            <title>yooanime_OSN</title>
            <link>omn_ya_hala_chabab</link>
        </item>
    </streaminginfo>
    <streaminginfo>
        <cname>Orbit Series +4</cname>
        <item>
            <title>yooanime_OSN</title>
            <link>omn_series_4</link>
        </item>
    </streaminginfo>
    <streaminginfo>
        <cname>OSN Star Movies</cname>
        <item>
            <link>moviehd</link>
        </item>
    </streaminginfo>
    <streaminginfo>
        <cname>OSN Star Movies</cname>
        <item>
            <title>yooanime star_world_hd</title>
            <link>star_world_hd</link>
        </item>
    </streaminginfo>
    <streaminginfo>
        <cname>OSN MGM</cname>
        <item>
            <title>yooanime star_world_hd</title>
            <link>mgm</link>
        </item>
    </streaminginfo>
    <streaminginfo>
        <cname>OSN Yahala Drama</cname>
        <item>
            <title>yooanime star_world_hd</title>
            <link>yahala</link>
        </item>
    </streaminginfo>
    <streaminginfo>
        <cname>OSN Ya Hala Shabab HD</cname>
        <item>
            <link>yahala_shabab</link>
        </item>
    </streaminginfo>
    <streaminginfo>
        <cname>B4U Plus</cname>
        <item>
            <link>b4u_plus</link>
        </item>
    </streaminginfo>
    <streaminginfo>
        <cname>B4U Aflam</cname>
        <item>
            <link>b4u_aflam</link>
        </item>
    </streaminginfo>
    <streaminginfo>
        <cname>Zee Alwan</cname>
        <item>
            <link>zee_alwan</link>
        </item>
    </streaminginfo>
    <streaminginfo>
        <cname>Zee aflam</cname>
        <item>
            <link>zee_aflam</link>
        </item>
    </streaminginfo>
    <streaminginfo>
        <cname>Zee Living</cname>
        <item>
            <link>zee_living</link>
        </item>
    </streaminginfo>
    <streaminginfo>
        <cname>Hawacom</cname>
        <item>
            <link>hawakom</link>
        </item>
    </streaminginfo>
    <streaminginfo>
        <cname>Atfal wa Mawaheb</cname>
        <item>
            <link>atfal_mawaheb</link>
        </item>
    </streaminginfo>
    <streaminginfo>
        <cname>CBC Sofra</cname>
        <item>
            <link>cbc_sofra</link>
        </item>
    </streaminginfo>
    <streaminginfo>
        <cname>CBC Drama</cname>
        <item>
            <link>cbc_drama</link>
        </item>
    </streaminginfo>
    <streaminginfo>
        <cname>Time Cinema</cname>
        <item>
            <link>time_cinema</link>
        </item>
    </streaminginfo>
    <streaminginfo>
        <cname>Cima Alibaba</cname>
        <item>
            <link>cima_ali_baba</link>
        </item>
    </streaminginfo>
    <streaminginfo>
        <cname>Beirut Cinema</cname>
        <item>
            <link>beirut_cinema</link>
        </item>
    </streaminginfo>
    <streaminginfo>
        <cname>LBC</cname>
        <item>
            <link>lbc_1</link>
        </item>
    </streaminginfo>
    <streaminginfo>
        <cname>Dzair Tv</cname>
        <item>
            <link>dzair</link>
        </item>
    </streaminginfo>
    <streaminginfo>
        <cname>Samira Tv</cname>
        <item>
            <link>samira</link>
        </item>
    </streaminginfo>
    <streaminginfo>
        <cname>Toyor Al Janah</cname>
        <item>
            <link>toyor_janah</link>
        </item>
    </streaminginfo>
    <streaminginfo>
        <cname>El Djazairia</cname>
        <item>
            <link>jazayriya</link>
        </item>
    </streaminginfo>
    <streaminginfo>
        <cname>Canary Kids</cname>
        <item>
            <link>canary</link>
        </item>
    </streaminginfo>
    <streaminginfo>
        <cname>Ajyal</cname>
        <item>
            <link>ajyal</link>
        </item>
    </streaminginfo>
    <streaminginfo>
        <cname>Baraem</cname>
        <item>
            <link>baraem</link>
        </item>
    </streaminginfo>
    <streaminginfo>
        <cname>Taha</cname>
        <item>
            <link>taha</link>
        </item>
    </streaminginfo>
    <streaminginfo>
        <cname>HodHod</cname>
        <item>
            <link>hodhod</link>
        </item>
    </streaminginfo>
    <streaminginfo>
        <cname>Star 2 Cinema</cname>
        <item>
            <link>star_cinema_2</link>
        </item>
    </streaminginfo>
    <streaminginfo>
        <cname>Cima</cname>
        <item>
            <link>cima</link>
        </item>
    </streaminginfo>
    <streaminginfo>
        <cname>Darbaka Aflam</cname>
        <item>
            <link>darbaka_aflam</link>
        </item>
    </streaminginfo>
    <streaminginfo>
        <cname>Chabab</cname>
        <item>
            <link>shabab</link>
        </item>
    </streaminginfo>
    <streaminginfo>
        <cname>Al Nahar</cname>
        <item>
            <link>al-nahar</link>
        </item>
    </streaminginfo>
    <streaminginfo>
        <cname>Alfaraeena</cname>
        <item>
            <link>faraeen</link>
        </item>
    </streaminginfo>
    <streaminginfo>
        <cname>Algeria 3</cname>
        <item>
            <link>a3</link>
        </item>
    </streaminginfo>
    <streaminginfo>
        <cname>AlGeria</cname>
        <item>
            <link>algerie</link>
        </item>
    </streaminginfo>
    <streaminginfo>
        <cname>Al Baghdadia</cname>
        <item>
            <link>baghdadiya</link>
        </item>
    </streaminginfo>
    <streaminginfo>
        <cname>Al Baghdadia 2</cname>
        <item>
            <link>baghdadiya2</link>
        </item>
    </streaminginfo>
    <streaminginfo>
        <cname>Nessma</cname>
        <item>
            <link>nessma</link>
        </item>
    </streaminginfo>
    <streaminginfo>
        <cname>Tunisia national 1</cname>
        <item>
            <link>tunisia_1</link>
        </item>
    </streaminginfo>
    <streaminginfo>
        <cname>Tunisia national 2</cname>
        <item>
            <link>tunisia_2</link>
        </item>
    </streaminginfo>
    <streaminginfo>
        <cname>Baghdad</cname>
        <item>
            <link>baghdad</link>
        </item>
    </streaminginfo>
    <streaminginfo>
        <cname>Bein 1 FR</cname>
        <item>
            <link>b1_fr</link>
        </item>
    </streaminginfo>
    <streaminginfo>
        <cname>Bein 2 FR</cname>
        <item>
            <link>b2_fr</link>
        </item>
    </streaminginfo>
    <streaminginfo>
        <cname>Karameesh</cname>
        <item>
            <link>karamesh</link>
        </item>
    </streaminginfo>
    <streaminginfo>
        <cname>Al Hiwar</cname>
        <item>
            <link>al-hiwar</link>
        </item>
    </streaminginfo>
    <streaminginfo>
        <cname>Afrah</cname>
        <item>
            <link>afrah</link>
        </item>
    </streaminginfo>
    <streaminginfo>
        <cname>On TV</cname>
        <item>
            <link>ontv</link>
        </item>
    </streaminginfo>
    <streaminginfo>
        <cname>Aljazeera EN</cname>
        <item>
            <link>jsc_en</link>
        </item>
    </streaminginfo>
    <streaminginfo>
        <cname>Aljazeera Mubasher Masr</cname>
        <item>
            <link>jsc_egy</link>
        </item>
    </streaminginfo>
    <streaminginfo>
        <cname>Aljazeera Children</cname>
        <item>
            <link>jsc_kids</link>
        </item>
    </streaminginfo>
    <streaminginfo>
        <cname>Al Eqtisadiyah</cname>
        <item>
            <link>eqtisadia</link>
        </item>
    </streaminginfo>
    <streaminginfo>
        <cname>Alarabiya</cname>
        <item>
            <link>alarabiya</link>
        </item>
    </streaminginfo>
    <streaminginfo>
        <cname>Alarabiya Ahdas</cname>
        <item>
            <link>hadath</link>
        </item>
    </streaminginfo>
    <streaminginfo>
        <cname>Albait Baitak Cinema</cname>
        <item>
            <link>beit_beitak</link>
        </item>
    </streaminginfo>
    <streaminginfo>
        <cname>Panorama Comedy</cname>
        <item>
            <link>panorama_comedy</link>
        </item>
    </streaminginfo>
    <streaminginfo>
        <cname>Assalamu Alayk</cname>
        <item>
            <link>salam_alik</link>
        </item>
    </streaminginfo>
    <streaminginfo>
        <cname>Tamazigh Algeria</cname>
        <item>
            <link>algerie4</link>
        </item>
    </streaminginfo>
    <streaminginfo>
        <cname>CNBC Arabic</cname>
        <item>
            <link>cnbc_ar</link>
        </item>
    </streaminginfo>
    <streaminginfo>
        <cname>Alhayat Series</cname>
        <item>
            <link>hayat_serie</link>
        </item>
    </streaminginfo>
    <streaminginfo>
        <cname>Tayba</cname>
        <item>
            <link>taiba</link>
        </item>
    </streaminginfo>
    <streaminginfo>
        <cname>Koky Kids</cname>
        <item>
            <link>koky_kids</link>
        </item>
    </streaminginfo>
    <streaminginfo>
        <cname>Panorama Film</cname>
        <item>
            <link>panorama_film</link>
        </item>
    </streaminginfo>
    <streaminginfo>
        <cname>Dream 1</cname>
        <item>
            <link>dream_1</link>
        </item>
    </streaminginfo>
    <streaminginfo>
        <cname>Ashorooq</cname>
        <item>
            <link>shorooq</link>
        </item>
    </streaminginfo>
    <streaminginfo>
        <cname>Aljadeed</cname>
        <item>
            <link>jadid</link>
        </item>
    </streaminginfo>
    <streaminginfo>
        <cname>First TV</cname>
        <item>
            <link>first</link>
        </item>
    </streaminginfo>
    <streaminginfo>
        <cname>Tele Liban</cname>
        <item>
            <link>tele-liban</link>
        </item>
    </streaminginfo>
    <streaminginfo>
        <cname>Egypt 2</cname>
        <item>
            <link>esc_2</link>
        </item>
    </streaminginfo>
    <streaminginfo>
        <cname>Quran TV ksa</cname>
        <item>
            <link>qoran</link>
        </item>
    </streaminginfo>
    <streaminginfo>
        <cname>Dubai Sport 1</cname>
        <item>
            <link>dubai_sport1</link>
        </item>
    </streaminginfo>
    <streaminginfo>
        <cname>Dubai One</cname>
        <item>
            <link>dubai_one</link>
        </item>
    </streaminginfo>
    <streaminginfo>
        <cname>Maghreb24</cname>
        <item>
            <link>m24</link>
        </item>
    </streaminginfo>
    <streaminginfo>
        <cname>AlQahera W Elnas</cname>
        <item>
            <link>qahera_wnass</link>
        </item>
    </streaminginfo>
    <streaminginfo>
        <cname>Alghad Alarabi</cname>
        <item>
            <link>alghad</link>
        </item>
    </streaminginfo>
    <streaminginfo>
        <cname>Alqithara</cname>
        <item>
            <link>guitara</link>
        </item>
    </streaminginfo>
    <streaminginfo>
        <cname>Time Comedy</cname>
        <item>
            <link>time_comedy</link>
        </item>
    </streaminginfo>
    <streaminginfo>
        <cname>i24News</cname>
        <item>
            <link>inews</link>
        </item>
    </streaminginfo>
    <streaminginfo>
        <cname>Melody Aflam</cname>
        <item>
            <link>melody_aflam</link>
        </item>
    </streaminginfo>
    <streaminginfo>
        <cname>Alfajr Int</cname>
        <item>
            <link>fajr</link>
        </item>
    </streaminginfo>
    <streaminginfo>
        <cname>Sky Movies</cname>
        <item>
            <link>rtm</link>
        </item>
    </streaminginfo>
    <streaminginfo>
        <cname>Scope</cname>
        <item>
            <link>scoop</link>
        </item>
    </streaminginfo>
    <streaminginfo>
        <cname>Aldar</cname>
        <item>
            <link>addar</link>
        </item>
    </streaminginfo>
    <streaminginfo>
        <cname>Alahad</cname>
        <item>
            <link>alahad</link>
        </item>
    </streaminginfo>
    <streaminginfo>
        <cname>Al Forat</cname>
        <item>
            <link>forat</link>
        </item>
    </streaminginfo>
    <streaminginfo>
        <cname>SSTV</cname>
        <item>
            <link>sstv</link>
        </item>
    </streaminginfo>
    <streaminginfo>
        <cname>Al-Hurria</cname>
        <item>
            <link>hurra</link>
        </item>
    </streaminginfo>
    <streaminginfo>
        <cname>Majan</cname>
        <item>
            <link>majan</link>
        </item>
    </streaminginfo>
    <streaminginfo>
        <cname>ALFALASTINIAH</cname>
        <item>
            <link>falastinia</link>
        </item>
    </streaminginfo>
    <streaminginfo>
        <cname>Al-hurra Iraq</cname>
        <item>
            <link>hurra_iraq</link>
        </item>
    </streaminginfo>
    <streaminginfo>
        <cname>HCTV</cname>
        <item>
            <link>hctv</link>
        </item>
    </streaminginfo>
    <streaminginfo>
        <cname>KTV ARABE</cname>
        <item>
            <link>arabic_doc</link>
        </item>
    </streaminginfo>
</streamingInfos>