<?xml version="1.0" encoding="UTF-8"?>
<addon id="plugin.video.3sktv"
       name="3sktv"
       version="1.0.2"
       provider-name="mfaraj,opesboy">
   <requires>
    <import addon="xbmc.python" version="2.1.0"/>
	<import addon="script.module.addon.common" />
	<import addon="script.module.urlresolver" />
	
	
  </requires>
  <extension point="xbmc.python.pluginsource"
            library="default.py">
        <provides>video</provides>
  </extension>
  <extension point="xbmc.addon.metadata">
    <summary>http://3sk.tv/pdep55.html</summary>
    <description>Series from 3sktv</description>
    <platform>all</platform>
  </extension>
</addon>
