<addon id="repository.MG.Arabic" name="MG Arabic" version="0.0.2" provider-name="MG">
                <requires>
                <import addon="xbmc.addon" version="12.0.0"/>
                </requires>
                <extension point="xbmc.addon.repository" name="MG Arabic">
                <info compressed="false">
                http://arabickodi.comli.com/Plugins/addons.xml
                </info>
                <checksum>
                http://arabickodi.comli.com/Plugins/addons.xml.md5
                </checksum>
                <datadir zip="true">http://arabickodi.comli.com/Plugins/</datadir>
                <hashes>true</hashes>
                </extension>
                <extension point="xbmc.addon.metadata">               
                <platform>all</platform>
                <website>http://mg.esy.es/Kodi/</website>
				<description>MG Arabic v0.0.2</description>
                </extension>
                </addon>