<?xml version="1.0" encoding="UTF-8"?>
<fonts>
	<fontset id="Default" idloc="15109">
		<!-- Normal Fonts -->
		<font>
			<name>font10</name>
			<filename>Lato-Regular.ttf</filename>
			<size>24</size>
		</font>
		<font>
			<name>font12</name>
			<filename>Lato-Regular.ttf</filename>
			<size>25</size>
		</font>
		<font>
			<name>font13</name>
			<filename>Lato-Regular.ttf</filename>
			<size>30</size>
		</font>
		<font>
			<name>font14</name>
			<filename>Lato-Regular.ttf</filename>
			<size>33</size>
		</font>
		<font>
			<name>font16</name>
			<filename>Lato-Regular.ttf</filename>
			<size>37</size>
		</font>
		<font>
			<name>font30</name>
			<filename>Lato-Regular.ttf</filename>
			<size>45</size>
		</font>
		<font>
			<name>fontContextMenu</name>
			<filename>Lato-Regular.ttf</filename>
			<size>27</size>
		</font>
		<font>
			<name>font_textbox</name>
			<filename>Lato-Regular.ttf</filename>
			<size>26</size>
			<linespacing>1.2</linespacing>
		</font>
		<!-- Title Fonts -->
		<font>
			<name>font10_title</name>
			<filename>Lato-Bold.ttf</filename>
			<size>20</size>
		</font>
		<font>
			<name>font12_title</name>
			<filename>Lato-Bold.ttf</filename>
			<size>25</size>
		</font>
		<font>
			<name>font13_title</name>
			<filename>Lato-Bold.ttf</filename>
			<size>30</size>
		</font>
		<font>
			<name>font20_title</name>
			<filename>Lato-Bold.ttf</filename>
			<size>32</size>
		</font>
		<font>
			<name>font24_title</name>
			<filename>Lato-Bold.ttf</filename>
			<size>36</size>
		</font>
		<font>
			<name>font28_title</name>
			<filename>Lato-Bold.ttf</filename>
			<size>42</size>
		</font>
		<font>
			<name>font30_title</name>
			<filename>Lato-Bold.ttf</filename>
			<size>45</size>
		</font>
		<font>
			<name>font35_title</name>
			<filename>Lato-Bold.ttf</filename>
			<size>52</size>
		</font>
		<font>
			<name>font_MainMenu</name>
			<filename>Lato-Bold.ttf</filename>
			<size>60</size>
		</font>
		<font>
			<name>WeatherTemp</name>
			<filename>Lato-Bold.ttf</filename>
			<size>120</size>
		</font>
		<font>
			<name>Mono28</name>
			<filename>AnonymousPro.ttf</filename>
			<size>28</size>
		</font>
		<font>
            <name>Font-Flag</name>
        	<filename>RobotoCondensed-Bold.ttf</filename>
            <size>40</size>
        </font>
        <font>
            <name>Font-Flag2</name>
          	<filename>RobotoCondensed-Bold.ttf</filename>
            <size>44</size>
        </font>
        <font>
            <name>Font-Rating</name>
            <filename>RobotoCondensed-Bold.ttf</filename>
            <size>24</size>
        </font>
        <font>
            <name>Font-Rating2</name>
            <filename>RobotoCondensed-Bold.ttf</filename>
            <size>34</size>
        </font>
        <font>
            <name>Font-Volume</name>
            <filename>RobotoCondensed-Bold.ttf</filename>
            <size>22</size>
        </font>
        <font>
            <name>Font-MusicOSD</name>
            <filename>RobotoCondensed-Regular.ttf</filename>
            <size>21</size>
        </font>
        <font>
			<name>Font-Disc</name>
			<filename>PermanentMarker.ttf</filename>
			<size>36</size>
			<linespacing>.8</linespacing>
		</font>
		<!-- Lyrics Fonts -->
		<font>
			<name>lyrics1</name>
			<filename>lyrspin03.ttf</filename>
			<style>lowercase</style>
			<linespacing>0.9</linespacing>
			<size>120</size>
		</font>
		<font>
			<name>lyrics1b</name>
			<filename>lyrspin04.ttf</filename>
			<linespacing>0.8</linespacing>
			<size>75</size>
		</font>
		<font>
			<name>lyrics2</name>
			<filename>lyrspin09.ttf</filename>
			<linespacing>0.9</linespacing>
			<size>120</size>
		</font>
		<font>
			<name>lyrics2b</name>
			<filename>lyrspin01.ttf</filename>
			<linespacing>0.85</linespacing>
			<size>62</size>
		</font>
		<font>
			<name>lyrics3</name>
			<filename>lyrspin05.ttf</filename>
			<linespacing>0.9</linespacing>
			<size>120</size>
		</font>
		<font>
			<name>lyrics3b</name>
			<filename>lyrspin06.ttf</filename>
			<linespacing>0.85</linespacing>
			<size>62</size>
		</font>
		<font>
			<name>lyrics4</name>
			<filename>lyrspin08.ttf</filename>
			<linespacing>0.8</linespacing>
			<size>60</size>
		</font>
		<font>
			<name>lyrics4b</name>
			<filename>lyrspin09.ttf</filename>
			<linespacing>0.9</linespacing>
			<size>120</size>
		</font>
		<font>
			<name>lyrics5</name>
			<style>uppercase</style>
			<filename>lyrspin10.ttf</filename>
			<size>140</size>
		</font>
		<font>
			<name>lyrics5b</name>
			<filename>lyrspin04.ttf</filename>
			<linespacing>0.8</linespacing>
			<size>75</size>
		</font>
		<font>
			<name>lyrics6</name>
			<filename>lyrspin07.ttf</filename>
			<aspect>1.3</aspect>
			<style>lowercase</style>
			<linespacing>0.9</linespacing>
			<size>104</size>
		</font>
		<font>
			<name>lyrics6b</name>
			<filename>lyrspin08.ttf</filename>
			<linespacing>0.8</linespacing>
			<size>60</size>
		</font>
		<font>
			<name>lyrics7</name>
			<filename>lyrspin03.ttf</filename>
			<style>lowercase</style>
			<linespacing>0.9</linespacing>
			<size>120</size>
		</font>
		<font>
			<name>lyrics7b</name>
			<filename>lyrspin06.ttf</filename>
			<linespacing>0.85</linespacing>
			<size>62</size>
		</font>
		<font>
			<name>lyrics8</name>
			<filename>lyrspin05.ttf</filename>
			<linespacing>0.9</linespacing>
			<size>120</size>
		</font>
		<font>
			<name>lyrics8b</name>
			<filename>lyrspin02.ttf</filename>
			<linespacing>0.85</linespacing>
			<size>70</size>
		</font>
		<font>
			<name>lyrics9</name>
			<filename>lyrspin07.ttf</filename>
			<style>lowercase</style>
			<linespacing>0.9</linespacing>
			<size>275</size>
		</font>
		<font>
			<name>lyrics9b</name>
			<filename>lyrspin07.ttf</filename>
			<style>lowercase</style>
			<linespacing>0.9</linespacing>
			<size>165</size>
		</font>
		<font>
			<name>lyrics9c</name>
			<filename>lyrspin07.ttf</filename>
			<style>lowercase</style>
			<linespacing>0.9</linespacing>
			<size>220</size>
		</font>
		<font>
			<name>lyrics9d</name>
			<filename>lyrspin01.ttf</filename>
			<linespacing>0.85</linespacing>
			<size>60</size>
		</font>
		<font>
			<name>lyrics0</name>
			<style>uppercase</style>
			<filename>lyrspin10.ttf</filename>
			<size>125</size>
		</font>
		<font>
			<name>lyrics0a</name>
			<style>uppercase</style>
			<filename>lyrspin10.ttf</filename>
			<size>175</size>
		</font>
		<font>
			<name>lyrics0b</name>
			<style>uppercase</style>
			<filename>lyrspin10.ttf</filename>
			<size>225</size>
		</font>
		<font>
			<name>lyrics0c</name>
			<filename>lyrspin02.ttf</filename>
			<linespacing>0.85</linespacing>
			<size>70</size>
		</font>
		<font>
			<name>lyrics1s</name>
			<filename>lyrspin02.ttf</filename>
			<linespacing>1.15</linespacing>
			<size>76</size>
		</font>
		<font>
			<name>lyrics3s</name>
			<filename>lyrspin04.ttf</filename>
			<linespacing>0.80</linespacing>
			<aspect>1.1</aspect>
			<size>92</size>
		</font>
		<font>
			<name>lyrics5s</name>
			<filename>lyrspin01.ttf</filename>
			<linespacing>0.8</linespacing>
			<size>80</size>
		</font>
		<font>
			<name>lyrics7s</name>
			<filename>lyrspin08.ttf</filename>
			<style>bold</style>
			<linespacing>0.75</linespacing>
			<size>72</size>
		</font>
		<font>
			<name>lyrics9s</name>
			<filename>lyrspin06.ttf</filename>
			<linespacing>0.85</linespacing>
			<size>80</size>
		</font>
	</fontset>
	<fontset id="Arial" idloc="31053">
		<!-- Arial Font better for non English -->
		<font>
			<name>font10</name>
			<filename>arial.ttf</filename>
			<size>18</size>
		</font>
		<font>
			<name>font12</name>
			<filename>arial.ttf</filename>
			<size>22</size>
		</font>
		<font>
			<name>font13</name>
			<filename>arial.ttf</filename>
			<size>27</size>
		</font>
		<font>
			<name>font14</name>
			<filename>arial.ttf</filename>
			<size>30</size>
		</font>
		<font>
			<name>font16</name>
			<filename>arial.ttf</filename>
			<size>34</size>
		</font>
		<font>
			<name>font30</name>
			<filename>arial.ttf</filename>
			<size>42</size>
		</font>
		<font>
			<name>fontContextMenu</name>
			<filename>arial.ttf</filename>
			<size>24</size>
		</font>
		<font>
			<name>font_textbox</name>
			<filename>arial.ttf</filename>
			<size>26</size>
			<linespacing>1.2</linespacing>
		</font>
		<!-- Title Fonts -->
		<font>
			<name>font10_title</name>
			<filename>arial.ttf</filename>
			<size>15</size>
			<style>bold</style>
		</font>
		<font>
			<name>font12_title</name>
			<filename>arial.ttf</filename>
			<size>22</size>
			<style>bold</style>
		</font>
		<font>
			<name>font13_title</name>
			<filename>arial.ttf</filename>
			<size>27</size>
			<style>bold</style>
		</font>
		<font>
			<name>font24_title</name>
			<filename>arial.ttf</filename>
			<size>33</size>
			<style>bold</style>
		</font>
		<font>
			<name>font28_title</name>
			<filename>arial.ttf</filename>
			<size>39</size>
			<style>bold</style>
		</font>
		<font>
			<name>font30_title</name>
			<filename>arial.ttf</filename>
			<size>42</size>
			<style>bold</style>
		</font>
		<font>
			<name>font35_title</name>
			<filename>arial.ttf</filename>
			<size>49</size>
			<style>bold</style>
		</font>
		<font>
			<name>font_MainMenu</name>
			<filename>arial.ttf</filename>
			<size>52</size>
			<style>bold</style>
		</font>
		<font>
			<name>WeatherTemp</name>
			<filename>arial.ttf</filename>
			<size>120</size>
			<style>bold</style>
		</font>
		<font>
			<name>Mono28</name>
			<filename>arial.ttf</filename>
			<size>28</size>
		</font>
		<font>
            <name>Font-Flag</name>
            <filename>RobotoCondensed-Bold.ttf</filename>
            <size>40</size>
        </font>
        <font>
            <name>Font-Flag2</name>
            <filename>RobotoCondensed-Bold.ttf</filename>
            <size>44</size>
        </font>
        <font>
            <name>Font-Rating</name>
            <filename>RobotoCondensed-Bold.ttf</filename>
            <size>24</size>
        </font>
        <font>
            <name>Font-Rating2</name>
            <filename>arial.ttf</filename>
            <size>32</size>
        </font>
        <font>
            <name>Font-Volume</name>
            <filename>RobotoCondensed-Bold.ttf</filename>
            <size>22</size>
        </font>
        <font>
            <name>Font-MusicOSD</name>
            <filename>RobotoCondensed-Regular.ttf</filename>
            <size>21</size>
        </font>
        <font>
			<name>Font-Disc</name>
			<filename>PermanentMarker.ttf</filename>
			<size>36</size>
			<linespacing>.8</linespacing>
		</font>
		<!-- Lyrics Fonts -->
		<font>
			<name>lyrics1</name>
			<filename>lyrspin03.ttf</filename>
			<style>lowercase</style>
			<linespacing>0.9</linespacing>
			<size>120</size>
		</font>
		<font>
			<name>lyrics1b</name>
			<filename>lyrspin04.ttf</filename>
			<linespacing>0.8</linespacing>
			<size>75</size>
		</font>
		<font>
			<name>lyrics2</name>
			<filename>lyrspin09.ttf</filename>
			<linespacing>0.9</linespacing>
			<size>120</size>
		</font>
		<font>
			<name>lyrics2b</name>
			<filename>lyrspin01.ttf</filename>
			<linespacing>0.85</linespacing>
			<size>62</size>
		</font>
		<font>
			<name>lyrics3</name>
			<filename>lyrspin05.ttf</filename>
			<linespacing>0.9</linespacing>
			<size>120</size>
		</font>
		<font>
			<name>lyrics3b</name>
			<filename>lyrspin06.ttf</filename>
			<linespacing>0.85</linespacing>
			<size>62</size>
		</font>
		<font>
			<name>lyrics4</name>
			<filename>lyrspin08.ttf</filename>
			<linespacing>0.8</linespacing>
			<size>60</size>
		</font>
		<font>
			<name>lyrics4b</name>
			<filename>lyrspin09.ttf</filename>
			<linespacing>0.9</linespacing>
			<size>120</size>
		</font>
		<font>
			<name>lyrics5</name>
			<style>uppercase</style>
			<filename>lyrspin10.ttf</filename>
			<size>140</size>
		</font>
		<font>
			<name>lyrics5b</name>
			<filename>lyrspin04.ttf</filename>
			<linespacing>0.8</linespacing>
			<size>75</size>
		</font>
		<font>
			<name>lyrics6</name>
			<filename>lyrspin07.ttf</filename>
			<aspect>1.3</aspect>
			<style>lowercase</style>
			<linespacing>0.9</linespacing>
			<size>104</size>
		</font>
		<font>
			<name>lyrics6b</name>
			<filename>lyrspin08.ttf</filename>
			<linespacing>0.8</linespacing>
			<size>60</size>
		</font>
		<font>
			<name>lyrics7</name>
			<filename>lyrspin03.ttf</filename>
			<style>lowercase</style>
			<linespacing>0.9</linespacing>
			<size>120</size>
		</font>
		<font>
			<name>lyrics7b</name>
			<filename>lyrspin06.ttf</filename>
			<linespacing>0.85</linespacing>
			<size>62</size>
		</font>
		<font>
			<name>lyrics8</name>
			<filename>lyrspin05.ttf</filename>
			<linespacing>0.9</linespacing>
			<size>120</size>
		</font>
		<font>
			<name>lyrics8b</name>
			<filename>lyrspin02.ttf</filename>
			<linespacing>0.85</linespacing>
			<size>70</size>
		</font>
		<font>
			<name>lyrics9</name>
			<filename>lyrspin07.ttf</filename>
			<style>lowercase</style>
			<linespacing>0.9</linespacing>
			<size>275</size>
		</font>
		<font>
			<name>lyrics9b</name>
			<filename>lyrspin07.ttf</filename>
			<style>lowercase</style>
			<linespacing>0.9</linespacing>
			<size>165</size>
		</font>
		<font>
			<name>lyrics9c</name>
			<filename>lyrspin07.ttf</filename>
			<style>lowercase</style>
			<linespacing>0.9</linespacing>
			<size>220</size>
		</font>
		<font>
			<name>lyrics9d</name>
			<filename>lyrspin01.ttf</filename>
			<linespacing>0.85</linespacing>
			<size>60</size>
		</font>
		<font>
			<name>lyrics0</name>
			<style>uppercase</style>
			<filename>lyrspin10.ttf</filename>
			<size>125</size>
		</font>
		<font>
			<name>lyrics0a</name>
			<style>uppercase</style>
			<filename>lyrspin10.ttf</filename>
			<size>175</size>
		</font>
		<font>
			<name>lyrics0b</name>
			<style>uppercase</style>
			<filename>lyrspin10.ttf</filename>
			<size>225</size>
		</font>
		<font>
			<name>lyrics0c</name>
			<filename>lyrspin02.ttf</filename>
			<linespacing>0.85</linespacing>
			<size>70</size>
		</font>
		<font>
			<name>lyrics1s</name>
			<filename>lyrspin02.ttf</filename>
			<linespacing>1.15</linespacing>
			<size>76</size>
		</font>
		<font>
			<name>lyrics3s</name>
			<filename>lyrspin04.ttf</filename>
			<linespacing>0.80</linespacing>
			<aspect>1.1</aspect>
			<size>92</size>
		</font>
		<font>
			<name>lyrics5s</name>
			<filename>lyrspin01.ttf</filename>
			<linespacing>0.8</linespacing>
			<size>80</size>
		</font>
		<font>
			<name>lyrics7s</name>
			<filename>lyrspin08.ttf</filename>
			<style>bold</style>
			<linespacing>0.75</linespacing>
			<size>72</size>
		</font>
		<font>
			<name>lyrics9s</name>
			<filename>lyrspin06.ttf</filename>
			<linespacing>0.85</linespacing>
			<size>80</size>
		</font>
	</fontset>
	<fontset id="Bigger" idloc="40250">
        <!-- Bigger Fonts -->
        <font>
            <name>font10</name>
            <filename>Lato-Regular.ttf</filename>
            <size>29</size>
        </font>
        <font>
            <name>font12</name>
            <filename>Lato-Regular.ttf</filename>
            <size>30</size>
        </font>
        <font>
            <name>font13</name>
            <filename>Lato-Regular.ttf</filename>
            <size>35</size>
        </font>
        <font>
            <name>font14</name>
            <filename>Lato-Regular.ttf</filename>
            <size>38</size>
        </font>
        <font>
            <name>font16</name>
            <filename>Lato-Regular.ttf</filename>
            <size>42</size>
        </font>
        <font>
            <name>font30</name>
            <filename>Lato-Regular.ttf</filename>
            <size>50</size>
        </font>
        <font>
            <name>fontContextMenu</name>
            <filename>Lato-Regular.ttf</filename>
            <size>32</size>
        </font>
        <font>
            <name>font_textbox</name>
            <filename>Lato-Regular.ttf</filename>
            <size>31</size>
            <linespacing>1.2</linespacing>
        </font>
        <!-- Title Fonts -->
        <font>
            <name>font10_title</name>
            <filename>Lato-Bold.ttf</filename>
            <size>25</size>
        </font>
        <font>
            <name>font12_title</name>
            <filename>Lato-Bold.ttf</filename>
            <size>30</size>
        </font>
        <font>
            <name>font13_title</name>
            <filename>Lato-Bold.ttf</filename>
            <size>35</size>
        </font>
        <font>
            <name>font20_title</name>
            <filename>Lato-Bold.ttf</filename>
            <size>37</size>
        </font>
        <font>
            <name>font24_title</name>
            <filename>Lato-Bold.ttf</filename>
            <size>41</size>
        </font>
        <font>
            <name>font28_title</name>
            <filename>Lato-Bold.ttf</filename>
            <size>47</size>
        </font>
        <font>
            <name>font30_title</name>
            <filename>Lato-Bold.ttf</filename>
            <size>50</size>
        </font>
        <font>
            <name>font35_title</name>
            <filename>Lato-Bold.ttf</filename>
            <size>57</size>
        </font>
        <font>
            <name>font_MainMenu</name>
            <filename>Lato-Bold.ttf</filename>
            <size>65</size>
        </font>
        <font>
            <name>WeatherTemp</name>
            <filename>Lato-Bold.ttf</filename>
            <size>125</size>
        </font>
        <font>
            <name>Mono28</name>
            <filename>AnonymousPro.ttf</filename>
            <size>35</size>
        </font>
        <font>
            <name>Font-Flag</name>
        	<filename>RobotoCondensed-Bold.ttf</filename>
            <size>40</size>
        </font>
        <font>
            <name>Font-Flag2</name>
          	<filename>RobotoCondensed-Bold.ttf</filename>
            <size>44</size>
        </font>
        <font>
            <name>Font-Rating</name>
            <filename>RobotoCondensed-Bold.ttf</filename>
            <size>24</size>
        </font>
        <font>
            <name>Font-Rating2</name>
            <filename>RobotoCondensed-Bold.ttf</filename>
            <size>34</size>
        </font>
        <font>
            <name>Font-Volume</name>
            <filename>RobotoCondensed-Bold.ttf</filename>
            <size>22</size>
        </font>
        <font>
            <name>Font-MusicOSD</name>
            <filename>RobotoCondensed-Regular.ttf</filename>
            <size>21</size>
        </font>
        <font>
			<name>Font-Disc</name>
			<filename>PermanentMarker.ttf</filename>
			<size>36</size>
			<linespacing>.8</linespacing>
		</font>
		<!-- Lyrics Fonts -->
		<font>
			<name>lyrics1</name>
			<filename>lyrspin03.ttf</filename>
			<style>lowercase</style>
			<linespacing>0.9</linespacing>
			<size>120</size>
		</font>
		<font>
			<name>lyrics1b</name>
			<filename>lyrspin04.ttf</filename>
			<linespacing>0.8</linespacing>
			<size>75</size>
		</font>
		<font>
			<name>lyrics2</name>
			<filename>lyrspin09.ttf</filename>
			<linespacing>0.9</linespacing>
			<size>120</size>
		</font>
		<font>
			<name>lyrics2b</name>
			<filename>lyrspin01.ttf</filename>
			<linespacing>0.85</linespacing>
			<size>62</size>
		</font>
		<font>
			<name>lyrics3</name>
			<filename>lyrspin05.ttf</filename>
			<linespacing>0.9</linespacing>
			<size>120</size>
		</font>
		<font>
			<name>lyrics3b</name>
			<filename>lyrspin06.ttf</filename>
			<linespacing>0.85</linespacing>
			<size>62</size>
		</font>
		<font>
			<name>lyrics4</name>
			<filename>lyrspin08.ttf</filename>
			<linespacing>0.8</linespacing>
			<size>60</size>
		</font>
		<font>
			<name>lyrics4b</name>
			<filename>lyrspin09.ttf</filename>
			<linespacing>0.9</linespacing>
			<size>120</size>
		</font>
		<font>
			<name>lyrics5</name>
			<style>uppercase</style>
			<filename>lyrspin10.ttf</filename>
			<size>140</size>
		</font>
		<font>
			<name>lyrics5b</name>
			<filename>lyrspin04.ttf</filename>
			<linespacing>0.8</linespacing>
			<size>75</size>
		</font>
		<font>
			<name>lyrics6</name>
			<filename>lyrspin07.ttf</filename>
			<aspect>1.3</aspect>
			<style>lowercase</style>
			<linespacing>0.9</linespacing>
			<size>104</size>
		</font>
		<font>
			<name>lyrics6b</name>
			<filename>lyrspin08.ttf</filename>
			<linespacing>0.8</linespacing>
			<size>60</size>
		</font>
		<font>
			<name>lyrics7</name>
			<filename>lyrspin03.ttf</filename>
			<style>lowercase</style>
			<linespacing>0.9</linespacing>
			<size>120</size>
		</font>
		<font>
			<name>lyrics7b</name>
			<filename>lyrspin06.ttf</filename>
			<linespacing>0.85</linespacing>
			<size>62</size>
		</font>
		<font>
			<name>lyrics8</name>
			<filename>lyrspin05.ttf</filename>
			<linespacing>0.9</linespacing>
			<size>120</size>
		</font>
		<font>
			<name>lyrics8b</name>
			<filename>lyrspin02.ttf</filename>
			<linespacing>0.85</linespacing>
			<size>70</size>
		</font>
		<font>
			<name>lyrics9</name>
			<filename>lyrspin07.ttf</filename>
			<style>lowercase</style>
			<linespacing>0.9</linespacing>
			<size>275</size>
		</font>
		<font>
			<name>lyrics9b</name>
			<filename>lyrspin07.ttf</filename>
			<style>lowercase</style>
			<linespacing>0.9</linespacing>
			<size>165</size>
		</font>
		<font>
			<name>lyrics9c</name>
			<filename>lyrspin07.ttf</filename>
			<style>lowercase</style>
			<linespacing>0.9</linespacing>
			<size>220</size>
		</font>
		<font>
			<name>lyrics9d</name>
			<filename>lyrspin01.ttf</filename>
			<linespacing>0.85</linespacing>
			<size>60</size>
		</font>
		<font>
			<name>lyrics0</name>
			<style>uppercase</style>
			<filename>lyrspin10.ttf</filename>
			<size>125</size>
		</font>
		<font>
			<name>lyrics0a</name>
			<style>uppercase</style>
			<filename>lyrspin10.ttf</filename>
			<size>175</size>
		</font>
		<font>
			<name>lyrics0b</name>
			<style>uppercase</style>
			<filename>lyrspin10.ttf</filename>
			<size>225</size>
		</font>
		<font>
			<name>lyrics0c</name>
			<filename>lyrspin02.ttf</filename>
			<linespacing>0.85</linespacing>
			<size>70</size>
		</font>
		<font>
			<name>lyrics1s</name>
			<filename>lyrspin02.ttf</filename>
			<linespacing>1.15</linespacing>
			<size>76</size>
		</font>
		<font>
			<name>lyrics3s</name>
			<filename>lyrspin04.ttf</filename>
			<linespacing>0.80</linespacing>
			<aspect>1.1</aspect>
			<size>92</size>
		</font>
		<font>
			<name>lyrics5s</name>
			<filename>lyrspin01.ttf</filename>
			<linespacing>0.8</linespacing>
			<size>80</size>
		</font>
		<font>
			<name>lyrics7s</name>
			<filename>lyrspin08.ttf</filename>
			<style>bold</style>
			<linespacing>0.75</linespacing>
			<size>72</size>
		</font>
		<font>
			<name>lyrics9s</name>
			<filename>lyrspin06.ttf</filename>
			<linespacing>0.85</linespacing>
			<size>80</size>
		</font>
    </fontset>
</fonts>