<?xml version="1.0" encoding="UTF-8"?>

<window id="90000">
	<defaultcontrol>91050</defaultcontrol>
	<allowoverlay>yes</allowoverlay>
	<animation effect="fade" time="100">WindowOpen</animation>
	<animation effect="fade" time="100">WindowClose</animation>
	<coordinates>
		<posX>200</posX>
		<posY>100</posY>
	</coordinates>
	<controls>
		<control type="image">
			<description>Background</description>
			<posx>150</posx>
			<posy>100</posy>
			<width>980</width>
			<height>500</height>
			<texture>dialog.png</texture>
		</control>
		
		<control type="image">
			<description>Title Bar</description>
			<posx>150</posx>
			<posy>100</posy>
			<width>980</width>
			<height>35</height>
			<texture>dialogheader.png</texture>
		</control>
		<control type="label">
			<posx>150</posx>
			<posy>105</posy>
			<width>980</width>
			<height>35</height>
			<font>font13_title</font>
			<align>center</align>
			<textcolor>cyan</textcolor>
			<shadowcolor>dimgrey</shadowcolor>
			<label>Enable/Disable Scrapers</label>
		</control>

		<control type="button" id="82000">
			<posx>1060</posx>
			<posy>110</posy>
			<width>60</width>
			<height>32</height>
			<label></label>
			<focusedcolor>FFFFFFFF</focusedcolor>
			<colordiffuse>FFFFFFFF</colordiffuse>
			<texturefocus>window/close_focus.png</texturefocus>
			<texturenofocus>window/close.png</texturenofocus>
			<pulseonselect>true</pulseonselect>
		</control>

		<control type="grouplist">
			<posx>210</posx>
			<posy>530</posy>
			<width>1000</width>
			<height>42</height>
			<defaultcontrol>82001</defaultcontrol>
			<visible>true</visible>
			<itemgap>10</itemgap>
			<orientation>horizontal</orientation>
			<onup>91050</onup>

		<control type="button" id="82001">
			<width>160</width>
			<height>40</height>
			<label>Close</label>
			<align>center</align>
			<focusedcolor>FFFFFFFF</focusedcolor>
			<colordiffuse>FFFFFFFF</colordiffuse>
			<texturefocus>Button/blue.png</texturefocus>
			<texturenofocus>Button/blueNF.png</texturenofocus>
			<pulseonselect>true</pulseonselect>
			<onup>91050</onup>
		</control>
		
		<control type="button" id="82002">
			<width>160</width>
			<height>40</height>
			<label>Enable All</label>
			<align>center</align>
			<focusedcolor>FFFFFFFF</focusedcolor>
			<colordiffuse>FFFFFFFF</colordiffuse>
			<texturefocus>Button/blue.png</texturefocus>
			<texturenofocus>Button/blueNF.png</texturenofocus>
			<pulseonselect>true</pulseonselect>
			<onup>91050</onup>
		</control>
		
		<control type="button" id="82003">
			<width>160</width>
			<height>40</height>
			<label>Disable All</label>
			<align>center</align>
			<focusedcolor>FFFFFFFF</focusedcolor>
			<colordiffuse>FFFFFFFF</colordiffuse>
			<texturefocus>Button/blue.png</texturefocus>
			<texturenofocus>Button/blueNF.png</texturenofocus>
			<pulseonselect>true</pulseonselect>
			<onup>91050</onup>
		</control>
		
		</control>
		
		<control type="list" id="91050">
		<description>Scrapers</description>
		<left>180</left>
		<top>160</top>
		<width>870</width>
		<height>350</height>
		<visible>true</visible>
		<viewtype label="3D list">list</viewtype>
		<orientation>vertical</orientation>
		<pagecontrol>91051</pagecontrol>
		<scrolltime tween="sine" easing="out">200</scrolltime>
		<autoscroll>false</autoscroll>
		<onright>91051</onright>
		<itemlayout width="870" height="36">
			<control type="image">
					<width>870</width>
					<height>36</height>
					<left>0</left>
					<top>0</top>
					<texture>List/nofocus.png</texture>
			</control>

			<control type="image">
					<left>0</left>
					<top>5</top>
					<width>25</width>
					<height>25</height>
					<info>ListItem.Icon</info>
			</control>
			<control type="label">
					<left>28</left>
					<top>2</top>
					<width>800</width>
					<height>30</height>
					<font>font13</font>
					<aligny>center</aligny>
					<align>left</align>
					<info>ListItem.Label</info>
			</control>
			<control type="image">
					<left>850</left>
					<top>5</top>
					<width>25</width>
					<height>25</height>
					<info>ListItem.Property(premiumize)</info>
			</control>
		</itemlayout>
		<focusedlayout height="36" width="870">
			<control type="image">
					<width>870</width>
					<height>36</height>
					<left>0</left>
					<top>0</top>
					<visible>Control.HasFocus(91050)</visible>
					<texture>List/focus_blue.png</texture>
			</control>
			<control type="image">
					<left>0</left>
					<top>5</top>
					<width>25</width>
					<height>25</height>
					<info>ListItem.Icon</info>
			</control>
			<control type="label">
					<left>28</left>
					<top>2</top>
					<width>800</width>
					<height>30</height>
					<font>font13</font>
					<aligny>center</aligny>
					<align>left</align>
					<info>ListItem.Label</info>
			</control>
			<control type="image">
					<left>850</left>
					<top>5</top>
					<width>25</width>
					<height>25</height>
					<info>ListItem.Property(premiumize)</info>
			</control>
		</focusedlayout>
	</control>

	<control type="scrollbar" id="91051">
			<posx>1080</posx>
			<posy>160</posy>
			<width>25</width>
			<height>375</height>
			<visible>Control.IsVisible(91050)</visible>
			<texturesliderbackground border="0,14,0,14">ScrollBarV.png</texturesliderbackground>
			<texturesliderbar border="0,14,0,14">ScrollBarV_bar.png</texturesliderbar>
			<texturesliderbarfocus border="0,14,0,14">ScrollBarV_bar_focus.png</texturesliderbarfocus>
			<textureslidernib>ScrollBarNib.png</textureslidernib>
			<textureslidernibfocus>ScrollBarNib.png</textureslidernibfocus>
			<colordiffuse>FFCCCCCC</colordiffuse>
			<pulseonselect>True</pulseonselect>
			<orientation>vertical</orientation>
			<showonepage>true</showonepage>
			<onleft>91050</onleft>
		</control>
	</controls>
</window>
