<?xml version="1.0" encoding="UTF-8" standalone="yes"?>
<addon id="plugin.video.arabcinema" name="Arab Cinema" version="1.2.10" provider-name="MG.Arabic">
    <requires>
        <import addon="xbmc.python" version="2.1.0"/>
		<import addon="script.module.urlresolver" version="5.0.09" />		
<!--         <import addon="script.module.resolveurl" version="5.0.00"/> -->
        <import addon="script.module.urlresolver.ar" version="5.0.09"/>
        <import addon="script.video.F4mProxy" version="2.5.7" />
		<import addon="repository.MG.Arabic" />		
    </requires>
    <extension point="xbmc.python.pluginsource"
               library="default.py">
        <provides>video</provides>
    </extension>
    <extension point="xbmc.addon.metadata">
        <platform>all</platform>
        <license>GPL 2.0</license>
        <summary lang="en">Watch [COLOR red][B]ENG[/B][/COLOR] Movies And TvShows with [B][COLOR red]MG.Arabic[/COLOR][/B]</summary>
        <description lang="en">Watch [COLOR red][B]Arabic[/B][/COLOR] Movies And TvShows with [COLOR red][B]MG.Arabic[/B][/COLOR]</description>		
		<assets>
			<icon>icon.png</icon>
			<fanart>fanart.jpg</fanart>
		</assets>
        <news>[B]Version 1.1.63[/B]
Fixed: HD-Arab
Fixed: 6arbyat
Fixed: ArabHD     
Added: AflamyHD 
Fixed: Movie4k</news>
    </extension>
</addon>
