<?xml version="1.0" encoding="UTF-8" standalone="yes"?>
<addon id="script.artistslideshow" name="Artist Slideshow" version="2.0.6" provider-name="pkscout,ronie">
	<requires>
		<import addon="xbmc.python" version="2.19.0"/>
		<import addon="xbmc.addon" version="14.0.0"/>
		<import addon="script.module.requests" version="2.3.0"/>
		<import addon="script.module.simplejson" version="3.3.0"/>
	</requires>
	<extension point="xbmc.python.script" library="default.py">
		<provides>executable</provides>
	</extension>
	<extension point="xbmc.addon.metadata">
		<language></language>
		<platform>all</platform>
		<license>GNU GENERAL PUBLIC LICENSE. Version 2, June 1991</license>
		<forum>http://forum.xbmc.org/showthread.php?t=124880</forum>
		<website>http://wiki.xbmc.org/index.php?title=Add-on:Artist_Slideshow</website>
		<email>artistslideshow.xbmc@gmail.com</email>
		<source>https://github.com/pkscout/script.artistslideshow</source>
	</extension>
</addon>
