<?xml version="1.0" encoding="UTF-8" standalone="yes"?>
<addon id="script.openvpn" name="OpenVPN" version="4.0.0" provider-name="brianhornsby, Edit By MG.Arabic">
	<requires>
		<import addon="xbmc.python" version="2.1.0"/>
		<import addon="script.module.beautifulsoup" version="3.0.8"/>
	</requires>
	<extension point="xbmc.python.script" library="default.py"/>
	<extension point="xbmc.addon.metadata">
		<platform>all</platform>
		<summary lang="en">OpenVPN addon for Kodi.</summary>
		<description lang="en">This addon allows you to set up a number of OpenVPN configurations, which you can then run from Kodi.
[COLOR red]if you have any error go to addon settings and change the path of OpenVPV to (\Kodi\addons\script.openvpn\bin\openvpn)[/COLOR]</description>
		<license>GNU GENERAL PUBLIC LICENSE. Version 3, 29 June 2007</license>
		<website>http://brianhornsby.com/kodi_addons/openvpn</website>
		<source>https://github.com/brianhornsby/script.openvpn</source>
  </extension>
</addon>
