<?xml version="1.0" encoding="UTF-8"?>
<addon id="plugin.video.EL7L" version="2.2.0" name="EL7L.CO" provider-name="MG.Arabic">
  <requires>
     <import addon="xbmc.python" version="2.1.0"/>
	<import addon="script.module.mg.arabic.common" />
	<import addon="script.module.urlresolver" />
	<import addon="repository.MG.Arabic" />
  </requires>
  <extension point="xbmc.python.pluginsource" library="el7l.py">
    <provides>video</provides>
  </extension>
  <extension point="xbmc.addon.metadata">
    <summary>MOVIES Arabic plugin from EL7L.co</summary>
    <description>MOVIES Arabic plugin from EL7L.co</description>
    <platform>all</platform>
	   <assets>
 			<icon>img/icon.png</icon>
 			<fanart>img/fanart.jpg</fanart>
			<screenshot>img/screenshot-01.jpg</screenshot>
			<screenshot>img/screenshot-02.jpg</screenshot>
			<screenshot>img/screenshot-03.jpg</screenshot>
 		</assets>
  </extension>
</addon>
