<?xml version="1.0" ?><addon id="script.module.dudehere.routines" name="DudeHere Common Routines" provider-name="DudeHere" version="0.7.9">
    <requires>
        <import addon="xbmc.python" version="2.1.0"/>
        <import addon="script.module.beautifulsoup"/>
        <import addon="script.module.requests"/>
        <import addon="script.module.urlresolver"/>
        <import addon="script.module.myconnpy" version="0.3.2"/>
    </requires>
    <extension library="lib" point="xbmc.python.module"/>
    <extension library="service.py" point="xbmc.service" start="startup"/>
    <extension point="xbmc.addon.metadata">
        <platform>all</platform>
        <summary lang="en">Collection of commonly used addon routines</summary>
        <description lang="en">Collection of commonly used addon routines used by DudeHere.</description>
        <disclaimer lang="en"/>
        <language/>
        <platform>all</platform>
        <license>GNU GENERAL PUBLIC LICENSE. Version 2, June 1991</license>
        <forum>http://forums.tvaddons.ag/dudehere-addons/</forum>
        <website>http://www.tvaddons.ag/</website>
    </extension>
</addon>