<?xml version="1.0" encoding="UTF-8" standalone="yes"?>
<addon id="script.bubbles.skins" version="1.4.2" name="Bubbles Skins" provider-name="Bubbles">
	<requires>
		<import addon="xbmc.python" version="2.19.0"/>
	</requires>
	<extension point="xbmc.python.module" library="lib" />
	<extension point="xbmc.addon.metadata">
		<summary>Bubbles Skins</summary>
		<description>The theme skins for Bubbles</description>
		<disclaimer lang="en">Bubbles and its developers are not in any way affiliated with Kodi, TVAddons, OffshoreGit, Premiumize, RealDebrid, or any of the sites and providers used in the addon. Bubbles is and always will be free and open-source. None of its code and resources may be sold or redistributed for any commercial purposes. Bubbles and its developers do not host, create, or distribute any of the content displayed in the addon.</disclaimer>
		<platform>all</platform>
		<license>GPL 3.0</license>
		<website>https://offshoregit.com/bubbles</website>
		<forum>https://www.tvaddons.ag/forums/addon-releases/56140-bubbles-stream-movies-tv-kodi.html</forum>
	</extension>
</addon>
