﻿<?xml version="1.0" encoding="UTF-8" standalone="yes"?>
<addon id="plugin.video.ororotv" name="Ororo TV" version="3.2.8" provider-name="ororo.tv">
	<requires>
		<import addon="xbmc.python" version="2.1.0"/>
		<import addon="repository.ororotv" version="1.0.0" />
		<import addon="script.module.metahandler" version="1.0.0"/>
		<import addon="script.module.simplejson" version="2.0.10"/>
		<import addon="script.common.plugin.cache" version="0.9.1"/>
		<import addon="script.module.parsedom" version="0.9.1"/>
		<import addon="script.module.dateutil" version="2.4.2"/>
	</requires>
	<extension point="xbmc.python.pluginsource" library="default.py">
		<provides>video</provides>
	</extension>
	<extension point="xbmc.subtitle.module" library="default.py" />
	<extension point="xbmc.service" library="service.py" start="startup">
	</extension>
	<extension point="xbmc.addon.metadata">
		<summary lang="en">Learn English by watching TV shows and movies</summary>
		<description lang="en">Learn English by watching TV shows and movies</description>
		<disclaimer lang="en">The author does not host or distribute any of the content displayed by this addon. The author does not have any affiliation with the content provider.</disclaimer>
	</extension>
</addon>
