<window id="9999">
	<defaultcontrol always="false">200</defaultcontrol>
	<coordinates>
		<system>1</system>
		<posx>385</posx>
		<posy>95</posy>
	</coordinates>
	<include>dialogeffect</include>
	<controls>
		<control type="group">
			<include>VisibleFadeEffect</include>
			<control type="image">
				<description>Background Image</description>
				<posx>0</posx>
				<posy>0</posy>
				<width>510</width>
				<height>530</height>
				<texture border="40">DialogBack2.png</texture>
			</control>
			<control type="image">
				<description>Dialog Header image</description>
				<posx>40</posx>
				<posy>16</posy>
				<width>450</width>
				<height>40</height>
				<texture>dialogheader.png</texture>
			</control>
			<control type="label" id="100">
				<description>header label</description>
				<posx>40</posx>
				<posy>20</posy>
				<width>450</width>
				<height>30</height>
				<font>font13_title</font>
				<label>$ADDON[plugin.video.saltshd.lite 30161]</label>
				<align>center</align>
				<aligny>center</aligny>
				<textcolor>darkorange</textcolor>
				<shadowcolor>black</shadowcolor>
			</control>
			<control type="button">
				<description>Close Window button</description>
				<posx>420</posx>
				<posy>15</posy>
				<width>64</width>
				<height>32</height>
				<label>-</label>
				<font>-</font>
				<onclick>PreviousMenu</onclick>
				<texturefocus>DialogCloseButton-focus.png</texturefocus>
				<texturenofocus>DialogCloseButton.png</texturenofocus>
				<visible>system.getbool(input.enablemouse)</visible>
			</control>
		</control>
		<control type="group">
			<control type="label">
				<description>Instructions Label</description>
				<posx>30</posx>
				<posy>60</posy>
				<width>450</width>
				<height>150</height>
				<font>font12</font>
				<wrapmultiline>true</wrapmultiline>
				<label>$ADDON[plugin.video.saltshd.lite 30162][CR]$ADDON[plugin.video.saltshd.lite 30163][CR]$ADDON[plugin.video.saltshd.lite 30164][CR]$ADDON[plugin.video.saltshd.lite 30165][CR][CR]$ADDON[plugin.video.saltshd.lite 30166]</label>
				<textcolor>white</textcolor>
				<shadowcolor>black</shadowcolor>
			</control>
		</control>
        <control type="image">
            <description>QR Code</description>
            <posx>191</posx>
            <posy>306</posy>
            <width>128</width>
            <height>128</height>
            <texture>qr_code.png</texture>
            <aspectratio>keep</aspectratio>
        </control>
		<control type="group" id="9001">
			<control type="button" id="200">
				<description>Authorize Button</description>
				<posx>30</posx>
				<posy>460</posy>
				<width>130</width>
				<height>40</height>
				<align>center</align>
				<aligny>center</aligny>
				<label>$ADDON[plugin.video.saltshd.lite 30167]</label>
				<font>font12_title</font>
				<textoffsetx>10</textoffsetx>
				<ondown>201</ondown>
				<onright>201</onright>
			</control>
			<control type="button" id="201">
				<description>Later Button</description>
				<posx>170</posx>
				<posy>460</posy>
				<width>170</width>
				<height>40</height>
				<align>center</align>
				<aligny>center</aligny>
				<label>$ADDON[plugin.video.saltshd.lite 30168]</label>
				<font>font12_title</font>
				<textoffsetx>10</textoffsetx>
				<onup>200</onup>
				<onleft>200</onleft>
				<ondown>202</ondown>
				<onright>202</onright>
			</control>
			<control type="button" id="202">
				<description>Never Button</description>
				<posx>350</posx>
				<posy>460</posy>
				<width>130</width>
				<height>40</height>
				<align>center</align>
				<aligny>center</aligny>
				<label>$ADDON[plugin.video.saltshd.lite 30169]</label>
				<font>font12_title</font>
				<textoffsetx>10</textoffsetx>
				<onup>201</onup>
				<onleft>201</onleft>
			</control>
		</control>
	</controls>
</window>
