<?xml version="1.0" encoding="UTF-8"?>
<addon
  id="plugin.video.series4watch"
  version="2.0.1"
  name="Series4Watch"
  provider-name="Made by mfaraj,opesboy">
   <requires>
        <import addon="xbmc.python" version="2.1.0" optional="true" />
		
        <import addon="script.module.urlresolver" version="1.0.0"/>
		
  </requires>
  <extension point="xbmc.python.pluginsource"
             library="default.py">
    <provides>video</provides>
  </extension>
  <extension point="xbmc.addon.metadata">
    <summary>MOVIES Arabic plugin from Series4Watch.com</summary>
    <description>Arabic,Hollywood, European and Bollywood movies</description>
   
    <platform>all</platform>
  </extension>
</addon>
