<?xml version="1.0" encoding="UTF-8" standalone="yes"?>
<addon id="plugin.video.arabcinema" name="Arab Cinema" version="1.2.8" provider-name="MG.Arabic">
    <requires>
		<import addon="xbmc.python" version="2.19.0" />
		<import addon="script.module.urlresolver" version="3.0.0" />
		<import addon="script.module.requests" />		
        <import addon="script.video.F4mProxy" version="2.5.7" />
		<import addon="repository.MG.Arabic" />
    </requires>
    <extension point="xbmc.python.pluginsource"
               library="default.py">
        <provides>video</provides>
    </extension>
    <extension point="xbmc.addon.metadata">
        <platform>all</platform>
        <license>GPL 2.0</license>
        <summary lang="en">Watch [COLOR red][B]ENG[/B][/COLOR] Movies And TvShows with [B][COLOR red]MG.Arabic[/COLOR][/B]</summary>
        <description lang="en">Watch [COLOR red][B]Arabic[/B][/COLOR] Movies And TvShows with [COLOR red][B]MG.Arabic[/B][/COLOR]</description>
		<disclaimer lang="en"></disclaimer>
		<assets>
			<icon>icon.png</icon>
			<fanart>fanart.jpg</fanart>
		</assets>
        <news>Fixed: HD-Arab
Fixed: 6arbyat
Fixed: ArabHD
Added: AflamyHD</news>
    </extension>
</addon>
