<?xml version="1.0" encoding="UTF-8"?>
<addon id="plugin.video.htshof" version="1.0" name="Htshof" provider-name="MG.Arabic">
  <requires>
        <import addon="xbmc.python" version="2.1.0" optional="true" />
        <import addon="script.module.addon.common"/>"
        <import addon="script.module.urlresolver"/>"
		<import addon="script.module.requests"/>"
        <import addon="repository.MG.Arabic" />
  </requires>
  <extension point="xbmc.python.pluginsource"
             library="htshof.py">
    <provides>video</provides>
  </extension>
  <extension point="xbmc.addon.metadata">
    <summary>MOVIES Arabic plugin from https://htshof.com/</summary>
    <description>MOVIES Arabic plugin from https://htshof.com/</description>
    <platform>all</platform>
	    <assets>
 			<icon>img/icon.png</icon>
 			<fanart>img/fanart.jpg</fanart>
			<screenshot>img/screenshot-01.jpg</screenshot>
			<screenshot>img/screenshot-02.jpg</screenshot>
			<screenshot>img/screenshot-03.jpg</screenshot>
 		</assets>
  </extension>
</addon>
