<?xml version="1.0" encoding="UTF-8"?>
<addon id="plugin.video.ashams"
       name="Alshamas"
       version="1.0.3"
       provider-name="mfaraj@dreamoem.com ,opesboy">
   <requires>
        <import addon="xbmc.python" version="2.1.0" optional="true" />
		
        
		<import addon="script.module.addon.common" version="2.0.0" />
		
  </requires>
  <extension point="xbmc.python.pluginsource"
            library="default.py">
        <provides>video</provides>
  </extension>
  <extension point="xbmc.addon.metadata">
    <summary>www.ashams.com</summary>
    <description>arabic series from www.ashams.com</description>
    <platform>all</platform>
  </extension>
</addon>
