<?xml version="1.0" encoding="UTF-8"?>
<window>
	<defaultcontrol always="true">10</defaultcontrol>
	<coordinates>
		<left>502</left>
		<top>345</top>
	</coordinates>
	<include>Animation_DialogPopupOpenClose</include>
	<depth>DepthDialog+</depth>
	<controls>
		<include name="DialogBackgroundCommons">
			<param name="DialogBackgroundWidth" value="915" />
			<param name="DialogBackgroundHeight" value="380" />
			<param name="DialogHeaderLabel" value="$LOCALIZE[13406]" />
			<param name="DialogHeaderId" value="1" />
			<param name="CloseButtonNav" value="10" />
		</include>
		<control type="textbox" id="9">
			<description>text</description>
			<left>30</left>
			<top>82</top>
			<width>855</width>
			<height>150</height>
			<label>-</label>
			<autoscroll time="3000" delay="4000" repeat="5000">true</autoscroll>
		</control>        
		<control type="grouplist">
			<orientation>horizontal</orientation>
			<left>0</left>
			<top>280</top>
			<width>915</width>
			<align>center</align>
			<include name="DefaultDialogButton">
				<param name="id" value="11" />
				<param name="label" value="$LOCALIZE[107]" />
			</include>
			<include name="DefaultDialogButton">
				<param name="id" value="10" />
				<param name="label" value="$LOCALIZE[106]" />
			</include>
		</control>
	</controls>
</window>
