<?xml version="1.0" encoding="UTF-8"?>
<addon
 id="plugin.video.topvideos"
  version="1.0.0"
 name="Top Videos"
 provider-name="TSmedia Team">
 <requires>
        <import addon="xbmc.python" version="2.1.0" optional="true" />

        <import addon="plugin.video.youtube"/>"
  </requires>
  <extension point="xbmc.python.pluginsource"
            library="default.py">
    <provides>video</provides>
  </extension>
  <extension point="xbmc.addon.metadata">
    <summary> youtube.com </summary>
    <description> top video from youtube </description>
   <platform>all</platform>
  </extension>
</addon>