<?xml version="1.0" encoding="UTF-8"?>
<addon id="plugin.video.akoam"
       name="Akoam"
       version="2.1.2"
       provider-name="mfaraj,opesboy">
  <requires>
   <import addon="xbmc.python" version="2.1.0"/>
    <import addon="script.module.t0mm0.common" version="2.0.0"/>
        <import addon="script.common.plugin.cache" version="2.5.2"/>    
  </requires>
  <extension point="xbmc.python.pluginsource"
            library="default.py">
        <provides>video</provides>
  </extension>
  <extension point="xbmc.addon.metadata">
    <summary>watch movies from akoam.com</summary>
    <description>watch movies from akoam.com</description>
    <platform>all</platform>
  </extension>
</addon>
