<?xml version="1.0" encoding="UTF-8"?>
<window>
	<defaultcontrol>-</defaultcontrol>
	<coordinates>
		<left>1820</left>
		<top>0</top>
	</coordinates>
	<controls>
        <control type="image">
            <left>6</left>
            <top>-11</top>
            <width>100</width>
            <height>100</height>
            <texture colordiffuse="button_focus">dialogs/volume/progress/p0.png</texture>
        </control>
		<control type="image">
			<left>37</left>
            <top>19</top>
            <width>40</width>
            <height>40</height>
			<aspectratio>keep</aspectratio>
			<texture>dialogs/volume/mute.png</texture>
		</control>
	</controls>
</window>
