<?xml version="1.0" encoding="UTF-8" standalone="yes"?>
<addon id="plugin.video.1080pmovies_gw" name="1080p Movies" version="2.2.4" provider-name="Dandymedia">
  <requires>
    <import addon="xbmc.python" version="2.1.0"/>
	<import addon="script.module.addon.common" />
	<import addon="script.module.requests" />
  </requires>
  <extension point="xbmc.python.pluginsource" library="default.py">
		<provides>video</provides>
  </extension>
  <extension point="xbmc.addon.metadata">
	<summary lang="en">Movies</summary>
	<description lang="en">Direct link TV and Movie with varying resolutions...enjoy.</description>
	<disclaimer lang="en">The author does not host or distribute any of the content displayed by this addon or have any affiliation with the website owners</disclaimer>
	<platform>all</platform>
  </extension>
</addon>
