<?xml version="1.0" encoding="UTF-8" standalone="yes"?>
<addon id="plugin.video.LaYoumal"
	name="LaYoumal"
	version="1.0.0"
	provider-name="mfaraj">
  <requires>
    <import addon="xbmc.python" version="2.1.0"/>	
    <import addon="plugin.video.youtube"/>
  </requires>
  <extension point="xbmc.python.pluginsource" library="default.py">
    <provides>video</provides>
  </extension>
  <extension point="xbmc.addon.metadata">
    <summary lang="en">LaYoumal</summary>
    <description lang="en"> clips of comedy future tv Layouaml</description>
    <platform>all</platform>
  </extension>
</addon>
