<?xml version="1.0" encoding="UTF-8" standalone="yes"?>
<addon id="script.module.thetvdb"
       name="The TVDB API v2"
       version="1.0.0"
       provider-name="marcelveldt">
  <requires>
  <import addon="xbmc.python" version="2.24.0"/>
  </requires>
  <extension point="xbmc.python.module"
             library="lib" />
  <extension point="xbmc.addon.metadata">
    <summary>TheTVDB API v2 python module for Kodi</summary>
    <description>TheTVDB API v2 python module for Kodi</description>
    <license>Apache 2.0</license>
    <source>https://github.com/marcelveldt/script.module.thetvdb</source>
    <platform>all</platform>
  </extension>
</addon>
