<?xml version="1.0" encoding="UTF-8"?>
<addon id="plugin.video.showscen" version="2.1.2" name="ShowsCen" provider-name="MG.Arabic">
 <requires>
        <import addon="xbmc.python" version="2.1.0" optional="true" />
        <import addon="script.module.addon.common"/>
        <import addon="script.module.urlresolver"/>
		<import addon="script.module.requests"/>
        <import addon="repository.MG.Arabic" />
  </requires>
  <extension point="xbmc.python.pluginsource"
            library="showscen.py">
    <provides>video</provides>
  </extension>
  <extension point="xbmc.addon.metadata">
    <summary> http://www.showscen.com/ </summary>
    <description> videos from Showscen </description>
   <platform>all</platform>
	   <assets>
 			<icon>resources/icon.png</icon>
 			<fanart>resources/fanart.jpg</fanart>
			<screenshot>resources/screenshot-01.jpg</screenshot>
			<screenshot>resources/screenshot-02.jpg</screenshot>
			<screenshot>resources/screenshot-03.jpg</screenshot>
 		</assets>
  </extension>
</addon>