<?xml version="1.0" encoding="UTF-8" standalone="yes"?>
<addon id="repository.MG.Arabic" name="MG Arabic" version="0.0.4" provider-name="MG Arabic">
	<extension point="xbmc.addon.repository" name="MG Arabic">
		<info compressed="false">http://arabickodi.comli.com/Plugins/addons.xml</info>
		<checksum>http://arabickodi.comli.com/Plugins/addons.xml.md5</checksum>
		<datadir zip="true">http://arabickodi.comli.com/Plugins/</datadir>
	</extension>
	<requires>
    <import addon="plugin.video.freshstart" version="1.0.5"/>
	<import addon="plugin.video.MG.Wizard" />
  </requires>
	<extension point="xbmc.addon.metadata">
		<summary>http://mg.esy.es/Kodi/</summary>
		<description>MG Arabic v0.0.4</description>
		<platform>all</platform>
	</extension>
</addon>