﻿<?xml version="1.0" encoding="UTF-8"?>
<template>
    <other include="subpanels">
        <property name="id" tag="mainmenuid" />
        <property name="submenu_name" tag="property" attribute="name|submenuVisibility"/>
        <controls>
            <control type="group" id="$PYTHON[10+int($SKINSHORTCUTS[id])]000">
                <skinshortcuts>visibility</skinshortcuts>
                <include>Visible_Right_Delayed</include>
                <include name="HomeSubPanels">
                    <param name="button_id" value="$PYTHON[10+int($SKINSHORTCUTS[id])]888" />
                    <param name="grouplist_id" value="$PYTHON[10+int($SKINSHORTCUTS[id])]001" />
                    <param name="submenu_list" value="$PYTHON[10+int($SKINSHORTCUTS[id])]900" />
                    <param name="submenu_content" value="skinshortcuts-group-$SKINSHORTCUTS[submenu_name]" />
                    <param name="control_id0" value="$PYTHON[10+int($SKINSHORTCUTS[id])]" />
                </include>                    
            </control>
        </controls>
    </other>
</template>