<?xml version="1.0" encoding="UTF-8" standalone="yes"?>
<addon id="repository.istream" name="iSTREAM XBMC Addons Repository" version="10.4" provider-name="iSTREAM">
	<extension point="xbmc.addon.repository" name="iSTREAM">
		<info compressed="false">https://raw.githubusercontent.com/mucky-duck/istream/master/repo/addons.xml</info>
		<checksum>https://raw.githubusercontent.com/mucky-duck/istream/master/repo/addons.xml.md5</checksum>
		<datadir zip="true">https://raw.githubusercontent.com/mucky-duck/istream/master/repo/zips/</datadir>
	</extension>
	<extension point="xbmc.addon.metadata">
		<summary>iSTREAM XBMC Addons and Extensions</summary>
		<description>iSTREAM XBMC Addons and Extensions</description>
		<platform>all</platform>
	</extension>
</addon>