<?xml version="1.0" encoding="utf-8" ?><dwsync><file name=".DS_Store" server="ftp.offshoregit.com" local="3535850852" remote="318763443928769052" Dst="-1" /><file name="addon.xml" server="ftp.offshoregit.com" local="3535850859" remote="318763443928769052" Dst="-1" /><file name="changelog.txt" server="ftp.offshoregit.com" local="3535850888" remote="318763443928769052" Dst="-1" /><file name="default.py" server="ftp.offshoregit.com" local="3535823825" remote="318763443928769052" Dst="-1" /><file name="extract.py" server="ftp.offshoregit.com" local="3535823826" remote="318763443928769052" Dst="-1" /><file name="downloader.py" server="ftp.offshoregit.com" local="3535823825" remote="318763443928769052" Dst="-1" /><file name="icon.png" server="ftp.offshoregit.com" local="3535823826" remote="318763443928769052" Dst="-1" /><file name="fanart.jpg" server="ftp.offshoregit.com" local="3535823826" remote="318763443928769052" Dst="-1" /><file name="storageserverdummy.py" server="ftp.offshoregit.com" local="3535823826" remote="318763443928769172" Dst="-1" /><file name="tools.py" server="ftp.offshoregit.com" local="3535823826" remote="318763443928769172" Dst="-1" /></dwsync>