<addon id="plugin.program.MG.AR.wizard" name="[COLOR red][B]M[/B][/COLOR][COLOR red][B]G[/B][/COLOR][COLOR ghostwhite][B].[/B][/COLOR][COLOR dimgray][B]Arabic[/B][/COLOR][COLOR ghostwhite][B]Wizard[/B][/COLOR]" version="1.0.9" provider-name="MG.Arabic">
  <requires>
    <import addon="xbmc.python" version="2.1.0"/>
  </requires>
  <extension point="xbmc.python.pluginsource" library="default.py">
    <provides>executable</provides>
  </extension>
  <extension point="xbmc.service" library="startup.py" start="startup" />
  <extension point="xbmc.addon.metadata">
    <summary lang="en">MG.Arabic Wizard</summary>
    <description lang="en">MG.Arabic Wizard allows you to get access to the latest MG.Arabic Custom Builds and apks.</description>
    <platform>all</platform>
  </extension>
</addon>