<?xml version="1.0" encoding="UTF-8"?>
<addon
  id="plugin.video.movizland"
  version="1.0.8"
  name="MoviZland"
  provider-name="Made by mfaraj,opesboy,khldon">
 <requires>
        <import addon="xbmc.python" version="2.1.0" optional="true" />
		
       
		<import addon="script.module.addon.common" version="2.0.0" />
  </requires>
  <extension point="xbmc.python.pluginsource"
             library="default.py">
    <provides>video</provides>
  </extension>
  <extension point="xbmc.addon.metadata">
    <summary>fixed claudflare protection</summary>
    <description> MOVIES plugin, Arabic , Hollywood, European and Bollywood movies from movizland </description>
   
    <platform>all</platform>
  </extension>
</addon>
