<?xml version="1.0" encoding="UTF-8"?>
<!--suppress ALL -->
<addon id="plugin.video.saltshd.lite" version="2.0.136" name="Salts HD Lite" provider-name="tknorris">
    <requires>
        <import addon="xbmc.python" version="2.19.0"/>
        <import addon="script.module.urlresolver" version="3.0.0"/>
        <import addon="script.module.myconnpy" version="1.1.6" />
        <import addon="repository.xvbmc" version="4.0.1"/>
        <import addon="script.module.tknorris.shared" version="0.0.12"/>
        <import addon="script.module.image_cache" version="0.0.1" optional="true"/>
    </requires>
    <extension point="xbmc.python.pluginsource" library="default.py">
        <provides>video</provides>
    </extension>
     <extension point="xbmc.service" library="service.py" start="startup"/>
    <extension point="xbmc.addon.metadata">
        <summary>This is the mod version of Salts by Scott Marten</summary>
        <description>This is the mod/lite version of Salts by Scott Marten, no RD support in this addon</description>
        <platform>all</platform>
        <website>repository.xvbmc</website>
		<forum>https://www.facebook.com/groups/XvBMCnederland/</forum>
		<assets>
		  <icon>icon.png</icon>
		  <fanart>fanart.jpg</fanart>
		  <screenshot>resources/screenshots/screenshot1.png</screenshot>
          <screenshot>resources/screenshots/screenshot2.png</screenshot>
          <screenshot>resources/screenshots/screenshot3.png</screenshot>
          <screenshot>resources/screenshots/screenshot4.png</screenshot>
          <screenshot>resources/screenshots/screenshot5.png</screenshot>
		</assets>
	</extension>
</addon>
