<?xml version="1.0" encoding="UTF-8"?>
<addon id="plugin.audio.6arbyat"
       name="6arbyat"
       version="1.0.2"
       provider-name="Edit by-MG.Arabic">
   <requires>
        <import addon="xbmc.python" version="2.1.0"/>
        
        <import addon="script.module.addon.common" version="2.0.0" />
        
    </requires>
  <extension point="xbmc.python.pluginsource"
            library="default.py">
        <provides>video</provides>
  </extension>
  <extension point="xbmc.addon.metadata">
    <summary>Edit by-MG.Arabic http://mg.esy.es/Kodi/</summary>
    <description>arabic songs from 6arbyat.com</description>
    <platform>all</platform>
  </extension>
</addon>
