<?xml version="1.0" encoding="UTF-8" standalone="yes"?>
    <addon id="plugin.video.velocity" version="1.1.2" name="Velocity" provider-name="Blazetamer">
    <requires>
        <import addon="xbmc.python" version="2.1.0"/>
        <import addon="script.module.urlresolver"  version="2.1.2"/>
        <import addon="script.module.autoupdate" version="2.0.0" />

        
    </requires>
    <extension point="xbmc.python.pluginsource" library="default.py">
        <provides>video</provides>
    </extension>
    <extension point="xbmc.addon.metadata">
        <summary>Stream Videos from multiple sources</summary>
        <description>Stream Videos from multiple sources via Information obtained from Trakt.tv, and or your Trakt Account
        This addon is developed and supported at [COLOR blue]www.tvaddons.ag[/COLOR]
        </description>
        <disclaimer>All videos are hosted by 3rd parties. All content linked to from this addon is intended for space shifting, time shifting, format shifting, backup, fair use, public domain, and educational purposes only. You are responsible for ensuring you have the right to access any linked content.</disclaimer>
        <language>en</language>
        <platform>all</platform>
        <forum>https://forums.tvaddons.ag/blazetamer-s-repository/39658-velocity-20.html</forum>
        <website>https://offshoregit.com/Blazetamer/velocity.html</website>
        <assets>
		  <icon>icon.png</icon>
		  <fanart>fanart.jpg</fanart>
		  <screenshot>resources/screenshots/ScreenShot1.png</screenshot>
          <screenshot>resources/screenshots/ScreenShot2.png</screenshot>
          <screenshot>resources/screenshots/ScreenShot3.png</screenshot>
		</assets>
        <news>V1.1.2
                Improved Sourcing methods
                Removed Ability to Download
                Bug Fixes
                Added Screenshots to Info Pane
                Added News to Info Pane
                Added New Providers</news>
    </extension>
</addon>