<?xml version="1.0" encoding="UTF-8"?>
<addon
 id="plugin.audio.melody4arab"
  version="1.0.0"
 name="Melody4arab"
 provider-name="Dr laith Faraj">
 <requires>
        <import addon="xbmc.python" version="2.1.0" optional="true" />

        <import addon="script.module.addon.common"/>"
  </requires>
  <extension point="xbmc.python.pluginsource"
            library="default.py">
    <provides>video</provides>
  </extension>
  <extension point="xbmc.addon.metadata">
    <summary> melody4arab.net </summary>
    <description> melody  for arab </description>
   <platform>all</platform>
  </extension>
</addon>