<?xml version="1.0" encoding="UTF-8"?>
<addon
 id="plugin.video.drama2"
  version="1.0.0"
 name="drama2"
 provider-name="TSmedia Team">
 <requires>
        <import addon="xbmc.python" version="2.1.0" optional="true" />

        <import addon="script.module.addon.common"/>"
        <import addon="script.module.urlresolver"/>"
        
  </requires>
  <extension point="xbmc.python.pluginsource"
            library="default.py">
    <provides>video</provides>
  </extension>
  <extension point="xbmc.addon.metadata">
    <summary> drama2.tv </summary>
    <description> videos from drama2.tv </description>
   <platform>all</platform>
  </extension>
</addon>