<?xml version="1.0" encoding="UTF-8" standalone="yes"?>
<addon id="plugin.video.aljazeerachannel"
	name="Aljazeera channel"
	version="2.0.0"
	provider-name="by:mfaraj,opesboy,kldon">
  <requires>
    <import addon="xbmc.python" version="2.1.0"/>
    <import addon="plugin.video.youtube" />
  </requires>
  <extension point="xbmc.python.pluginsource" library="default.py">
    <provides>video</provides>
  </extension>
  <extension point="xbmc.addon.metadata">
    <summary lang="en">aljazeerachannel update 21/5/2015</summary>
    <description lang="en">aljazeerachannel movies  from youtube!</description>
    <platform>all</platform>
  </extension>
</addon>
