<?xml version="1.0" encoding="UTF-8"?>
    <addon id="repository.kaosbox2" name="KAOSbox Repo" version="5.0.2" provider-name="KAOSbox">
        <requires>
            <import addon="xbmc.addon" version="12.0.0"/>
        </requires>
        <extension point="xbmc.addon.repository" name="KAOSbox Repo">
            <info compressed="false">https://offshoregit.com/kaosbox/addons.xml</info>
            <checksum>https://offshoregit.com/kaosbox/addons.xml.md5</checksum>
            <datadir zip="true">https://offshoregit.com/kaosbox/zips/</datadir>
            <hashes>false</hashes>
        </extension>
        <extension point="xbmc.addon.metadata">
            <summary>Official New Repo for the KAOSbox (www.kaosbox.tv)</summary>
            <description>Download and install addons for the KAOSbox (www.kaosbox.tv)</description>
            <platform>all</platform>
    </extension>
</addon>