<?xml version="1.0" encoding="UTF-8"?>
<addon id="plugin.video.arabhd" version="1.0.4" name="ArabHD" provider-name="MG.Arabic">
  <requires>
        <import addon="xbmc.python" version="2.1.0" />
        <import addon="script.module.mg.arabic.common"/>
        <import addon="script.module.urlresolver" />
		<import addon="script.mrknow.urlresolver" />
		<import addon="script.module.requests" />
        <import addon="repository.MG.Arabic" />
  </requires>
  <extension point="xbmc.python.pluginsource" library="arabhd.py">
    <provides>video</provides>
  </extension>
  <extension point="xbmc.addon.metadata">
    <summary>MOVIES Arabic plugin from arabhd.co</summary>
    <description>MOVIES Arabic plugin from arabhd.co</description>
    <platform>all</platform>
	    <assets>
 			<icon>img/icon.png</icon>
 			<fanart>img/fanart.jpg</fanart>
			<screenshot>img/screenshot-01.jpg</screenshot>
			<screenshot>img/screenshot-02.jpg</screenshot>
			<screenshot>img/screenshot-03.jpg</screenshot>
 		</assets>
  </extension>
</addon>
