<?xml version="1.0" encoding="UTF-8"?>
<addon id="plugin.video.dailymotion" name="DailyMotion.com 4K" version="1.0.0" provider-name="AddonScriptorDE Fixed by Hybrid Donatello and Blade">
    <requires>
        <import addon="xbmc.python" version="2.1.0"/>
        <import addon="script.module.simple.downloader" version="0.9.4"/>
    </requires>
    <extension point="xbmc.python.pluginsource" library="default.py">
        <provides>video</provides>
    </extension>
    <extension point="xbmc.addon.metadata">
        <platform>all</platform>
        <summary lang="en">Movies, TV, Music, User-Clips, 3D and Livestreams</summary>
        <language></language>
        <description lang="en">Movies, TV, Music, User-Clips, 3D and Livestreams Fixed and Edited by Hybrid Donatello and Blade</description>
        <disclaimer lang="en">Some parts of this addon may not be legal in your country of residence - please check with your local laws before installing.</disclaimer>
        <website>http://www.dailymotion.com</website>
        <source>http://donatellokodi.blogspot.co.il</source>
        <forum>http://donatellokodi.blogspot.co.il</forum>
        <email>AddonScriptorDE at yahoo dot de</email>
    </extension>
</addon>
