<?xml version="1.0" encoding="UTF-8"?>
<addon id="plugin.video.arablionz" version="1.0.1" name="Arablionz" provider-name="MG Arabic">
  <requires>
        <import addon="xbmc.python" version="2.1.0"/>
        <import addon="script.module.addon.common"/>
        <import addon="script.module.urlresolver"/>
		<import addon="script.module.requests"/>
        <import addon="repository.MG.Arabic" />
    </requires>
  <extension point="xbmc.python.pluginsource"
             library="default.py">
    <provides>video</provides>
  </extension>
  <extension point="xbmc.addon.metadata">
    <summary>Movies and series from arablionz.tv</summary>
    <description>Movies and series from arablionz.tv</description>
   
    <platform>all</platform>
  </extension>
</addon>
