<?xml version="1.0" encoding="UTF-8" standalone="yes"?>
<addon id="script.module.mg.arabic.common" name="MG.Arabic Common Libraries" version="1.0.1" provider-name="MG.Arabic">
	<requires>
		<import addon="xbmc.python" version="2.1.0" />
	</requires>
	<extension point="xbmc.python.module" library="lib" />
	<extension point="xbmc.addon.metadata">
		<platform>all</platform>
		<summary lang="en">Collection of modules used by MG.Arabic  Addons</summary>
		<description lang="en">Collection of modules used by MG.Arabic  Addons
		</description>
		<license>GNU GENERAL PUBLIC LICENSE. Version 2, June 1991</license>
	</extension>
</addon>
