<?xml version="1.0" encoding="utf-8"?>
<includes>
    <include name="MediaMenuItemsCommon">
        <width>430</width>
        <textoffsetx>20</textoffsetx>
        <top>0</top>
        <height>70</height>
        <radioposx>330</radioposx>
        <textwidth>320</textwidth>
        <aligny>center</aligny>
        <textcolor>white</textcolor>
        <font>font12</font>
        <invalidcolor>invalid</invalidcolor>
        <texturefocus colordiffuse="$VAR[SkinColorVar]">lists/focus.png</texturefocus>
        <texturenofocus border="30">lists/separator.png</texturenofocus>
        <alttexturefocus colordiffuse="$VAR[SkinColorVar]">lists/focus.png</alttexturefocus>
        <alttexturenofocus border="30">lists/separator.png</alttexturenofocus>
    </include>
    <include name="PVRQuickNavItemsCommon">
        <param name="height">110</param>
        <definition>
            <control type="radiobutton" id="$PARAM[control_id]">
                <width>92</width>
                <height>95</height>
                <align>center</align>
                <aligny>center</aligny>
                <font></font>
                <texturefocus border="40" colordiffuse="$VAR[SkinColorVar]">buttons/button-fo.png</texturefocus>
                <texturenofocus border="40">buttons/button-nofo.png</texturenofocus>
                <radioposx>26</radioposx>
                <radioposy>0</radioposy>
                <radiowidth>38</radiowidth>
                <radioheight>38</radioheight>
                <textureradioonfocus>$PARAM[icon]</textureradioonfocus>
                <textureradioonnofocus>$PARAM[icon]</textureradioonnofocus>
                <textureradioofffocus>$PARAM[icon]</textureradioofffocus>
                <textureradiooffnofocus>$PARAM[icon]</textureradiooffnofocus>
                <textureradiooffdisabled colordiffuse="$VAR[SkinColorVar]">$PARAM[icon]</textureradiooffdisabled>
                <onclick condition="String.IsEmpty(Window.Property(IsRadio))">ActivateWindow(TV$PARAM[area])</onclick>
                <onclick condition="!String.IsEmpty(Window.Property(IsRadio))">ActivateWindow(Radio$PARAM[area])</onclick>
                <enable>!Window.IsActive(TV$PARAM[area]) + !Window.IsActive(Radio$PARAM[area])</enable>
            </control>
        </definition>
    </include>
    <include name="PVRSideBar">
        <param name="group_label2">$INFO[Control.GetLabel(29)]</param>
        <definition>
            <control type="button" id="28">
                <left>-1000</left>
                <label></label>
                <height>1</height>
            </control>
            <control type="grouplist" id="9000">
                <top>90</top>
                <left>0</left>
                <width>430</width>
                <height>100%</height>
                <onleft>9000</onleft>
                <onup>9000</onup>
                <onright condition="!Window.IsActive(MyPVRGuide.xml)">50</onright>
				<onright condition="Window.IsActive(MyPVRGuide.xml) + Control.IsVisible(10)">10</onright>
				<onright condition="Window.IsActive(MyPVRGuide.xml) + Control.IsVisible(11)">11</onright>
				<onright condition="Window.IsActive(MyPVRGuide.xml) + Control.IsVisible(12)">12</onright>
				<onright condition="Window.IsActive(MyPVRGuide.xml) + Control.IsVisible(13)">13</onright>
                <ondown>14100</ondown>
                <onback>50</onback>
                <defaultcontrol>6054</defaultcontrol>
                <control type="group" id="60520">
                    <height>50</height>
                    <control type="label">
                        <include>MediaMenuLabelCommon</include>
                        <label>$LOCALIZE[31063]</label>
                    </control>
                    <control type="label">
                        <width>430</width>
                        <textoffsetx>20</textoffsetx>
                        <textoffsety>15</textoffsety>
                        <height>50</height>
                        <font>font12</font>
                        <align>right</align>
                        <aligny>top</aligny>
                        <textcolor>grey</textcolor>
                        <label>$VAR[PVRAreaVar]</label>
                    </control>
                </control>
                <control type="group" id="60560">
                    <height>95</height>
                    <control type="grouplist" id="6056">
                        <orientation>horizontal</orientation>
                        <itemgap>-24</itemgap>
                        <left>5</left>
                        <height>95</height>
                        <onleft>6056</onleft>
                        <onright condition="!Window.IsActive(MyPVRGuide.xml)">50</onright>
						<onright condition="Window.IsActive(MyPVRGuide.xml) + Control.IsVisible(10)">10</onright>
						<onright condition="Window.IsActive(MyPVRGuide.xml) + Control.IsVisible(11)">11</onright>
						<onright condition="Window.IsActive(MyPVRGuide.xml) + Control.IsVisible(12)">12</onright>
						<onright condition="Window.IsActive(MyPVRGuide.xml) + Control.IsVisible(13)">13</onright>
                        <onup>14100</onup>
                        <ondown>6054</ondown>
                        <width>1000</width>
                        <include content="PVRQuickNavItemsCommon">
                            <param name="control_id" value="100" />
                            <param name="area" value="Channels" />
                            <param name="icon" value="icons/submenu/channels.png" />
                        </include>
                        <include content="PVRQuickNavItemsCommon">
                            <param name="control_id" value="101" />
                            <param name="area" value="Guide" />
                            <param name="icon" value="icons/submenu/guide.png" />
                        </include>
                        <include content="PVRQuickNavItemsCommon">
                            <param name="control_id" value="102" />
                            <param name="area" value="Recordings" />
                            <param name="icon" value="icons/submenu/recordings.png" />
                        </include>
                        <include content="PVRQuickNavItemsCommon">
                            <param name="control_id" value="103" />
                            <param name="area" value="Timers" />
                            <param name="icon" value="icons/submenu/timers.png" />
                        </include>
                        <include content="PVRQuickNavItemsCommon">
                            <param name="control_id" value="104" />
                            <param name="area" value="TimerRules" />
                            <param name="icon" value="icons/submenu/timer-rules.png" />
                        </include>
                        <include content="PVRQuickNavItemsCommon">
                            <param name="control_id" value="105" />
                            <param name="area" value="Search" />
                            <param name="icon" value="icons/submenu/tv-search.png" />
                        </include>
                    </control>
                </control>
                <control type="label" id="200">
                    <include>MediaMenuLabelCommon</include>
                    <label>$LOCALIZE[14018]</label>
                </control>
                <control type="button" id="6054">
                    <include>MediaMenuItemsCommon</include>
                    <label>$LOCALIZE[19141]</label>
                    <label2>$PARAM[group_label2]</label2>
                    <onclick>SendClick(28)</onclick>
                    <visible>Window.IsActive(MyPVRChannels.xml) | Window.IsActive(MyPVRGuide.xml)</visible>
                </control>
                <control type="radiobutton" id="6060">
                    <include>MediaMenuItemsCommon</include>
                    <label>$LOCALIZE[31127]</label>
                    <selected>Skin.HasSetting(pvr_iconlist)</selected>
                    <onclick>Skin.ToggleSetting(pvr_iconlist)</onclick>
                    <visible>Window.IsActive(MyPVRChannels.xml)</visible>
                </control>
                <control type="button" id="6053">
                    <include>MediaMenuItemsCommon</include>
                    <label>$LOCALIZE[31022]</label>
                    <label2>$INFO[Container.SortMethod]</label2>
                    <onclick>Container.NextSortMethod</onclick>
                    <visible>!Window.IsActive(MyPVRGuide.xml)</visible>
                </control>
                <control type="button" id="6055">
                    <include>MediaMenuItemsCommon</include>
                    <label>$LOCALIZE[31032]</label>
                    <label2>$INFO[Container.SortOrder]</label2>
                    <onclick>Container.SetSortDirection</onclick>
                    <visible>!Window.IsActive(MyPVRGuide.xml)</visible>
                </control>
                <control type="label" id="300">
                    <label>$LOCALIZE[31021]</label>
                    <include>MediaMenuLabelCommon</include>
                    <visible>Control.IsVisible(31) |Control.IsVisible(5) |Control.IsVisible(6) |Control.IsVisible(7) |Control.IsVisible(8)</visible>
                </control>
                <control type="radiobutton" id="31">
                    <include>MediaMenuItemsCommon</include>
                    <label>$LOCALIZE[587]</label>
                    <selected>Container.Filtered</selected>
                    <onclick>right</onclick>
                    <visible>Window.IsActive(MyPVRChannels.xml)</visible>
                </control>
                <control type="radiobutton" id="5">
                    <description>Group recording items by folder structure</description>
                    <include>MediaMenuItemsCommon</include>
                    <label>$LOCALIZE[19270]</label>
                    <visible>Window.IsActive(MyPVRRecordings.xml)</visible>
                </control>
                <control type="radiobutton" id="6">
                    <description>Show hidden channels</description>
                    <include>MediaMenuItemsCommon</include>
                    <label>$LOCALIZE[19051]</label>
                    <visible>Window.IsActive(MyPVRChannels.xml)</visible>
                </control>
                <control type="radiobutton" id="7">
                    <description>Show deleted recordings</description>
                    <include>MediaMenuItemsCommon</include>
                    <label>$LOCALIZE[19184]</label>
                    <visible>Window.IsActive(MyPVRRecordings.xml)</visible>
                </control>
                <control type="radiobutton" id="8">
                    <description>Hide disabled timers</description>
                    <include>MediaMenuItemsCommon</include>
                    <label>$LOCALIZE[19077]</label>
                    <visible>Window.IsActive(MyPVRTimers.xml)</visible>
                </control>
                <control type="group" id="141000">
                    <control type="grouplist" id="14100">
                        <animation effect="fade" start="0" end="100" time="400">WindowOpen</animation>
                        <animation effect="fade" start="100" end="0" time="300">WindowClose</animation>
                        <animation effect="fade" time="300">VisibleChange</animation>
                        <orientation>horizontal</orientation>
                        <itemgap>-17</itemgap>
                        <left>5</left>
                        <onleft>14100</onleft>
                        <onup>8</onup>
                        <ondown>6056</ondown>
                        <visible>Player.HasMedia + [$EXP[sidebar_focused]]</visible>
                        <visible>!System.HasModalDialog</visible>
                        <include content="BottomMainMenuItem">
                            <param name="control_id" value="14101" />
                            <param name="height" value="95" />
                            <param name="onclick" value="Pause" />
                            <param name="icon" value="icons/now-playing/pause.png" />
                        </include>
                        <include content="BottomMainMenuItem">
                            <param name="control_id" value="14102" />
                            <param name="height" value="95" />
                            <param name="onclick" value="Stop" />
                            <param name="icon" value="icons/now-playing/stop.png" />
                        </include>
                        <include content="BottomMainMenuItem">
                            <param name="control_id" value="14104" />
                            <param name="height" value="95" />
                            <param name="onclick" value="PlayerControl(Next)" />
                            <param name="icon" value="icons/now-playing/next.png" />
                        </include>
                        <include content="BottomMainMenuItem">
                            <param name="control_id" value="14105" />
                            <param name="height" value="95" />
                            <param name="onclick" value="Fullscreen" />
                            <param name="icon" value="icons/now-playing/fullscreen.png" />
                        </include>
                    </control>
                </control>
            </control>
        </definition>
    </include>
    <include name="MediaMenuLabelCommon">
        <width>430</width>
        <textoffsetx>20</textoffsetx>
        <textoffsety>15</textoffsety>
        <height>50</height>
        <radioposx>300</radioposx>
        <font>font12_title</font>
        <align>left</align>
        <aligny>top</aligny>
        <textcolor>$VAR[SkinColorVar]</textcolor>
    </include>
    <include name="MediaMenuCommon">
        <include>OpenClose_Left</include>
        <depth>DepthSideBlade</depth>
        <left>-484</left>
 		<animation type="Conditional" condition="$EXP[sidebar_focused]" reversible="true">
            <effect type="fade" start="0" end="100" time="300" tween="sine" easing="out" />
            <effect type="slide" start="0" end="484" time="400" tween="cubic" easing="out" />
        </animation>
        <control type="image">
            <left>0</left>
            <top>78</top>
            <width>484</width>
            <height>922</height>
            <texture>lists/panel.png</texture>
            <visible>![String.IsEqual(Skin.String(HideBars.label),$LOCALIZE[40069]) + [Container.Content(movies) | Container.Content(sets) | Container.Content(tvshows) | Container.Content(seasons) | Container.Content(episodes) | Container.Content(albums) | Container.Content(artists) | Container.Content(songs) | Container.Content(musicvideos)]]</visible>
            <visible>!String.IsEqual(Skin.String(HideBars.label),$LOCALIZE[40070])</visible>
        </control>
        <control type="image">
            <left>0</left>
            <top>0</top>
            <width>484</width>
            <height>100%</height>
            <texture>lists/panel.png</texture>
            <visible>[String.IsEqual(Skin.String(HideBars.label),$LOCALIZE[40069]) + [Container.Content(movies) | Container.Content(sets) | Container.Content(tvshows) | Container.Content(seasons) | Container.Content(episodes) | Container.Content(albums) | Container.Content(artists) | Container.Content(songs) | Container.Content(musicvideos)]] | String.IsEqual(Skin.String(HideBars.label),$LOCALIZE[40070])</visible>
        </control>
        <control type="group">
            <visible>[String.IsEqual(Skin.String(HideBars.label),$LOCALIZE[40069]) + [Container.Content(movies) | Container.Content(sets) | Container.Content(tvshows) | Container.Content(seasons) | Container.Content(episodes) | Container.Content(albums) | Container.Content(artists) | Container.Content(songs) | Container.Content(musicvideos)]]</visible>
            <control type="image">
                <animation effect="fade" start="0" end="100" time="300">WindowOpen</animation>
                <animation effect="fade" start="100" end="0" time="200">WindowClose</animation>
                <left>20</left>
                <top>25</top>
                <aspectratio>keep</aspectratio>
                <width>56</width>
                <height>56</height>
                <texture colordiffuse="$VAR[SkinColorVar]">icons/logo.png</texture>
            </control>
            <control type="image">
                <animation effect="fade" start="0" end="100" time="300">WindowOpen</animation>
                <animation effect="fade" start="100" end="0" time="200">WindowClose</animation>
                <left>56</left>
                <top>35</top>
                <aspectratio>keep</aspectratio>
                <width>192</width>
                <height>36</height>
                <texture>icons/logo-text.png</texture>
            </control>
        </control>
        <control type="image">
            <left>0</left>
            <bottom>90</bottom>
            <width>430</width>
            <height>100</height>
            <texture>dialogs/logo.png</texture>
        </control>
        <control type="button" id="3">
            <description>Viewtype Toggle</description>
            <include>HiddenObject</include>
        </control>
        <control type="button" id="4">
            <description>Order Toggle</description>
            <include>HiddenObject</include>
        </control>
    </include>
    <include name="MediaMenuNowPlaying">
        <control type="grouplist" id="14100">
            <animation effect="fade" start="0" end="100" time="400">WindowOpen</animation>
            <animation effect="fade" start="100" end="0" time="300">WindowClose</animation>
            <animation effect="fade" time="300">VisibleChange</animation>
            <orientation>horizontal</orientation>
            <itemgap>-17</itemgap>
            <left>5</left>
            <onleft>14100</onleft>
            <visible>Player.HasMedia + [$EXP[sidebar_focused]]</visible>
            <visible>!System.HasModalDialog</visible>
            <control type="radiobutton" id="14101">
                <width>118</width>
                <height>95</height>
                <align>center</align>
                <aligny>center</aligny>
                <selected>Player.Paused</selected>
                <onclick>PlayerControl(Play)</onclick>
                <font></font>
                <texturefocus border="40" colordiffuse="$VAR[SkinColorVar]">buttons/button-fo.png</texturefocus>
                <texturenofocus border="40">buttons/button-nofo.png</texturenofocus>
                <radioposx>39</radioposx>
                <radioposy>0</radioposy>
                <radiowidth>40</radiowidth>
                <radioheight>40</radioheight>
                <textureradioonfocus>icons/now-playing/play.png</textureradioonfocus>
                <textureradioonnofocus>icons/now-playing/play.png</textureradioonnofocus>
                <textureradioofffocus>icons/now-playing/pause.png</textureradioofffocus>
                <textureradiooffnofocus>icons/now-playing/pause.png</textureradiooffnofocus>
            </control>
            <include content="BottomMainMenuItem">
                <param name="control_id" value="14102" />
                <param name="height" value="95" />
                <param name="onclick" value="Stop" />
                <param name="icon" value="icons/now-playing/stop.png" />
            </include>
            <include content="BottomMainMenuItem">
                <param name="control_id" value="14104" />
                <param name="height" value="95" />
                <param name="onclick" value="Next" />
                <param name="icon" value="icons/now-playing/next.png" />
            </include>
            <include content="BottomMainMenuItem">
                <param name="control_id" value="14105" />
                <param name="height" value="95" />
                <param name="onclick" value="Fullscreen" />
                <param name="icon" value="icons/now-playing/fullscreen.png" />
            </include>
        </control>
    </include>
    <include name="MediaMenuListCommon">
        <definition>
            <left>0</left>
            <top>100</top>
            <width>430</width>
            <height>100%</height>
            <onleft>9000</onleft>
            <onup>9000</onup>
            <onright>50</onright>
            <ondown>9000</ondown>
            <onback>50</onback>
            <control type="label" id="200">
                <include>MediaMenuLabelCommon</include>
                <label>$LOCALIZE[14018]</label>
            </control>
            <control type="button" id="6051">
                <include>MediaMenuItemsCommon</include>
                <label>$LOCALIZE[31023]</label>
                <label2>$INFO[Container.Viewmode]</label2>
                <enable>Integer.IsGreater(Container.ViewCount,1)</enable>
                <onclick>Container.NextViewMode</onclick>
            </control>
            <control type="button" id="6053">
                <include>MediaMenuItemsCommon</include>
                <label>$LOCALIZE[31022]</label>
                <label2>$INFO[Container.SortMethod]</label2>
                <visible>Control.IsEnabled(3)</visible>
                <onclick>SendClick(3)</onclick>
            </control>
            <control type="button" id="6052">
                <include>MediaMenuItemsCommon</include>
                <label>$LOCALIZE[31032]</label>
                <label2>$INFO[Container.SortOrder]</label2>
                <visible>Control.IsEnabled(4)</visible>
                <onclick>SendClick(4)</onclick>
            </control>
            <control type="edit" id="19">
                <visible>Container.CanFilter + !Container.CanFilterAdvanced</visible>
                <visible>!Container.Content()</visible>
                <textwidth>395</textwidth>
                <include>MediaMenuItemsCommon</include>
                <label>$LOCALIZE[137]</label>
            </control>
            <control type="radiobutton" id="199">
                <visible>Container.CanFilterAdvanced</visible>
                <include>MediaMenuItemsCommon</include>
                <label>$LOCALIZE[587]</label>
                <selected>Container.Filtered</selected>
                <onclick>right</onclick>
                <onclick>Filter</onclick>
            </control>
        </definition>
    </include>
    <include name="MediaMenuMouseOverlay">
        <control type="button" id="6130">
            <label></label>
            <height>100%</height>
            <width>50</width>
            <left>-50</left>
            <top>0</top>
            <texturefocus></texturefocus>
            <texturenofocus></texturenofocus>
        </control>
    </include>
</includes>