<?xml version="1.0" encoding="UTF-8"?>
<addon id="skin.mg.estuary-extented-s" version="0.8.5.064" name="MG Estuary Extented" provider-name="phil65, Piers, YLLOW_DRAGON, MG.Arabic">
	<requires>
		<import addon="xbmc.gui" version="5.10.0"/>
		<import addon="script.pvr.favourites" version="1.0.7"/>
        <import addon="script.skinshortcuts" version="1.0.10"/>
        <import addon="script.skin.helper.service" version="1.0.10"/>
	</requires>
	<extension point="xbmc.gui.skin" debugging="false">
		<res width="1920" height="1080" aspect="16:9" default="false" folder="1080i" />
		<res width="2560" height="1080" aspect="21:9" default="false" folder="1080i" />
	</extension>
	<extension point="xbmc.addon.metadata">

		<platform>all</platform>
		<license>CC BY-SA 4.0, GNU GENERAL PUBLIC LICENSE Version 2.0</license>
		<forum>http://forum.kodi.tv/</forum>
		<email>nkvoronov@gmail.com</email>
		<source>https://github.com/nkvoronov/skin.estuary-extented.git</source>
	</extension>
</addon>
