<?xml version="1.0" encoding="UTF-8" standalone="yes"?>
<addon id="repository.MG.Arabic" name="..[COLOR red] MG Arabic[/COLOR]" version="3.0.4" provider-name="[COLOR red] MG Arabic[/COLOR]">
	<extension point="xbmc.addon.repository" name="MG Arabic repository">	
	<dir>
		<info compressed="false">https://github.com/Yaser7440/repository.MG.Arabic/raw/master/addons.xml</info>
		<checksum>https://github.com/Yaser7440/repository.MG.Arabic/raw/master/addons.xml.md5</checksum>
		<datadir zip="true">https://github.com/Yaser7440/repository.MG.Arabic/raw/master/zip/</datadir>
	</dir>		

	<dir>
		<info compressed="false">https://github.com/tvaddonsco/tva-resolvers-repo/raw/master/addons.xml</info>
		<checksum>https://github.com/tvaddonsco/tva-resolvers-repo/raw/master/addons.xml.md5</checksum>
		<datadir zip="true">https://github.com/tvaddonsco/tva-resolvers-repo/raw/master/zips/</datadir>
	</dir>
	<dir>
        <info compressed="false">https://github.com/kodibae/repository.kodibae/raw/master/addons.xml</info>
        <checksum>https://github.com/kodibae/repository.kodibae/raw/master/addons.xml.md5</checksum>
        <datadir zip="true">https://github.com/kodibae/repository.kodibae/raw/master/</datadir>	
	</dir>
    <dir>
		<info compressed="false">https://github.com/nrwzum/freelance/raw/master/fun-stuff/addons.xml</info>
		<checksum>https://github.com/nrwzum/freelance/raw/master/fun-stuff/addons.xml.md5</checksum>
		<datadir zip="true">https://github.com/nrwzum/freelance/raw/master/fun-stuff/</datadir>
    </dir>
    <dir>
		<info compressed="false">https://github.com/bridgegirl/lonelycode/raw/master/puffpuffpass/addons.xml</info>
		<checksum>https://github.com/bridgegirl/lonelycode/raw/master/puffpuffpass/addons.xml.md5</checksum>
		<datadir zip="true">https://github.com/bridgegirl/lonelycode/raw/master/puffpuffpass/</datadir>
    </dir>
    <dir>
		<info compressed="false">https://github.com/bradonfire/winnerwinnerchickendinner/raw/master/reference-work/addons.xml</info>
		<checksum>https://github.com/bradonfire/winnerwinnerchickendinner/raw/master/reference-work/addons.xml.md5</checksum>
		<datadir zip="true">https://github.com/bradonfire/winnerwinnerchickendinner/raw/master/reference-work/</datadir>
    </dir>
	</extension>
	<extension point="xbmc.addon.metadata">
		<summary lang="ar">MG Arabic repository</summary>
		<description lang="ar">MG Arabic repository</description>
		<platform>all</platform>
		<forum>https://github.com/Yaser7440/repository.MG.Arabic</forum>
        <website>https://github.com/Yaser7440/repository.MG.Arabic</website>
	</extension>
</addon>