<streamingInfos>


<streaminginfo><cname>Attasi3a</cname><item><title></title><link>http://karimos-sat.com:8085/attassia_tv/index.m3u8?token=$KARLOGINCODE$</link></item></streaminginfo>
<streaminginfo><cname>Maghreb24</cname><item><title></title><link>http://karimos-sat.com:8085/maghreb-24/index.m3u8?token=$KARLOGINCODE$</link></item></streaminginfo>
<streaminginfo><cname>Samira Tv</cname><item><title></title><link>http://karimos-sat.com:8085/SAMIRA_TV/index.m3u8?token=$KARLOGINCODE$</link></item></streaminginfo>
<streaminginfo><cname>Al Hiwar Ettounsi</cname><item><title></title><link>http://karimos-sat.com:8085/Alhiwar/index.m3u8?token=$KARLOGINCODE$</link></item></streaminginfo>
<streaminginfo><cname>Tunisia national 1</cname><item><title></title><link>http://karimos-sat.com:8085/Watania1/index.m3u8?token=$KARLOGINCODE$</link></item></streaminginfo>
<streaminginfo><cname>Tunisia national 2</cname><item><title></title><link>http://karimos-sat.com:8085/Watania2/index.m3u8?token=$KARLOGINCODE$</link></item></streaminginfo>
<streaminginfo><cname>Nessma</cname><item><title></title><link>http://karimos-sat.com:8085/Nessma/index.m3u8?token=$KARLOGINCODE$</link></item></streaminginfo>
<streaminginfo><cname>Hanibal</cname><item><title></title><link>http://karimos-sat.com:8085/Hannibal/index.m3u8?token=$KARLOGINCODE$</link></item></streaminginfo>
<streaminginfo><cname>Zaitouna</cname><item><title></title><link>http://karimos-sat.com:8085/Zaitouna/index.m3u8?token=$KARLOGINCODE$</link></item></streaminginfo>
<streaminginfo><cname>Telvza TV</cname><item><title></title><link>http://karimos-sat.com:8085/Telvza/index.m3u8?token=$KARLOGINCODE$</link></item></streaminginfo>
<streaminginfo><cname>First TV</cname><item><title></title><link>http://karimos-sat.com:8085/TNFirst/index.m3u8?token=$KARLOGINCODE$</link></item></streaminginfo>
<streaminginfo><cname>Al Mutawasit</cname><item><title></title><link>http://karimos-sat.com:8085/al_mutawasit/index.m3u8?token=$KARLOGINCODE$</link></item></streaminginfo>
<streaminginfo><cname>TNN</cname><item><title></title><link>http://karimos-sat.com:8085/TNN/index.m3u8?token=$KARLOGINCODE$</link></item></streaminginfo>

<streaminginfo><cname>OSN Movies Comedy</cname><item><title></title><link>http://karimos-sat.com:8085/COMEDY/index.m3u8?token=$KARLOGINCODE$</link></item></streaminginfo>
<streaminginfo><cname>OSN Movies Drama</cname><item><title></title><link>http://karimos-sat.com:8085/DRAMA/index.m3u8?token=$KARLOGINCODE$</link></item></streaminginfo>
<streaminginfo><cname>OSN Movies HD +2</cname><item><title></title><link>http://karimos-sat.com:8085/MOVIES/index.m3u8?token=$KARLOGINCODE$</link></item></streaminginfo>
<streaminginfo><cname>OSN Movies Premiere HD</cname><item><title></title><link>http://karimos-sat.com:8085/MOVIES+2/index.m3u8?token=$KARLOGINCODE$</link></item></streaminginfo>
<streaminginfo><cname>OSN Movies Action HD</cname><item><title></title><link>http://karimos-sat.com:8085/osn1/index.m3u8?token=$KARLOGINCODE$</link></item></streaminginfo>
<streaminginfo><cname>OSN First HD</cname><item><title></title><link>http://karimos-sat.com:8085/0SN2/index.m3u8?token=$KARLOGINCODE$</link></item></streaminginfo>
<streaminginfo><cname>OSN Yahala HD</cname><item><title></title><link>http://karimos-sat.com:8085/YAHALA-hd/index.m3u8?token=$KARLOGINCODE$</link></item></streaminginfo>
<streaminginfo><cname>OSN Ya Hala +2</cname><item><title></title><link>http://karimos-sat.com:8085/YAHALA2/index.m3u8?token=$KARLOGINCODE$</link></item></streaminginfo>
<streaminginfo><cname>OSN Ya Hala Shabab HD</cname><item><title></title><link>http://karimos-sat.com:8085/YAHALA_SHABAB/index.m3u8?token=$KARLOGINCODE$</link></item></streaminginfo>
<streaminginfo><cname>OSN Yahala Drama</cname><item><title></title><link>http://karimos-sat.com:8085/YAHAlA_DRAMA/index.m3u8?token=$KARLOGINCODE$</link></item></streaminginfo>
<streaminginfo><cname>MBC Drama Plus</cname><item><title></title><link>http://karimos-sat.com:8085/MBC+drama/index.m3u8?token=$KARLOGINCODE$</link></item></streaminginfo>
<streaminginfo><cname>Orbit Cinema 1</cname><item><title></title><link>http://karimos-sat.com:8085/osn_ORBIT1/index.m3u8?token=$KARLOGINCODE$</link></item></streaminginfo>
<streaminginfo><cname>Orbit Cinema 2</cname><item><title></title><link>http://karimos-sat.com:8085/osn_ORBIT2/index.m3u8?token=$KARLOGINCODE$</link></item></streaminginfo>

<streaminginfo><cname>Art Aflam 1</cname><item><title></title><link>http://karimos-sat.com:8085/ART_AFLAM1/index.m3u8?token=$KARLOGINCODE$</link></item></streaminginfo>
<streaminginfo><cname>Art Aflam 2</cname><item><title></title><link>http://karimos-sat.com:8085/ART_AFLAM2/index.m3u8?token=$KARLOGINCODE$</link></item></streaminginfo>
<streaminginfo><cname>ART Cinema</cname><item><title></title><link>http://karimos-sat.com:8085/ART_CINEMA/index.m3u8?token=$KARLOGINCODE$</link></item></streaminginfo>
<streaminginfo><cname>ART Hekayat 2</cname><item><title></title><link>http://karimos-sat.com:8085/ART_Hikayat_2/index.m3u8?token=$KARLOGINCODE$</link></item></streaminginfo>
<streaminginfo><cname>ART Hekayat</cname><item><title></title><link>http://karimos-sat.com:8085/ART_Hikayat_1/index.m3u8?token=$KARLOGINCODE$</link></item></streaminginfo>

<streaminginfo><cname>Bein Sport 1</cname><item><title></title><link>http://karimos-sat.com:8085/Bein1HD/index.m3u8?token=$KARLOGINCODE$</link></item></streaminginfo>
<streaminginfo><cname>Bein Sport 2</cname><item><title></title><link>http://karimos-sat.com:8085/Bein2HD/index.m3u8?token=$KARLOGINCODE$</link></item></streaminginfo>
<streaminginfo><cname>Bein Sport 3</cname><item><title></title><link>http://karimos-sat.com:8085/Bein3HD/index.m3u8?token=$KARLOGINCODE$</link></item></streaminginfo>
<streaminginfo><cname>Bein Sport 4</cname><item><title></title><link>http://karimos-sat.com:8085/Bein4HD/index.m3u8?token=$KARLOGINCODE$</link></item></streaminginfo>
<streaminginfo><cname>Bein Sport 5</cname><item><title></title><link>http://karimos-sat.com:8085/Bein5HD/index.m3u8?token=$KARLOGINCODE$</link></item></streaminginfo>
<streaminginfo><cname>Bein Sport 6</cname><item><title></title><link>http://karimos-sat.com:8085/Bein6HD/index.m3u8?token=$KARLOGINCODE$</link></item></streaminginfo>
<streaminginfo><cname>Bein Sport 7</cname><item><title></title><link>http://karimos-sat.com:8085/Bein7HD/index.m3u8?token=$KARLOGINCODE$</link></item></streaminginfo>
<streaminginfo><cname>Bein Sport 8</cname><item><title></title><link>http://karimos-sat.com:8085/Bein8HD/index.m3u8?token=$KARLOGINCODE$</link></item></streaminginfo>
<streaminginfo><cname>Bein Sport 9</cname><item><title></title><link>http://karimos-sat.com:8085/Bein9HD/index.m3u8?token=$KARLOGINCODE$</link></item></streaminginfo>
<streaminginfo><cname>Bein Sport 10</cname><item><title></title><link>http://karimos-sat.com:8085/Bein10HD/index.m3u8?token=$KARLOGINCODE$</link></item></streaminginfo>


<streaminginfo><cname>Bein 1 FR</cname><item><title></title><link>http://karimos-sat.com:8085/Bien_Sport_1_fr/index.m3u8?token=$KARLOGINCODE$</link></item></streaminginfo>
<streaminginfo><cname>Bein 2 FR</cname><item><title></title><link>http://karimos-sat.com:8085/Bien_Sport_2_fr/index.m3u8?token=$KARLOGINCODE$</link></item></streaminginfo>
<streaminginfo><cname>Bein 3 FR</cname><item><title></title><link>http://karimos-sat.com:8085/Bien_Sport_3_fr/index.m3u8?token=$KARLOGINCODE$</link></item></streaminginfo>

<streaminginfo><cname>FRANCE 2</cname><item><title></title><link>http://karimos-sat.com:8085/FRANCE2/index.m3u8?token=$KARLOGINCODE$</link></item></streaminginfo>
<streaminginfo><cname>FRANCE 3</cname><item><title></title><link>http://karimos-sat.com:8085/FRANCE3/index.m3u8?token=$KARLOGINCODE$</link></item></streaminginfo>
<streaminginfo><cname>FRANCE 4</cname><item><title></title><link>http://karimos-sat.com:8085/FRANCE4/index.m3u8?token=$KARLOGINCODE$</link></item></streaminginfo>
<streaminginfo><cname>FRANCE 5</cname><item><title></title><link>http://karimos-sat.com:8085/FRANCE5/index.m3u8?token=$KARLOGINCODE$</link></item></streaminginfo>
<streaminginfo><cname>TF1</cname><item><title></title><link>http://karimos-sat.com:8085/TF1/index.m3u8?token=$KARLOGINCODE$</link></item></streaminginfo>
<streaminginfo><cname>RTL 9</cname><item><title></title><link>http://karimos-sat.com:8085/rtl9/index.m3u8?token=$KARLOGINCODE$</link></item></streaminginfo>
<streaminginfo><cname>D8</cname><item><title></title><link>http://karimos-sat.com:8085/D8/index.m3u8?token=$KARLOGINCODE$</link></item></streaminginfo>
<streaminginfo><cname>Animaux</cname><item><title></title><link>http://karimos-sat.com:8085/Annimaux_fr/index.m3u8?token=$KARLOGINCODE$</link></item></streaminginfo>
<streaminginfo><cname>Cine plus Premier</cname><item><title></title><link>http://karimos-sat.com:8085/CINE+PREMIER/index.m3u8?token=$KARLOGINCODE$</link></item></streaminginfo>
<streaminginfo><cname>Cine Plus Frisson</cname><item><title></title><link>http://karimos-sat.com:8085/CINE+FRISSON/index.m3u8?token=$KARLOGINCODE$</link></item></streaminginfo>
<streaminginfo><cname>Cine Emotion</cname><item><title></title><link>http://karimos-sat.com:8085/CINE+EMOTION/index.m3u8?token=$KARLOGINCODE$</link></item></streaminginfo>
<streaminginfo><cname>Cine Classic</cname><item><title></title><link>http://karimos-sat.com:8085/CINE+CLASSIC/index.m3u8?token=$KARLOGINCODE$</link></item></streaminginfo>
<streaminginfo><cname>Chasse_et_peche</cname><item><title></title><link>http://karimos-sat.com:8085/Chasse_peche_fr/index.m3u8?token=$KARLOGINCODE$</link></item></streaminginfo>


<streaminginfo><cname>M6</cname><item><title></title><link>http://karimos-sat.com:8085/M6/index.m3u8?token=$KARLOGINCODE$</link></item></streaminginfo>
<streaminginfo><cname>Canal plus</cname><item><title></title><link>http://karimos-sat.com:8085/Canal+/index.m3u8?token=$KARLOGINCODE$</link></item></streaminginfo>
<streaminginfo><cname>Canal Cinema</cname><item><title></title><link>http://karimos-sat.com:8085/Canal+_CINEMA/index.m3u8?token=$KARLOGINCODE$</link></item></streaminginfo>
<streaminginfo><cname>Canal Plus Series</cname><item><title></title><link>http://karimos-sat.com:8085/CANAL+_SERIES/index.m3u8?token=$KARLOGINCODE$</link></item></streaminginfo>
<streaminginfo><cname>Canal Plus Family</cname><item><title></title><link>http://karimos-sat.com:8085/CANAL+_FAMILY/index.m3u8?token=$KARLOGINCODE$</link></item></streaminginfo>
<streaminginfo><cname>Canal Plus Decale</cname><item><title></title><link>http://karimos-sat.com:8085/CANAL+_DECALE/index.m3u8?token=$KARLOGINCODE$</link></item></streaminginfo>
<streaminginfo><cname>M6 Music</cname><item><title></title><link>http://karimos-sat.com:8085/M6_Music/index.m3u8?token=$KARLOGINCODE$</link></item></streaminginfo>

<streaminginfo><cname>M6 Music</cname><item><title></title><link>http://karimos-sat.com:8085/M6_Music/index.m3u8?token=$KARLOGINCODE$</link></item></streaminginfo>
<streaminginfo><cname>M6 Music</cname><item><title></title><link>http://karimos-sat.com:8085/M6_Music/index.m3u8?token=$KARLOGINCODE$</link></item></streaminginfo>
<streaminginfo><cname>M6 Music</cname><item><title></title><link>http://karimos-sat.com:8085/M6_Music/index.m3u8?token=$KARLOGINCODE$</link></item></streaminginfo>


<streaminginfo><cname>MBC 1</cname><item><title></title><link>http://karimos-sat.com:8085/MBC1/index.m3u8?token=$KARLOGINCODE$</link></item></streaminginfo>
<streaminginfo><cname>MBC 2</cname><item><title></title><link>http://karimos-sat.com:8085/MBC2/index.m3u8?token=$KARLOGINCODE$</link></item></streaminginfo>
<streaminginfo><cname>MBC 3</cname><item><title></title><link>http://karimos-sat.com:8085/MBC3/index.m3u8?token=$KARLOGINCODE$</link></item></streaminginfo>
<streaminginfo><cname>MBC 4</cname><item><title></title><link>http://karimos-sat.com:8085/MBC4/index.m3u8?token=$KARLOGINCODE$</link></item></streaminginfo>
<streaminginfo><cname>MBC Action</cname><item><title></title><link>http://karimos-sat.com:8085/MBCAction/index.m3u8?token=$KARLOGINCODE$</link></item></streaminginfo>
<streaminginfo><cname>MBC Bollywood</cname><item><title></title><link>http://karimos-sat.com:8085/MBCBOLLYWOOD/index.m3u8?token=$KARLOGINCODE$</link></item></streaminginfo>
<streaminginfo><cname>MBC Max</cname><item><title></title><link>http://karimos-sat.com:8085/MBCMax/index.m3u8?token=$KARLOGINCODE$</link></item></streaminginfo>
<streaminginfo><cname>MBC Drama</cname><item><title></title><link>http://karimos-sat.com:8085/MBCDRAMA/index.m3u8?token=$KARLOGINCODE$</link></item></streaminginfo>
<streaminginfo><cname>MTV</cname><item><title></title><link>http://karimos-sat.com:8085/MTV/index.m3u8?token=$KARLOGINCODE$</link></item></streaminginfo>

<streaminginfo><cname>Nile Cinema</cname><item><title></title><link>http://karimos-sat.com:8085/NILE_CINEMA/index.m3u8?token=$KARLOGINCODE$</link></item></streaminginfo>
<streaminginfo><cname>Nile Comedy</cname><item><title></title><link>http://karimos-sat.com:8085/NILE_COMEDY/index.m3u8?token=$KARLOGINCODE$</link></item></streaminginfo>
<streaminginfo><cname>Nile Drama</cname><item><title></title><link>http://karimos-sat.com:8085/NILE_DRAMA/index.m3u8?token=$KARLOGINCODE$</link></item></streaminginfo>
<streaminginfo><cname>Nile Life</cname><item><title></title><link>http://karimos-sat.com:8085/NILE_LIFE/index.m3u8?token=$KARLOGINCODE$</link></item></streaminginfo>
<streaminginfo><cname>Nile News</cname><item><title></title><link>http://karimos-sat.com:8085/NILE_NEWS/index.m3u8?token=$KARLOGINCODE$</link></item></streaminginfo>
<streaminginfo><cname>Nile Sport</cname><item><title></title><link>http://karimos-sat.com:8085/NILE_SPORT/index.m3u8?token=$KARLOGINCODE$</link></item></streaminginfo>
<streaminginfo><cname>Nile Tv</cname><item><title></title><link>http://karimos-sat.com:8085/NILE_TV/index.m3u8?token=$KARLOGINCODE$</link></item></streaminginfo>

<streaminginfo><cname>Rotana Aflam</cname><item><title></title><link>http://karimos-sat.com:8085/ROTANA_AFLAM/index.m3u8?token=$KARLOGINCODE$</link></item></streaminginfo>
<streaminginfo><cname>Rotana Cinema</cname><item><title></title><link>http://karimos-sat.com:8085/ROTANA_CINEMA/index.m3u8?token=$KARLOGINCODE$</link></item></streaminginfo>
<streaminginfo><cname>Rotana Masriya</cname><item><title></title><link>http://karimos-sat.com:8085/ROTANA_MASRIYA/index.m3u8?token=$KARLOGINCODE$</link></item></streaminginfo>
<streaminginfo><cname>Rotana Classic</cname><item><title></title><link>http://karimos-sat.com:8085/ROTANA_CLASSIC/index.m3u8?token=$KARLOGINCODE$</link></item></streaminginfo>
<streaminginfo><cname>Rotana Clip</cname><item><title></title><link>http://karimos-sat.com:8085/ROTANA_CLIP/index.m3u8?token=$KARLOGINCODE$</link></item></streaminginfo>
<streaminginfo><cname>Rotana Khaligi</cname><item><title></title><link>http://karimos-sat.com:8085/ROTANA_KHALIGI/index.m3u8?token=$KARLOGINCODE$</link></item></streaminginfo>
<streaminginfo><cname>Rotana Music</cname><item><title></title><link>http://karimos-sat.com:8085/ROTANA_MUSIC/index.m3u8?token=$KARLOGINCODE$</link></item></streaminginfo>



<streaminginfo><cname>Zee Aflam</cname><item><title></title><link>http://karimos-sat.com:8085/zee_aflam/index.m3u8?token=$KARLOGINCODE$</link></item></streaminginfo>
<streaminginfo><cname>Zee Alwan</cname><item><title></title><link>http://karimos-sat.com:8085/zee_alwan/index.m3u8?token=$KARLOGINCODE$</link></item></streaminginfo>


<streaminginfo><cname>Gulli</cname><item><title></title><link>http://karimos-sat.com:8085/GULLI/index.m3u8?token=$KARLOGINCODE$</link></item></streaminginfo>
<streaminginfo><cname>CN FR</cname><item><title></title><link>http://karimos-sat.com:8085/Cartoon_Network/index.m3u8?token=$KARLOGINCODE$</link></item></streaminginfo>
<streaminginfo><cname>BFMTV</cname><item><title></title><link>http://karimos-sat.com:8085/Bfmtv/index.m3u8?token=$KARLOGINCODE$</link></item></streaminginfo>
<streaminginfo><cname>Ushuaia</cname><item><title></title><link>http://karimos-sat.com:8085/USHUAIA_TV/index.m3u8?token=$KARLOGINCODE$</link></item></streaminginfo>
<streaminginfo><cname>Orbit Alsafwa</cname><item><title></title><link>http://karimos-sat.com:8085/osn_Safwa/index.m3u8?token=$KARLOGINCODE$</link></item></streaminginfo>

<streaminginfo><cname>rts deux</cname><item><title></title><link>http://karimos-sat.com:8085/RTS_Deux/index.m3u8?token=$KARLOGINCODE$</link></item></streaminginfo>
<streaminginfo><cname>rts un</cname><item><title></title><link>http://karimos-sat.com:8085/RTS_Un/index.m3u8?token=$KARLOGINCODE$</link></item></streaminginfo>
<streaminginfo><cname>Al oula Maroc</cname><item><title></title><link>http://karimos-sat.com:8085/Maroc_AlOula/index.m3u8?token=$KARLOGINCODE$</link></item></streaminginfo>
<streaminginfo><cname>2M</cname><item><title></title><link>http://karimos-sat.com:8085/Maroc_2M/index.m3u8?token=$KARLOGINCODE$</link></item></streaminginfo>
<streaminginfo><cname>Alriadia Sport</cname><item><title></title><link>http://karimos-sat.com:8085/Maroc_Arryadia3/index.m3u8?token=$KARLOGINCODE$</link></item></streaminginfo>
<streaminginfo><cname>Discovery World</cname><item><title></title><link>http://karimos-sat.com:8085/FR:Discovery/index.m3u8?token=$KARLOGINCODE$</link></item></streaminginfo>
<streaminginfo><cname>Fatafeat</cname><item><title></title><link>http://karimos-sat.com:8085/Fatafeat/index.m3u8?token=$KARLOGINCODE$</link></item></streaminginfo>


</streamingInfos>