<streamingInfos>
    <streaminginfo>
        <cname>2M</cname>
        <item>
            <link>http://yooanime.com/?Channel=rtm</link>
        </item>
    </streaminginfo>
    <streaminginfo>
        <cname>Al oula Maroc</cname>
        <item>
            <link>http://yooanime.com/?Channel=rtm</link>
        </item>
    </streaminginfo>
    <streaminginfo>
        <cname>Medi 1 Sat</cname>
        <item>
            <link>http://yooanime.com/?Channel=rtm</link>
        </item>
    </streaminginfo>
    <streaminginfo>
        <cname>Al Maghribia</cname>
        <item>
            <link>http://yooanime.com/?Channel=maghribiya</link>
        </item>
    </streaminginfo>
    <streaminginfo>
        <cname>Arrabia</cname>
        <item>
            <link>http://yooanime.com/?Channel=maroc4</link>
        </item>
    </streaminginfo>
    <streaminginfo>
        <cname>Alriadia Sport</cname>
        <item>
            <link>http://yooanime.com/?Channel=erriadia</link>
        </item>
    </streaminginfo>
    <streaminginfo>
        <cname>Art Aflam 1</cname>
        <item>
            <link>http://yooanime.com/?Channel=art_aflam1</link>
        </item>
    </streaminginfo>
    <streaminginfo>
        <cname>Art Aflam 2</cname>
        <item>
            <link>http://yooanime.com/?Channel=art_aflam2</link>
        </item>
    </streaminginfo>
    <streaminginfo>
        <cname>ART Cinema</cname>
        <item>
            <link>http://yooanime.com/?Channel=art_cinema</link>
        </item>
    </streaminginfo>
    <streaminginfo>
        <cname>ART Hekayat</cname>
        <item>
            <link>http://yooanime.com/?Channel=hekayat_1</link>
        </item>
    </streaminginfo>
    <streaminginfo>
        <cname>ART hekayat 2</cname>
        <item>
            <link>http://yooanime.com/?Channel=hekayat_2</link>
        </item>
    </streaminginfo>
    <streaminginfo>
        <cname>Tounesna</cname>
        <item>
            <link>http://yooanime.com/?Channel=tounesna</link>
        </item>
    </streaminginfo>
    <streaminginfo>
        <cname>Alriadia Sport</cname>
        <item>
            <link>http://yooanime.com/?Channel=alriyadiya</link>
        </item>
    </streaminginfo>
    <streaminginfo>
        <cname>Cairo Drama</cname>
        <item>
            <link>http://yooanime.com/?Channel=cairo_drama</link>
        </item>
    </streaminginfo>
    <streaminginfo>
        <cname>National Geo Ad</cname>
        <item>
            <link>http://yooanime.com/?Channel=national</link>
        </item>
    </streaminginfo>
    <streaminginfo>
        <cname>National Geo FR</cname>
        <item>
            <link>http://yooanime.com/?Channel=national_fr</link>
        </item>
    </streaminginfo>
    <streaminginfo>
        <cname>MBC 1</cname>
        <item>
            <link>http://yooanime.com/?Channel=mbc_1</link>
        </item>
    </streaminginfo>
    <streaminginfo>
        <cname>MBC 2</cname>
        <item>
            <link>http://yooanime.com/?Channel=mbc_2</link>
        </item>
    </streaminginfo>
    <streaminginfo>
        <cname>MBC 3</cname>
        <item>
            <link>http://yooanime.com/?Channel=mbc_3</link>
        </item>
    </streaminginfo>
    <streaminginfo>
        <cname>MBC 4</cname>
        <item>
            <link>http://yooanime.com/?Channel=mbc_4</link>
        </item>
    </streaminginfo>
    <streaminginfo>
        <cname>MBC Bollywood</cname>
        <item>
            <link>http://yooanime.com/?Channel=mbc_bollywood</link>
        </item>
    </streaminginfo>
    <streaminginfo>
        <cname>MBC Action</cname>
        <item>
            <link>http://yooanime.com/hls-shift/mbc_action</link>
        </item>
    </streaminginfo>
    <streaminginfo>
        <cname>MBC Drama</cname>
        <item>
            <link>http://yooanime.com/?Channel=mbc_drama</link>
        </item>
    </streaminginfo>
    <streaminginfo>
        <cname>MBC Masr 2</cname>
        <item>
            <link>http://yooanime.com/?Channel=mbc_masr2</link>
        </item>
    </streaminginfo>
    <streaminginfo>
        <cname>MBC Masr 1</cname>
        <item>
            <link>http://yooanime.com/?Channel=mbc_masr1</link>
        </item>
    </streaminginfo>
    <streaminginfo>
        <cname>6Ter</cname>
        <item>
            <link>http://yooanime.com/?Channel=6ter</link>
        </item>
    </streaminginfo>
    <streaminginfo>
        <cname>Telvza TV</cname>
        <item>
            <link>http://yooanime.com/?Channel=telvza</link>
        </item>
    </streaminginfo>
    <streaminginfo>
        <cname>FRANCE 2</cname>
        <item>
            <link>http://yooanime.com/?Channel=france_2</link>
        </item>
    </streaminginfo>
    <streaminginfo>
        <cname>FRANCE 3</cname>
        <item>
            <link>http://yooanime.com/?Channel=france_3</link>
        </item>
    </streaminginfo>
    <streaminginfo>
        <cname>FRANCE 4</cname>
        <item>
            <link>http://yooanime.com/?Channel=france_4</link>
        </item>
    </streaminginfo>
    <streaminginfo>
        <cname>FRANCE 5</cname>
        <item>
            <link>http://yooanime.com/?Channel=france_5</link>
        </item>
    </streaminginfo>
    <streaminginfo>
        <cname>M6</cname>
        <item>
            <link>http://yooanime.com/?Channel=m6</link>
        </item>
    </streaminginfo>
    <streaminginfo>
        <cname>TF1</cname>
        <item>
            <link>http://yooanime.com/?Channel=tf1</link>
        </item>
    </streaminginfo>
    <streaminginfo>
        <cname>BFMTV</cname>
        <item>
            <link>http://yooanime.com/?Channel=bfmtv</link>
        </item>
    </streaminginfo>
    <streaminginfo>
        <cname>M6 Music</cname>
        <item>
            <link>http://yooanime.com/?Channel=m6_music</link>
        </item>
    </streaminginfo>
    <streaminginfo>
        <cname>MTV Hits</cname>
        <item>
            <link>http://yooanime.com/?Channel=mtv_hits</link>
        </item>
    </streaminginfo>
    <streaminginfo>
        <cname>MTV Dance</cname>
        <item>
            <link>http://yooanime.com/?Channel=mtv_dance</link>
        </item>
    </streaminginfo>
    <streaminginfo>
        <cname>MTV Rocks</cname>
        <item>
            <link>http://yooanime.com/?Channel=mtv_rock</link>
        </item>
    </streaminginfo>
    <streaminginfo>
        <cname>Aljazeera</cname>
        <item>
            <link>http://yooanime.com/?Channel=jazeera</link>
        </item>
    </streaminginfo>
    <streaminginfo>
        <cname>Abu Dhabi Drama</cname>
        <item>
            <link>http://yooanime.com/?Channel=abu_drama</link>
        </item>
    </streaminginfo>
    <streaminginfo>
        <cname>Cima</cname>
        <item>
            <link>http://yooanime.com/?Channel=cima</link>
        </item>
    </streaminginfo>
    <streaminginfo>
        <cname>Rotana Cinema</cname>
        <item>
            <link>http://yooanime.com/?Channel=rotana_cinema</link>
        </item>
    </streaminginfo>
    <streaminginfo>
        <cname>Bein 1 FR</cname>
        <item>
            <link>http://yooanime.com/?Channel=random</link>
        </item>
    </streaminginfo>
    <streaminginfo>
        <cname>OSN Movies Action HD</cname>
        <item>
            <link>http://yooanime.com/?Channel=omn_movies_action</link>
        </item>
    </streaminginfo>
    <streaminginfo>
        <cname>OSN Movies Premiere HD</cname>
        <item>
            <title>yooanime_OSN</title>
            <link>http://yooanime.com/?Channel=omn_movies_premiere</link>
        </item>
    </streaminginfo>
    <streaminginfo>
        <cname>OSN First HD</cname>
        <item>
            <title>yooanime_OSN</title>
            <link>http://yooanime.com/?Channel=omn_first_+2</link>
        </item>
    </streaminginfo>
    <streaminginfo>
        <cname>OSN Movies Kids</cname>
        <item>
            <title>yooanime_OSN</title>
            <link>http://yooanime.com/?Channel=omn_movies_kids</link>
        </item>
    </streaminginfo>
    <streaminginfo>
        <cname>OSN Ya Hala Shabab HD</cname>
        <item>
            <title>yooanime_OSN</title>
            <link>http://yooanime.com/?Channel=omn_ya_hala_chabab</link>
        </item>
    </streaminginfo>
    <streaminginfo>
        <cname>Orbit Series +4</cname>
        <item>
            <title>yooanime_OSN</title>
            <link>http://yooanime.com/?Channel=omn_series_4</link>
        </item>
    </streaminginfo>
    <streaminginfo>
        <cname>OSN Star Movies</cname>
        <item>
            <link>http://yooanime.com/?Channel=moviehd</link>
        </item>
    </streaminginfo>
    <streaminginfo>
        <cname>OSN Star Movies</cname>
        <item>
            <title>yooanime star_world_hd</title>
            <link>http://yooanime.com/?Channel=star_world_hd</link>
        </item>
    </streaminginfo>
    <streaminginfo>
        <cname>OSN MGM</cname>
        <item>
            <title>yooanime star_world_hd</title>
            <link>http://yooanime.com/?Channel=mgm</link>
        </item>
    </streaminginfo>
    <streaminginfo>
        <cname>OSN Yahala Drama</cname>
        <item>
            <title>yooanime star_world_hd</title>
            <link>http://yooanime.com/?Channel=yahala</link>
        </item>
    </streaminginfo>
    <streaminginfo>
        <cname>OSN Ya Hala Shabab HD</cname>
        <item>
            <link>http://yooanime.com/?Channel=yahala_shabab</link>
        </item>
    </streaminginfo>
    <streaminginfo>
        <cname>B4U Plus</cname>
        <item>
            <link>http://yooanime.com/?Channel=b4u_plus</link>
        </item>
    </streaminginfo>
    <streaminginfo>
        <cname>B4U Aflam</cname>
        <item>
            <link>http://yooanime.com/?Channel=b4u_aflam</link>
        </item>
    </streaminginfo>
    <streaminginfo>
        <cname>Zee Alwan</cname>
        <item>
            <link>http://yooanime.com/?Channel=zee_alwan</link>
        </item>
    </streaminginfo>
    <streaminginfo>
        <cname>Zee aflam</cname>
        <item>
            <link>http://yooanime.com/?Channel=zee_aflam</link>
        </item>
    </streaminginfo>
    <streaminginfo>
        <cname>Zee Living</cname>
        <item>
            <link>http://yooanime.com/?Channel=zee_living</link>
        </item>
    </streaminginfo>
    <streaminginfo>
        <cname>Hawacom</cname>
        <item>
            <link>http://yooanime.com/?Channel=hawakom</link>
        </item>
    </streaminginfo>
    <streaminginfo>
        <cname>Atfal wa Mawaheb</cname>
        <item>
            <link>http://yooanime.com/?Channel=atfal_mawaheb</link>
        </item>
    </streaminginfo>
    <streaminginfo>
        <cname>CBC Sofra</cname>
        <item>
            <link>http://yooanime.com/?Channel=cbc_sofra</link>
        </item>
    </streaminginfo>
    <streaminginfo>
        <cname>CBC Drama</cname>
        <item>
            <link>http://yooanime.com/?Channel=cbc_drama</link>
        </item>
    </streaminginfo>
    <streaminginfo>
        <cname>Time Cinema</cname>
        <item>
            <link>http://yooanime.com/?Channel=time_cinema</link>
        </item>
    </streaminginfo>
    <streaminginfo>
        <cname>Cima Alibaba</cname>
        <item>
            <link>http://yooanime.com/?Channel=cima_ali_baba</link>
        </item>
    </streaminginfo>
    <streaminginfo>
        <cname>Beirut Cinema</cname>
        <item>
            <link>http://yooanime.com/?Channel=beirut_cinema</link>
        </item>
    </streaminginfo>
    <streaminginfo>
        <cname>LBC</cname>
        <item>
            <link>http://yooanime.com/?Channel=lbc_1</link>
        </item>
    </streaminginfo>
    <streaminginfo>
        <cname>Dzair Tv</cname>
        <item>
            <link>http://yooanime.com/?Channel=dzair</link>
        </item>
    </streaminginfo>
    <streaminginfo>
        <cname>Samira Tv</cname>
        <item>
            <link>http://yooanime.com/?Channel=samira</link>
        </item>
    </streaminginfo>
    <streaminginfo>
        <cname>Toyor Al Janah</cname>
        <item>
            <link>http://yooanime.com/?Channel=toyor_janah</link>
        </item>
    </streaminginfo>
    <streaminginfo>
        <cname>El Djazairia</cname>
        <item>
            <link>http://yooanime.com/?Channel=jazayriya</link>
        </item>
    </streaminginfo>
    <streaminginfo>
        <cname>Canary Kids</cname>
        <item>
            <link>http://yooanime.com/?Channel=canary</link>
        </item>
    </streaminginfo>
    <streaminginfo>
        <cname>Ajyal</cname>
        <item>
            <link>http://yooanime.com/?Channel=ajyal</link>
        </item>
    </streaminginfo>
    <streaminginfo>
        <cname>Baraem</cname>
        <item>
            <link>http://yooanime.com/?Channel=baraem</link>
        </item>
    </streaminginfo>
    <streaminginfo>
        <cname>Taha</cname>
        <item>
            <link>http://yooanime.com/?Channel=taha</link>
        </item>
    </streaminginfo>
    <streaminginfo>
        <cname>HodHod</cname>
        <item>
            <link>http://yooanime.com/?Channel=hodhod</link>
        </item>
    </streaminginfo>
    <streaminginfo>
        <cname>Star 2 Cinema</cname>
        <item>
            <link>http://yooanime.com/?Channel=star_cinema_2</link>
        </item>
    </streaminginfo>
    <streaminginfo>
        <cname>Cima</cname>
        <item>
            <link>http://yooanime.com/?Channel=cima</link>
        </item>
    </streaminginfo>
    <streaminginfo>
        <cname>Darbaka Aflam</cname>
        <item>
            <link>http://yooanime.com/?Channel=darbaka_aflam</link>
        </item>
    </streaminginfo>
    <streaminginfo>
        <cname>Chabab</cname>
        <item>
            <link>http://yooanime.com/?Channel=shabab</link>
        </item>
    </streaminginfo>
    <streaminginfo>
        <cname>Al Nahar</cname>
        <item>
            <link>http://yooanime.com/?Channel=al-nahar</link>
        </item>
    </streaminginfo>
    <streaminginfo>
        <cname>Alfaraeena</cname>
        <item>
            <link>http://yooanime.com/?Channel=faraeen</link>
        </item>
    </streaminginfo>
    <streaminginfo>
        <cname>Algeria 3</cname>
        <item>
            <link>http://yooanime.com/?Channel=a3</link>
        </item>
    </streaminginfo>
    <streaminginfo>
        <cname>AlGeria</cname>
        <item>
            <link>http://yooanime.com/?Channel=algerie</link>
        </item>
    </streaminginfo>
    <streaminginfo>
        <cname>Al Baghdadia</cname>
        <item>
            <link>http://yooanime.com/?Channel=baghdadiya</link>
        </item>
    </streaminginfo>
    <streaminginfo>
        <cname>Al Baghdadia 2</cname>
        <item>
            <link>http://yooanime.com/?Channel=baghdadiya2</link>
        </item>
    </streaminginfo>
    <streaminginfo>
        <cname>Nessma</cname>
        <item>
            <link>http://yooanime.com/?Channel=nessma</link>
        </item>
    </streaminginfo>
    <streaminginfo>
        <cname>Tunisia national 1</cname>
        <item>
            <link>http://yooanime.com/?Channel=tunisia_1</link>
        </item>
    </streaminginfo>
    <streaminginfo>
        <cname>Tunisia national 2</cname>
        <item>
            <link>http://yooanime.com/?Channel=tunisia_2</link>
        </item>
    </streaminginfo>
    <streaminginfo>
        <cname>Baghdad</cname>
        <item>
            <link>http://yooanime.com/?Channel=baghdad</link>
        </item>
    </streaminginfo>
    <streaminginfo>
        <cname>Bein 1 FR</cname>
        <item>
            <link>http://yooanime.com/?Channel=b1_fr</link>
        </item>
    </streaminginfo>
    <streaminginfo>
        <cname>Bein 2 FR</cname>
        <item>
            <link>http://yooanime.com/?Channel=b2_fr</link>
        </item>
    </streaminginfo>
    <streaminginfo>
        <cname>Karameesh</cname>
        <item>
            <link>http://yooanime.com/?Channel=karamesh</link>
        </item>
    </streaminginfo>
    <streaminginfo>
        <cname>Al Hiwar</cname>
        <item>
            <link>http://yooanime.com/?Channel=al-hiwar</link>
        </item>
    </streaminginfo>
    <streaminginfo>
        <cname>Afrah</cname>
        <item>
            <link>http://yooanime.com/?Channel=afrah</link>
        </item>
    </streaminginfo>
    <streaminginfo>
        <cname>On TV</cname>
        <item>
            <link>http://yooanime.com/?Channel=ontv</link>
        </item>
    </streaminginfo>
    <streaminginfo>
        <cname>Aljazeera EN</cname>
        <item>
            <link>http://yooanime.com/?Channel=jsc_en</link>
        </item>
    </streaminginfo>
    <streaminginfo>
        <cname>Aljazeera Mubasher Masr</cname>
        <item>
            <link>http://yooanime.com/?Channel=jsc_egy</link>
        </item>
    </streaminginfo>
    <streaminginfo>
        <cname>Aljazeera Children</cname>
        <item>
            <link>http://yooanime.com/?Channel=jsc_kids</link>
        </item>
    </streaminginfo>
    <streaminginfo>
        <cname>Al Eqtisadiyah</cname>
        <item>
            <link>http://yooanime.com/?Channel=eqtisadia</link>
        </item>
    </streaminginfo>
    <streaminginfo>
        <cname>Alarabiya</cname>
        <item>
            <link>http://yooanime.com/?Channel=alarabiya</link>
        </item>
    </streaminginfo>
    <streaminginfo>
        <cname>Alarabiya Ahdas</cname>
        <item>
            <link>http://yooanime.com/?Channel=hadath</link>
        </item>
    </streaminginfo>
    <streaminginfo>
        <cname>Albait Baitak Cinema</cname>
        <item>
            <link>http://yooanime.com/?Channel=beit_beitak</link>
        </item>
    </streaminginfo>
    <streaminginfo>
        <cname>Panorama Comedy</cname>
        <item>
            <link>http://yooanime.com/?Channel=panorama_comedy</link>
        </item>
    </streaminginfo>
    <streaminginfo>
        <cname>Assalamu Alayk</cname>
        <item>
            <link>http://yooanime.com/?Channel=salam_alik</link>
        </item>
    </streaminginfo>
    <streaminginfo>
        <cname>Tamazigh Algeria</cname>
        <item>
            <link>http://yooanime.com/?Channel=algerie4</link>
        </item>
    </streaminginfo>
    <streaminginfo>
        <cname>CNBC Arabic</cname>
        <item>
            <link>http://yooanime.com/?Channel=cnbc_ar</link>
        </item>
    </streaminginfo>
    <streaminginfo>
        <cname>Alhayat Series</cname>
        <item>
            <link>http://yooanime.com/?Channel=hayat_serie</link>
        </item>
    </streaminginfo>
    <streaminginfo>
        <cname>Tayba</cname>
        <item>
            <link>http://yooanime.com/?Channel=taiba</link>
        </item>
    </streaminginfo>
    <streaminginfo>
        <cname>Koky Kids</cname>
        <item>
            <link>http://yooanime.com/?Channel=koky_kids</link>
        </item>
    </streaminginfo>
    <streaminginfo>
        <cname>Panorama Film</cname>
        <item>
            <link>http://yooanime.com/?Channel=panorama_film</link>
        </item>
    </streaminginfo>
    <streaminginfo>
        <cname>Dream 1</cname>
        <item>
            <link>http://yooanime.com/?Channel=dream_1</link>
        </item>
    </streaminginfo>
    <streaminginfo>
        <cname>Ashorooq</cname>
        <item>
            <link>http://yooanime.com/?Channel=shorooq</link>
        </item>
    </streaminginfo>
    <streaminginfo>
        <cname>Aljadeed</cname>
        <item>
            <link>http://yooanime.com/?Channel=jadid</link>
        </item>
    </streaminginfo>
    <streaminginfo>
        <cname>First TV</cname>
        <item>
            <link>http://yooanime.com/?Channel=first</link>
        </item>
    </streaminginfo>
    <streaminginfo>
        <cname>Tele Liban</cname>
        <item>
            <link>http://yooanime.com/?Channel=tele-liban</link>
        </item>
    </streaminginfo>
    <streaminginfo>
        <cname>Egypt 2</cname>
        <item>
            <link>http://yooanime.com/?Channel=esc_2</link>
        </item>
    </streaminginfo>
    <streaminginfo>
        <cname>Quran TV ksa</cname>
        <item>
            <link>http://yooanime.com/?Channel=qoran</link>
        </item>
    </streaminginfo>
    <streaminginfo>
        <cname>Dubai Sport 1</cname>
        <item>
            <link>http://yooanime.com/?Channel=dubai_sport1</link>
        </item>
    </streaminginfo>
    <streaminginfo>
        <cname>Dubai One</cname>
        <item>
            <link>http://yooanime.com/?Channel=dubai_one</link>
        </item>
    </streaminginfo>
    <streaminginfo>
        <cname>Maghreb24</cname>
        <item>
            <link>http://yooanime.com/?Channel=m24</link>
        </item>
    </streaminginfo>
    <streaminginfo>
        <cname>AlQahera W Elnas</cname>
        <item>
            <link>http://yooanime.com/?Channel=qahera_wnass</link>
        </item>
    </streaminginfo>
    <streaminginfo>
        <cname>Alghad Alarabi</cname>
        <item>
            <link>http://yooanime.com/?Channel=alghad</link>
        </item>
    </streaminginfo>
    <streaminginfo>
        <cname>Alqithara</cname>
        <item>
            <link>http://yooanime.com/?Channel=guitara</link>
        </item>
    </streaminginfo>
    <streaminginfo>
        <cname>Time Comedy</cname>
        <item>
            <link>http://yooanime.com/?Channel=time_comedy</link>
        </item>
    </streaminginfo>
    <streaminginfo>
        <cname>i24News</cname>
        <item>
            <link>http://yooanime.com/?Channel=inews</link>
        </item>
    </streaminginfo>
    <streaminginfo>
        <cname>Melody Aflam</cname>
        <item>
            <link>http://yooanime.com/?Channel=melody_aflam</link>
        </item>
    </streaminginfo>
    <streaminginfo>
        <cname>Alfajr Int</cname>
        <item>
            <link>http://yooanime.com/?Channel=fajr</link>
        </item>
    </streaminginfo>
    <streaminginfo>
        <cname>Sky Movies</cname>
        <item>
            <link>http://yooanime.com/?Channel=rtm</link>
        </item>
    </streaminginfo>
    <streaminginfo>
        <cname>Scope</cname>
        <item>
            <link>http://yooanime.com/?Channel=scoop</link>
        </item>
    </streaminginfo>
    <streaminginfo>
        <cname>Aldar</cname>
        <item>
            <link>http://yooanime.com/?Channel=addar</link>
        </item>
    </streaminginfo>
    <streaminginfo>
        <cname>Alahad</cname>
        <item>
            <link>http://yooanime.com/?Channel=alahad</link>
        </item>
    </streaminginfo>
    <streaminginfo>
        <cname>Al Forat</cname>
        <item>
            <link>http://yooanime.com/?Channel=forat</link>
        </item>
    </streaminginfo>
    <streaminginfo>
        <cname>SSTV</cname>
        <item>
            <link>http://yooanime.com/?Channel=sstv</link>
        </item>
    </streaminginfo>
    <streaminginfo>
        <cname>Al-Hurria</cname>
        <item>
            <link>http://yooanime.com/?Channel=hurra</link>
        </item>
    </streaminginfo>
    <streaminginfo>
        <cname>Majan</cname>
        <item>
            <link>http://yooanime.com/?Channel=majan</link>
        </item>
    </streaminginfo>
    <streaminginfo>
        <cname>ALFALASTINIAH</cname>
        <item>
            <link>http://yooanime.com/?Channel=falastinia</link>
        </item>
    </streaminginfo>
    <streaminginfo>
        <cname>Al-hurra Iraq</cname>
        <item>
            <link>http://yooanime.com/?Channel=hurra_iraq</link>
        </item>
    </streaminginfo>
    <streaminginfo>
        <cname>HCTV</cname>
        <item>
            <link>http://yooanime.com/?Channel=hctv</link>
        </item>
    </streaminginfo>
    <streaminginfo>
        <cname>KTV ARABE</cname>
        <item>
            <link>http://yooanime.com/?Channel=arabic_doc</link>
        </item>
    </streaminginfo>
</streamingInfos>