<?xml version="1.0" encoding="UTF-8"?>
<addon id="plugin.video.akoam" name="Akoam" version="2.1.6" provider-name="mfaraj,opesboy,Edit-by MG.Arabic">
  <requires>
        <import addon="xbmc.python" version="2.1.0" optional="true" />
		
        <import addon="script.module.urlresolver" version="1.0.0"/>
		<import addon="script.module.addon.common" version="2.0.0" />
  </requires>
  <extension point="xbmc.python.pluginsource"
            library="akoam.py">
        <provides>video</provides>
  </extension>
  <extension point="xbmc.addon.metadata">
    <summary>watch movies from akoam.com</summary>
    <description>watch movies from akoam.com</description>
    <platform>all</platform>
		   <assets>
 			<icon>img/icon.png</icon>
 			<fanart>img/fanart.jpg</fanart>
			<screenshot>img/screenshot-01.jpg</screenshot>
			<screenshot>img/screenshot-02.jpg</screenshot>
			<screenshot>img/screenshot-03.jpg</screenshot>
 		</assets>
  </extension>
</addon>
