<?xml version="1.0" encoding="UTF-8"?>
<addon id="plugin.video.alarab" version="2.0.5" name="AlArab" provider-name="BISHA">
  <requires>
    <import addon="xbmc.python"
            version="2.1.0"/>
  </requires>
  <extension point="xbmc.python.pluginsource"
             library="default.py">
    <provides>video</provides>
  </extension>
  <extension point="xbmc.addon.metadata">
    <summary>AlArabNet</summary>
    <description>AlArabNet.</description>
   
    <platform>all</platform>
  </extension>
</addon>
