<?xml version="1.0" encoding="UTF-8" standalone="yes"?>
<addon id="script.module.six"
       name="six"
       version="1.13.0"
       provider-name="gutworth">
  <requires>
    <!-- <import addon="xbmc.python" version="2.14.0"/> -->
  </requires>
  <extension point="xbmc.python.module"
             library="lib" />
  <extension point="xbmc.addon.metadata">
    <summary lang="en">Python 2 and 3 compatibility utilities.</summary>
    <description lang="en">Six is a Python 2 and 3 compatibility library. It provides utility functions for smoothing over the differences between the Python versions with the goal of writing Python code that is compatible on both Python versions. See the documentation for more information on what is provided.</description>
    <platform>all</platform>
    <license>MIT</license>
    <source>https://pypi.org/project/six/</source>
    <website>https://pypi.org/project/six/</website>
  </extension>
</addon>
