<?xml version="1.0" encoding="UTF-8"?>
<addon
 id="plugin.audio.arabmelody"
  version="1.0.0"
 name="Arab Melody"
 provider-name="Mfaraj ghassan">
 <requires>
        <import addon="xbmc.python" version="2.1.0" optional="true" />

        <import addon="script.module.addon.common"/>"
  </requires>
  <extension point="xbmc.python.pluginsource"
            library="default.py">
    <provides>audio</provides>
  </extension>
  <extension point="xbmc.addon.metadata">
    <summary> http://arabmelody.net </summary>
    <description> songs from arabmelody </description>
   <platform>all</platform>
  </extension>
</addon>