<?xml version="1.0" encoding="UTF-8"?>
<window>
	<defaultcontrol always="true">52</defaultcontrol>
	<backgroundcolor>background</backgroundcolor>
	<views>52,55,50</views>
	<menucontrol>9000</menucontrol>
	<controls>
		<include>DefaultBackground</include>
		<include>CommonScrollbars</include>
		<control type="group" id="100">
			<animation effect="fade" start="100" end="0" time="200" tween="sine" condition="Window.IsActive(addoninformation)">Conditional</animation>
			<include>View_50_List</include>
			<include>View_52_IconWall</include>
			<include>View_55_WideList</include>
		</control>
		<control type="group">
			<include>OpenClose_Left</include>
			<visible>Control.IsVisible(55)</visible>
			<visible>Container.Content(addons) | Container.Content()</visible>
			<include>Visible_Left</include>
			<include>ListThumbInfoPanel</include>
		</control>
		<include>MediaMenuMouseOverlay</include>
		<control type="group">
			<include>MediaMenuCommon</include>
			<control type="grouplist" id="9000">
				<top>90</top>
				<include>MediaMenuListCommon</include>
				<control type="label" id="201">
					<include>MediaMenuLabelCommon</include>
					<label>$LOCALIZE[31021]</label>
				</control>
				<control type="radiobutton" id="7">
					<description>Hide foreign</description>
					<include>MediaMenuItemsCommon</include>
					<label>$LOCALIZE[25001]</label>
					<visible>Control.IsEnabled(7)</visible>
				</control>
				<control type="radiobutton" id="8">
					<description>Hide incompatible</description>
					<include>MediaMenuItemsCommon</include>
					<label>$LOCALIZE[24999]</label>
					<visible>Control.IsEnabled(8)</visible>
				</control>
				<control type="button" id="9">
					<description>Check for repository updates</description>
					<include>MediaMenuItemsCommon</include>
					<label>$LOCALIZE[24034]</label>
				</control>
				<control type="button" id="5">
					<description>Addon settings</description>
					<include>MediaMenuItemsCommon</include>
					<label>$LOCALIZE[10004]</label>
				</control>
				<include>MediaMenuNowPlaying</include>
			</control>
		</control>
		<include name="TopBar">
			<param name="breadcrumbs_label" value="$LOCALIZE[24001]" />
			<param name="breadcrumbs_icon" value="icons/settings/addons.png" />
		</include>
		<include name="BottomBar">
			<param name="info_visible" value="true" />
		</include>
		<control type="group">
			<top>1002</top>
			<visible>ControlGroup(9000).HasFocus | Control.HasFocus(6130)</visible>
			<include name="InfoDialogTopBarInfo">
				<param name="main_label" value="$INFO[Window(AddonBrowser).Property(Updated)]" />
				<param name="sub_label" value="$LOCALIZE[31069]" />
			</include>
		</control>
	</controls>
</window>
