<?xml version="1.0" encoding="utf-8"?>
<window>
	<defaultcontrol always="true">3000</defaultcontrol>
	<include>Animation_DialogPopupOpenClose</include>
	<controls>
		<control type="group">
			<left>260</left>
			<top>150</top>
			<include name="DialogBackgroundCommons">
				<param name="DialogBackgroundWidth" value="1400" />
				<param name="DialogBackgroundHeight" value="770" />
				<param name="DialogHeaderLabel" value="$LOCALIZE[13406]" />
				<param name="DialogHeaderId" value="1" />
			</include>
			<control type="textbox" id="5">
				<left>40</left>
				<top>85</top>
				<width>1320</width>
				<height>647</height>
				<shadowcolor>black</shadowcolor>
				<pagecontrol>3000</pagecontrol>
				<font>font14</font>
			</control>
			<control type="scrollbar" id="3000">
				<include>HiddenObject</include>
				<ondown>3000</ondown>
				<onup>3000</onup>
			</control>
		</control>
		<control type="button">
			<left>936</left>
			<top>113</top>
			<width>48</width>
			<height>20</height>
			<texturefocus colordiffuse="button_focus" flipy="true">overlays/arrowdown.png</texturefocus>
			<texturenofocus colordiffuse="button_focus" flipy="true">overlays/arrowdown.png</texturenofocus>
			<onclick>SetFocus(3000)</onclick>
			<onclick>Up</onclick>
			<visible>Control.IsVisible(3000) + IntegerGreaterThan(Container(5).CurrentPage,1)</visible>
			<animation delay="80" effect="fade" time="120">VisibleChange</animation>
		</control>
		<control type="button">
			<left>936</left>
			<top>940</top>
			<width>48</width>
			<height>20</height>
			<onclick>SetFocus(3000)</onclick>
			<onclick>Down</onclick>
			<texturefocus colordiffuse="button_focus">overlays/arrowdown.png</texturefocus>
			<texturenofocus colordiffuse="button_focus">overlays/arrowdown.png</texturenofocus>
			<visible>Control.IsVisible(3000) + !StringCompare(Container(5).CurrentPage,Container(5).NumPages)</visible>
			<animation delay="80" effect="fade" time="120">VisibleChange</animation>
		</control>
		<control type="label">
			<left>1310</left>
			<top>880</top>
			<width>330</width>
			<height>35</height>
			<font>font12</font>
			<textcolor>grey</textcolor>
			<align>right</align>
			<aligny>center</aligny>
			<label>$LOCALIZE[31035] [COLOR=button_focus]$INFO[Container(5).CurrentPage]/$INFO[Container(5).NumPages][/COLOR]</label>
			<wrapmultiline>true</wrapmultiline>
			<visible>IntegerGreaterThan(Container(5).NumPages,1)</visible>
		</control>
	</controls>
</window>
