<?xml version="1.0" encoding="UTF-8"?>
<fonts>
	<fontset id="Default" idloc="15109">
		<font>
			<name>font10</name>
			<filename>Lato-Regular.ttf</filename>
			<size>24</size>
		</font>
		<font>
			<name>font12</name>
			<filename>Lato-Regular.ttf</filename>
			<size>25</size>
		</font>
		<font>
			<name>font13</name>
			<filename>Lato-Regular.ttf</filename>
			<size>30</size>
		</font>
		<font>
			<name>font14</name>
			<filename>Lato-Regular.ttf</filename>
			<size>33</size>
		</font>
		<font>
			<name>font16</name>
			<filename>Lato-Regular.ttf</filename>
			<size>37</size>
		</font>
		<font>
			<name>font30</name>
			<filename>Lato-Regular.ttf</filename>
			<size>45</size>
		</font>
		<font>
			<name>fontContextMenu</name>
			<filename>Lato-Regular.ttf</filename>
			<size>27</size>
		</font>
		<!-- Title Fonts -->
		<font>
			<name>font10_title</name>
			<filename>Lato-Bold.ttf</filename>
			<size>20</size>
		</font>
		<font>
			<name>font12_title</name>
			<filename>Lato-Bold.ttf</filename>
			<size>25</size>
		</font>
		<font>
			<name>font13_title</name>
			<filename>Lato-Bold.ttf</filename>
			<size>30</size>
		</font>
		<font>
			<name>font20_title</name>
			<filename>Lato-Bold.ttf</filename>
			<size>32</size>
		</font>
		<font>
			<name>font24_title</name>
			<filename>Lato-Bold.ttf</filename>
			<size>36</size>
		</font>
		<font>
			<name>font28_title</name>
			<filename>Lato-Bold.ttf</filename>
			<size>42</size>
		</font>
		<font>
			<name>font30_title</name>
			<filename>Lato-Bold.ttf</filename>
			<size>45</size>
		</font>
		<font>
			<name>font35_title</name>
			<filename>Lato-Bold.ttf</filename>
			<size>52</size>
		</font>
		<font>
			<name>font_MainMenu</name>
			<filename>Lato-Bold.ttf</filename>
			<size>60</size>
		</font>
		<font>
			<name>WeatherTemp</name>
			<filename>Lato-Bold.ttf</filename>
			<size>120</size>
		</font>
		<font>
			<name>Mono30</name>
			<filename>AnonymousPro.ttf</filename>
			<size>30</size>
		</font>
	</fontset>		

	<fontset id="Arial" idloc="31053">
		<!-- Arial Font better for non English -->
		<font>
			<name>font10</name>
			<filename>arial.ttf</filename>
			<size>18</size>
		</font>
		<font>
			<name>font12</name>
			<filename>arial.ttf</filename>
			<size>22</size>
		</font>
		<font>
			<name>font13</name>
			<filename>arial.ttf</filename>
			<size>27</size>
		</font>
		<font>
			<name>font14</name>
			<filename>arial.ttf</filename>
			<size>30</size>
		</font>
		<font>
			<name>font16</name>
			<filename>arial.ttf</filename>
			<size>34</size>
		</font>
		<font>
			<name>font30</name>
			<filename>arial.ttf</filename>
			<size>42</size>
		</font>
		<font>
			<name>fontContextMenu</name>
			<filename>arial.ttf</filename>
			<size>24</size>
		</font>
		<!-- Title Fonts -->
		<font>
			<name>font10_title</name>
			<filename>arial.ttf</filename>
			<size>15</size>
			<style>bold</style>
		</font>
		<font>
			<name>font12_title</name>
			<filename>arial.ttf</filename>
			<size>22</size>
			<style>bold</style>
		</font>
		<font>
			<name>font13_title</name>
			<filename>arial.ttf</filename>
			<size>27</size>
			<style>bold</style>
		</font>
		<font>
			<name>font24_title</name>
			<filename>arial.ttf</filename>
			<size>33</size>
			<style>bold</style>
		</font>
		<font>
			<name>font28_title</name>
			<filename>arial.ttf</filename>
			<size>39</size>
			<style>bold</style>
		</font>
		<font>
			<name>font30_title</name>
			<filename>arial.ttf</filename>
			<size>42</size>
			<style>bold</style>
		</font>
		<font>
			<name>font35_title</name>
			<filename>arial.ttf</filename>
			<size>49</size>
			<style>bold</style>
		</font>
		<font>
			<name>font_MainMenu</name>
			<filename>arial.ttf</filename>
			<size>52</size>
			<style>bold</style>
		</font>
		<font>
			<name>WeatherTemp</name>
			<filename>arial.ttf</filename>
			<size>120</size>
			<style>bold</style>
		</font>
		<font>
			<name>Mono30</name>
			<filename>arial.ttf</filename>
			<size>30</size>
		</font>
	</fontset>
	<fontset id="Classic Kodi">
		<font>
			<name>font10</name>
			<filename>Roboto-Regular.ttf</filename>
			<size>24</size>
		</font>
		<font>
			<name>font12</name>
			<filename>Roboto-Regular.ttf</filename>
			<size>25</size>
		</font>
		<font>
			<name>font13</name>
			<filename>Roboto-Regular.ttf</filename>
			<size>30</size>
		</font>
		<font>
			<name>font14</name>
			<filename>Roboto-Regular.ttf</filename>
			<size>33</size>
		</font>
		<font>
			<name>font16</name>
			<filename>Roboto-Regular.ttf</filename>
			<size>37</size>
		</font>
		<font>
			<name>font30</name>
			<filename>Roboto-Regular.ttf</filename>
			<size>45</size>
		</font>
		<font>
			<name>fontContextMenu</name>
			<filename>Roboto-Regular.ttf</filename>
			<size>27</size>
		</font>
		<!-- Title Fonts -->
		<font>
			<name>font10_title</name>
			<filename>Roboto-Bold.ttf</filename>
			<size>20</size>
		</font>
		<font>
			<name>font12_title</name>
			<filename>Roboto-Bold.ttf</filename>
			<size>25</size>
		</font>
		<font>
			<name>font13_title</name>
			<filename>Roboto-Bold.ttf</filename>
			<size>30</size>
		</font>
		<font>
			<name>font20_title</name>
			<filename>Roboto-Bold.ttf</filename>
			<size>32</size>
		</font>
		<font>
			<name>font24_title</name>
			<filename>Roboto-Bold.ttf</filename>
			<size>36</size>
		</font>
		<font>
			<name>font28_title</name>
			<filename>Roboto-Bold.ttf</filename>
			<size>42</size>
		</font>
		<font>
			<name>font30_title</name>
			<filename>Roboto-Bold.ttf</filename>
			<size>45</size>
		</font>
		<font>
			<name>font35_title</name>
			<filename>Roboto-Bold.ttf</filename>
			<size>52</size>
		</font>
		<font>
			<name>font_MainMenu</name>
			<filename>Roboto-Bold.ttf</filename>
			<size>60</size>
		</font>
		<font>
			<name>WeatherTemp</name>
			<filename>Roboto-Bold.ttf</filename>
			<size>120</size>
		</font>
		<font>
			<name>Mono30</name>
			<filename>AnonymousPro.ttf</filename>
			<size>30</size>
		</font>
	</fontset>

	<fontset id="Roboto Condensed">
		<font>
			<name>font10</name>
			<filename>Condensed-Regular.ttf</filename>
			<size>24</size>
		</font>
		<font>
			<name>font12</name>
			<filename>Condensed-Regular.ttf</filename>
			<size>25</size>
		</font>
		<font>
			<name>font13</name>
			<filename>Condensed-Regular.ttf</filename>
			<size>30</size>
		</font>
		<font>
			<name>font14</name>
			<filename>Condensed-Regular.ttf</filename>
			<size>33</size>
		</font>
		<font>
			<name>font16</name>
			<filename>Condensed-Regular.ttf</filename>
			<size>37</size>
		</font>
		<font>
			<name>font30</name>
			<filename>Condensed-Regular.ttf</filename>
			<size>45</size>
		</font>
		<font>
			<name>fontContextMenu</name>
			<filename>Condensed-Regular.ttf</filename>
			<size>27</size>
		</font>
		<!-- Title Fonts -->
		<font>
			<name>font10_title</name>
			<filename>Condensed-Bold.ttf</filename>
			<size>20</size>
		</font>
		<font>
			<name>font12_title</name>
			<filename>Condensed-Bold.ttf</filename>
			<size>25</size>
		</font>
		<font>
			<name>font13_title</name>
			<filename>Condensed-Bold.ttf</filename>
			<size>30</size>
		</font>
		<font>
			<name>font20_title</name>
			<filename>Condensed-Bold.ttf</filename>
			<size>32</size>
		</font>
		<font>
			<name>font24_title</name>
			<filename>Condensed-Bold.ttf</filename>
			<size>36</size>
		</font>
		<font>
			<name>font28_title</name>
			<filename>Condensed-Bold.ttf</filename>
			<size>42</size>
		</font>
		<font>
			<name>font30_title</name>
			<filename>Condensed-Bold.ttf</filename>
			<size>45</size>
		</font>
		<font>
			<name>font35_title</name>
			<filename>Condensed-Bold.ttf</filename>
			<size>52</size>
		</font>
		<font>
			<name>font_MainMenu</name>
			<filename>Condensed-Bold.ttf</filename>
			<size>60</size>
		</font>
		<font>
			<name>WeatherTemp</name>
			<filename>Condensed-Bold.ttf</filename>
			<size>120</size>
		</font>
		<font>
			<name>Mono30</name>
			<filename>AnonymousPro.ttf</filename>
			<size>30</size>
		</font>
	</fontset>


</fonts>
