<?xml version="1.0" encoding="UTF-8"?>
<window>
	<defaultcontrol>90001</defaultcontrol>
	<backgroundcolor>background</backgroundcolor>
	<controls>
	<include>DefaultBackground</include>
	<control type="group">
		<control type="group">
			<left>110</left>
			<top>0</top>
			<control type="group">
				<include>OpenClose_Left</include>
				<control type="image">
					<description>Menu Panel</description>
					<left>-20</left>
					<top>178</top>
					<width>440</width>
					<height>709</height>
					<texture border="22">dialogs/dialog-bg.png</texture>
				</control>
				<control type="group">
					<visible>Control.IsVisible(211)</visible>
					<control type="button">
						<left>176</left>
						<top>165</top>
						<width>48</width>
						<height>24</height>
						<texturefocus colordiffuse="button_focus" flipy="true">overlays/arrowdown.png</texturefocus>
						<texturenofocus colordiffuse="button_focus" flipy="true">overlays/arrowdown.png</texturenofocus>
						<animation effect="zoom" start="100,0" end="100,100" center="auto" time="200" delay="10">VisibleChange</animation>
						<animation effect="zoom" start="100,0" end="100,100" delay="500" center="auto" time="200">WindowOpen</animation>
						<animation effect="zoom" start="100,100" end="100,0" center="auto" time="200">WindowClose</animation>
						<onclick>SetFocus(211)</onclick>
						<onclick>PageUp</onclick>
						<animation effect="fade" time="200">VisibleChange</animation>
						<visible>Container(211).HasPrevious</visible>
					</control>
					<control type="button">
						<left>176</left>
						<top>877</top>
						<width>48</width>
						<height>24</height>
						<texturefocus colordiffuse="button_focus">overlays/arrowdown.png</texturefocus>
						<texturenofocus colordiffuse="button_focus">overlays/arrowdown.png</texturenofocus>
						<animation effect="zoom" start="100,0" end="100,100" center="auto" time="200" delay="10">VisibleChange</animation>
						<animation effect="zoom" start="100,0" end="100,100" delay="500" center="auto" time="200">WindowOpen</animation>
						<animation effect="zoom" start="100,100" end="100,0" center="auto" time="200">WindowClose</animation>
						<onclick>SetFocus(211)</onclick>
						<onclick>PageDown</onclick>
						<animation effect="fade" time="200">VisibleChange</animation>
						<visible>Container(211).HasNext</visible>
					</control>
				</control>	
			<control type="list" id="211">
				<left>0</left>
				<top>200</top>
				<width>400</width>
				<height>666</height>
				<onleft>61</onleft>
				<onright>90001</onright>
				<onup>211</onup>
				<ondown>211</ondown>
				<pagecontrol>61</pagecontrol>
				<itemlayout height="74">
						<control type="image">
							<left>0</left>
							<top>0</top>
							<width>390</width>
							<height>75</height>
							<texture border="90,3,90,3">lists/separator.png</texture>
						</control>
						<control type="image">
							<left>-3</left>
							<top>1</top>
							<width>70</width>
							<height>70</height>
							<texture>$INFO[ListItem.Icon]</texture>
						</control>
						<control type="label">
							<left>74</left>
							<top>0</top>
							<height>70</height>
							<width>321</width>
							<aligny>center</aligny>
							<font>font14</font>
							<label>$INFO[ListItem.Label]</label>
							<shadowcolor>text_shadow</shadowcolor>
						</control>
					</itemlayout>
					<focusedlayout height="74">
						<control type="image">
							<left>0</left>
							<top>0</top>
							<width>390</width>
							<height>75</height>
							<texture border="90,3,90,3">lists/separator.png</texture>
							<visible>!Control.HasFocus(211) + !Control.HasFocus(90001)</visible>
						</control>
						<control type="group">
							<control type="image">
								<left>2</left>
								<top>0</top>
								<width>396</width>
								<height>73</height>
								<texture colordiffuse="button_focus">lists/focus.png</texture>
								<animation effect="fade" start="100" end="0" time="0" condition="Control.HasFocus(90001)">Conditional</animation>
							</control>
							<control type="image">
								<left>-3</left>
								<top>1</top>
								<width>70</width>
								<height>70</height>
								<texture colordiffuse="button_focus">$INFO[ListItem.Icon]</texture>
								<animation effect="fade" start="0" end="100" time="300" reversible="false">Focus</animation>
							</control>
							<control type="image">
								<left>-5</left>
								<top>0</top>
								<width>68</width>
								<height>74</height>
								<texture colordiffuse="51FFFFFF">colors/black.png</texture>
								<animation effect="fade" start="100" end="0" time="0" condition="Control.HasFocus(90001)">Conditional</animation>
							</control>
						</control>
						<control type="image">
							<left>-3</left>
							<top>1</top>
							<width>70</width>
							<height>70</height>
							<texture>$INFO[ListItem.Icon]</texture>
						</control>
						<control type="label">
							<left>74</left>
							<top>0</top>
							<height>70</height>
							<width>321</width>
							<aligny>center</aligny>
							<font>font14</font>
							<scroll>yes</scroll>
							<label>$INFO[ListItem.Label]</label>
							<shadowcolor>text_shadow</shadowcolor>
						</control>
					</focusedlayout>

			</control>
			</control>
		</control>
			<control type="group">
				<include>OpenClose_Right</include>
				<control type="image">
					<left>530</left>
					<top>138</top>
					<width>1300</width>
					<height>792</height>
					<texture border="22">dialogs/dialog-bg.png</texture>
				</control>
				<control type="image">
					<left>552</left>
					<top>802</top>
					<width>1256</width>
					<height>3</height>
					<texture colordiffuse="button_focus" border="2">dialogs/separator.png</texture>
				</control>
				<include name="UpDownArrows">
					<param name="container_id" value="90001" />
					<param name="posx" value="1045" />
					<param name="up_posy" value="130" />
					<param name="down_posy" value="910" />
					<param name="visible" value="!System.HasModalDialog" />
				</include>
			<control type="grouplist" id="90001">
				<left>552</left>
				<top>160</top>
				<width>1256</width>
				<height>630</height>
				<onleft>211</onleft>
				<onright>60</onright>
				<onup>90001</onup>
				<ondown>90001</ondown>
				<pagecontrol>60</pagecontrol>
				<control type="button" id="401">
					<description>Choose shortcut</description>
					<width>1256</width>
					<include>DefaultSettingButton</include>
					<label>$ADDON[script.skinshortcuts 32048]</label>
					<label2>$INFO[Container(211).ListItem.Label]</label2>
				</control>
				<control type="button" id="307">
					<description>Change action</description>
					<width>1256</width>
					<include>DefaultSettingButton</include>
					<label>$ADDON[script.skinshortcuts 32027]</label>
					<label2>$INFO[Container(211).ListItem.Property(displaypath)]</label2>
				</control>
				<control type="button" id="305">
					<description>Change label</description>
					<width>1256</width>
					<include>DefaultSettingButton</include>
					<label>$ADDON[script.skinshortcuts 32025]</label>
					<label2>$INFO[Container(211).ListItem.Label]</label2>
				</control>
                		<control type="button" id="306">
					<description>Browse for thumbnail</description>
					<width>1256</width>
					<include>DefaultSettingButton</include>
					<label>$ADDON[script.skinshortcuts 32026]</label>
					<label2>$INFO[Container(211).ListItem.Icon]</label2>
					<visible>!String.IsEqual(Window.Property(groupname),powermenu)</visible>
				</control>
				<control type="button" id="310">
					<description>Browse for background</description>
					<width>1256</width>
					<include>DefaultSettingButton</include>
					<label>$ADDON[script.skinshortcuts 32045]</label>
					<label2>$VAR[Label_SkinSetting_Backgrounds]</label2>
					<visible>!String.IsEqual(Window.Property(groupname),powermenu)</visible>
				</control>
				<control type="button" id="405">
					<description>Edit submenu</description>
					<width>1256</width>
					<include>DefaultSettingButton</include>
					<label>$ADDON[script.skinshortcuts 32072]</label>
					<visible>StringCompare(Window.Property(groupname),mainmenu)</visible>
				</control>
				<control type="button" id="312">
					<description>Change widget 1</description>
					<width>1256</width>
					<include>DefaultSettingButton</include>
					<label>$ADDON[script.skinshortcuts 32044] 1</label>
					<label2>$INFO[Container(211).ListItem.Property(widgetName)]</label2>
					<visible>StringCompare(Window.Property(groupname),mainmenu)</visible>
				</control>
				<control type="button" id="3128">
 					<label>40023</label>
 					<label2>$INFO[Container(211).ListItem.Property(PictureWidget)]</label2>
 					<width>1256</width>
 					<include>DefaultSettingButton</include>
 					<visible>String.IsEqual(Container(211).ListItem.Property(widget),PictureWidget)</visible>
 				</control>
				<control type="button" id="3121">
					<description>Change widget style 1</description>
					<width>1256</width>
					<include>DefaultSettingButton</include>
					<label>$LOCALIZE[40017] 1</label>
					<label2>$VAR[Label_WidgetStyle1]</label2>
					<visible>StringCompare(Window.Property(groupname),mainmenu)</visible>
				</control> 

				<control type="button" id="3122">
					<description>Change widget 2</description>
					<width>1256</width>
					<include>DefaultSettingButton</include>
					<label>$ADDON[script.skinshortcuts 32044] 2</label>
					<label2>$INFO[Container(211).ListItem.Property(widgetName.2)]</label2>
					<visible>StringCompare(Window.Property(groupname),mainmenu)</visible>
					<onclick>SetProperty(widgetID,2)</onclick>
					<onclick>SendClick(312)</onclick>
				</control>
				<control type="button" id="3123">
					<description>Change widget style 2</description>
					<width>1256</width>
					<include>DefaultSettingButton</include>
					<label>$LOCALIZE[40017] 2</label>
					<label2>$VAR[Label_WidgetStyle2]</label2>
					<visible>StringCompare(Window.Property(groupname),mainmenu)</visible>
				</control>

				<control type="button" id="3124">
					<description>Episode widget 3</description>
					<width>1256</width>
					<include>DefaultSettingButton</include>
					<label>Select widget 3</label>
					<label2>$INFO[Container(211).ListItem.Property(widgetName.3)]</label2>
					<visible>StringCompare(Window.Property(groupname),mainmenu)</visible>

					<onclick>SetProperty(widgetID,3)</onclick>
					<onclick>SendClick(312)</onclick>
				</control>
				<control type="button" id="3125">
					<description>Change widget style 3</description>
					<width>1256</width>
					<include>DefaultSettingButton</include>
					<label>$LOCALIZE[40017] 3</label>
					<label2>$VAR[Label_WidgetStyle3]</label2>
					<visible>StringCompare(Window.Property(groupname),mainmenu)</visible>
				</control>
				<control type="button" id="3126">
					<description>Episode widget 4</description>
					<width>1256</width>
					<include>DefaultSettingButton</include>
					<label>Select widget 4</label>
					<label2>$INFO[Container(211).ListItem.Property(widgetName.4)]</label2>
					<visible>StringCompare(Window.Property(groupname),mainmenu)</visible>

					<onclick>SetProperty(widgetID,4)</onclick>
					<onclick>SendClick(312)</onclick>
				</control>
				<control type="button" id="3127">
					<description>Change widget style 4</description>
					<width>1256</width>
					<include>DefaultSettingButton</include>
					<label>$LOCALIZE[40017] 4</label>
					<label2>$VAR[Label_WidgetStyle4]</label2>
					<visible>StringCompare(Window.Property(groupname),mainmenu)</visible>
				</control>
				<control type="button" id="303">
					<description>Move up</description>
					<label>$LOCALIZE[31159]</label>
					<width>1256</width>
					<include>DefaultSettingButton</include>
				</control>
				<control type="button" id="304">
					<description>Move down</description>
					<label>$LOCALIZE[31160]</label>
					<width>1256</width>
					<include>DefaultSettingButton</include>
				</control>
				<control type="button" id="302">
					<description>Delete shortcut</description>
					<width>1256</width>
					<include>DefaultSettingButton</include>
				</control>
				<control type="button" id="301">
					<description>Add shortcut</description>
					<width>1256</width>
					<include>DefaultSettingButton</include>
					<label>$ADDON[script.skinshortcuts 32000]</label>
				</control>
			</control>
			<control type="textbox" id="6">
				<description>description area</description>
				<left>590</left>
				<top>810</top>
				<width>1150</width>
				<height>83</height>
				<font>font12</font>
				<align>justify</align>
				<textcolor>button_focus</textcolor>
				<label>$VAR[SkinSettingsHelpTextVar]</label>
				<autoscroll time="3000" delay="4000" repeat="5000">true</autoscroll>
			</control>
		</control>
		</control>
		<control type="group">
		<include>OpenClose_Right</include>
		<control type="scrollbar" id="60">
			<visible allowhiddenfocus="true">[Control.HasFocus(60) | ControlGroup(90001).HasFocus]</visible>
			<animation effect="fade" time="300" tween="sine" easing="inout" start="0" end="100">Visible</animation>
			<right>90</right>
			<top>160</top>
			<width>10</width>
			<height>630</height>
			<onleft>90001</onleft>
			<onright>211</onright>
			<ondown>60</ondown>
			<onup>60</onup>
		</control>
		</control>
		<include content="TopBar">
			<param name="breadcrumbs_label" value="$LOCALIZE[5] / $LOCALIZE[20077]" />
			<param name="breadcrumbs_icon" value="icons/settings/skin.png" />
		</include>
		<include>BottomBar</include>
		<control type="image">
			<width>1920</width>
			<height>1080</height>
			<texture colordiffuse="#ffffffff">colors/black.png</texture>
			<visible>!System.hasAddon(plugin.program.MG.AR.wizard)</visible>
		</control>
	</controls>
</window>
