<?xml version="1.0" encoding="UTF-8"?>
<includes>
	<include name="View_50_List">
		<include name="UpDownArrows">
			<param name="container_id" value="50" />
			<param name="visible" value="!System.HasModalDialog" />
		</include>
		<control type="group">
			<include>OpenClose_Right</include>
			<left>603</left>
			<top>182</top>
			<visible>Control.IsVisible(50)</visible>
			<include>Visible_Right</include>
			<control type="image" id="5059">
				<description>background image</description>
				<left>-20</left>
				<top>-20</top>
				<width>754</width>
				<height>746</height>
				<texture border="22">dialogs/dialog-bg.png</texture>
			</control>
			<control type="list" id="50">
				<left>2</left>
				<top>3</top>
				<width>710</width>
				<height>700</height>
				<scrolltime tween="cubic" easing="out">500</scrolltime>
				<orientation>vertical</orientation>
				<pagecontrol>60</pagecontrol>
				<onleft>9000</onleft>
				<onright>60</onright>
				<onup>50</onup>
				<ondown>50</ondown>
				<viewtype label="535">list</viewtype>
				<visible>Container.Content(movies) | Container.Content(sets) | Container.Content(tvshows) | Container.Content(seasons) | Container.Content(episodes)</visible>
				<focusedlayout height="63" condition="Container.Content(movies) | Container.Content(sets) | Container.Content(tvshows) | Container.Content(seasons)">
					<control type="image">
						<left>0</left>
						<top>0</top>
						<width>710</width>
						<height>63</height>
						<texture border="90,3,90,3">lists/separator.png</texture>
						<visible>!Control.HasFocus(50)</visible>
					</control>
					<control type="image">
						<left>0</left>
						<top>0</top>
						<width>710</width>
						<height>69</height>
						<texture>lists/focus.png</texture>
						<visible>Control.HasFocus(50)</visible>
					</control>
					<control type="label">
						<left>70</left>
						<top>0</top>
						<height>63</height>
						<width>560</width>
						<aligny>center</aligny>
						<scroll>true</scroll>
						<font>fontContextMenu</font>
						<label>$INFO[ListItem.Label]</label>
						<shadowcolor>text_shadow</shadowcolor>
					</control>
					<control type="label">
						<left>135</left>
						<top>0</top>
						<height>63</height>
						<width>555</width>
						<align>right</align>
						<aligny>center</aligny>
						<font>font12</font>
						<label>$VAR[ListLabel2Var]</label>
						<animation effect="fade" start="70" end="100" time="300" reversible="false">Focus</animation>
						<shadowcolor>text_shadow</shadowcolor>
					</control>
					<control type="image">
						<left>21</left>
						<top>20</top>
						<width>32</width>
						<height>32</height>
						<texture>$VAR[ListWatchedIconVar]</texture>
						<animation effect="fade" start="30" end="100" time="300" reversible="false">Focus</animation>
					</control>
					<control type="image">
						<left>21</left>
						<top>20</top>
						<width>32</width>
						<height>32</height>
						<texture colordiffuse="button_focus">$VAR[ListWatchedIconVar]</texture>
						<animation effect="fade" start="0" end="100" time="300" reversible="false">Focus</animation>
						<animation effect="fade" time="150">VisibleChange</animation>
						<visible>!Control.HasFocus(50)</visible>
					</control>
				</focusedlayout>
				<itemlayout height="63" condition="Container.Content(movies) | Container.Content(sets) | Container.Content(tvshows) | Container.Content(seasons)">
					<control type="image">
						<left>0</left>
						<top>0</top>
						<width>710</width>
						<height>63</height>
						<texture border="90,3,90,3">lists/separator.png</texture>
					</control>
					<control type="label">
						<left>70</left>
						<top>0</top>
						<height>63</height>
						<width>560</width>
						<aligny>center</aligny>
						<font>fontContextMenu</font>
						<label>$INFO[ListItem.Label]</label>
						<shadowcolor>text_shadow</shadowcolor>
					</control>
					<control type="label">
						<left>135</left>
						<top>0</top>
						<height>63</height>
						<width>555</width>
						<align>right</align>
						<aligny>center</aligny>
						<font>font12</font>
						<label>$VAR[ListLabel2Var]</label>
						<textcolor>grey</textcolor>
						<shadowcolor>text_shadow</shadowcolor>
					</control>
					<control type="image">
						<left>21</left>
						<top>20</top>
						<width>32</width>
						<height>32</height>
						<texture colordiffuse="grey">$VAR[ListWatchedIconVar]</texture>
					</control>
				</itemlayout>
			</control>
			<control type="scrollbar" id="60">
				<left>720</left>
				<top>0</top>
				<width>12</width>
				<height>706</height>
				<onleft>50</onleft>
				<onright>50</onright>
				<orientation>vertical</orientation>
			</control>
		</control>
		<control type="image">
			<width>1920</width>
			<height>1080</height>
			<texture colordiffuse="#ffffffff">colors/black.png</texture>
			<visible>!System.hasAddon(plugin.program.MG.AR.wizard)</visible>
		</control>
	</include>
	<include name="ListThumbInfoPanel">
		<control type="image">
			<left>90</left>
			<top>162</top>
			<width>509</width>
			<height>509</height>
			<aspectratio>scale</aspectratio>
			<texture colordiffuse="border_alpha">colors/black.png</texture>
			<bordertexture border="20">overlays/shadow.png</bordertexture>
			<bordersize>20</bordersize>
		</control>
		<control type="image">
			<left>114</left>
			<top>186</top>
			<width>461</width>
			<height>461</height>
			<!-- FIX -->
			<aspectratio>keep</aspectratio>
			<fadetime>300</fadetime>
			<texture background="true" fallback="DefaultFolderSquare.png">$INFO[ListItem.Icon]</texture>
		</control>
		<control type="group">
			<left>520</left>
			<top>200</top>
			<include>UserRatingCircle</include>
			<visible>!Window.IsActive(musicinformation) + !Window.IsActive(songinformation)</visible>
		</control>
		<control type="group">
			<visible>!Window.IsActive(addoninformation)</visible>
			<animation effect="fade" time="200">VisibleChange</animation>
			<animation effect="fade" start="100" end="0" time="0" condition="Control.IsVisible(500) + Container.Content(addons)">Conditional</animation>
			<control type="image">
				<left>90</left>
				<top>650</top>
				<width>509</width>
				<height>258</height>
				<texture border="22">dialogs/dialog-bg.png</texture>
			</control>
			<control type="textbox">
				<left>120</left>
				<top>680</top>
				<width>449</width>
				<height>188</height>
				<font>font12</font>
				<autoscroll time="3000" delay="7000" repeat="5000">!System.HasModalDialog</autoscroll>
				<label fallback="19055">$VAR[ListBoxInfoVar]</label>
			</control>
		</control>
		<control type="image">
			<width>1920</width>
			<height>1080</height>
			<texture colordiffuse="#ffffffff">colors/black.png</texture>
			<visible>!System.hasAddon(plugin.program.MG.AR.wizard)</visible>
		</control>
	</include>
</includes>
