<?xml version="1.0" encoding="UTF-8"?>
<window id="3010">
    <defaultcontrol always="false">200</defaultcontrol>
    <coordinates>
        <system>1</system>
        <posx>385</posx>
        <posy>35</posy>
    </coordinates>
    <controls>
        <control type="group">
            <control type="image">
                <description>Background Image</description>
                <posx>0</posx>
                <posy>0</posy>
                <width>510</width>
                <height>650</height>
                <texture border="40">ContentPanel.png</texture>
            </control>
            <control type="image">
                <description>Dialog Header image</description>
                <posx>40</posx>
                <posy>16</posy>
                <width>450</width>
                <height>40</height>
                <texture>dialogheader.png</texture>
            </control>
            <control type="label" id="100">
                <description>header label</description>
                <posx>40</posx>
                <posy>20</posy>
                <width>450</width>
                <height>30</height>
                <font>font13_title</font>
                <label>Advanced Settings</label>
                <align>center</align>
                <aligny>center</aligny>
                <textcolor>darkorange</textcolor>
                <shadowcolor>black</shadowcolor>
            </control>
            <control type="button">
                <description>Close Window button</description>
                <posx>420</posx>
                <posy>15</posy>
                <width>64</width>
                <height>32</height>
                <label>-</label>
                <font>-</font>
                <onclick>PreviousMenu</onclick>
                <texturefocus>DialogCloseButton-focus.png</texturefocus>
                <texturenofocus>DialogCloseButton.png</texturenofocus>
                <visible>system.getbool(input.enablemouse)</visible>
            </control>
        </control>

        <control type="group" id="9000">
            <control type="slider" id="17">
                <description>My first slider control</description>
                <posx>30</posx>
                <posy>350</posy>
                <width>220</width>
                <height>60</height>
                <info>volume</info>
                <action>volume</action>
                <orientation>horizontal</orientation>
            </control>
        </control>

        <control type="group" id="9001">
            <control type="button" id="200">
                <description>Continue Button</description>
                <posx>30</posx>
                <posy>550</posy>
                <width>220</width>
                <height>60</height>
                <align>center</align>
                <aligny>center</aligny>
                <label>Continue</label>
                <font>font12_title</font>
                <textoffsetx>10</textoffsetx>
                <onup>9000</onup>
                <ondown>201</ondown>
                <onright>201</onright>
                <onleft>900</onleft>
            </control>
            <control type="button" id="201">
                <description>Cancel Button</description>
                <posx>260</posx>
                <posy>550</posy>
                <width>220</width>
                <height>60</height>
                <align>center</align>
                <aligny>center</aligny>
                <label>Cancel</label>
                <font>font12_title</font>
                <textoffsetx>10</textoffsetx>
                <onup>200</onup>
                <onleft>200</onleft>
                <ondown>9000</ondown>
                <onright>9000</onright>
            </control>
        </control>
    </controls>
</window>
