﻿<?xml version="1.0" encoding="utf-8"?>
<includes>
    <include name="HomeSubPanels">
        <include name="HomeSubButtonsFocus">
            <param name="button_id" value="$PARAM[button_id]" />
            <param name="submenu_list" value="$PARAM[submenu_list]" />
        </include>
        <control type="grouplist" id="$PARAM[grouplist_id]">
            <orientation>vertical</orientation>
            <height>922</height>
            <scrolltime tween="cubic" easing="out">500</scrolltime>
            <include name="SubMenuList">
                <param name="list_id" value="$PARAM[submenu_list]" />
                <param name="ondown_id" value="$PARAM[control_id0]" />
                <param name="content_submenu" value="$PARAM[submenu_content]" />
                <param name="header_label" value="$INFO[Container(9000).ListItem.Label]" />
            </include>
            <!-- WeatherWidget 100 -->
			<control type="group" id="$PARAM[control_id0]102">
				<description>Weather info</description>
				<height>380</height>
				<visible>StringCompare(Container(9000).ListItem.Property(widget),WeatherWidget)</visible>
				<visible>!IsEmpty(Weather.plugin)</visible>
				<control type="image">
					<top>2</top>
					<left>480</left>
					<width>1360</width>
					<height>380</height>
					<texture border="22">dialogs/dialog-bg.png</texture>
				</control>
				<control type="image">
					<top>20</top>
					<left>530</left>
					<width>150</width>
					<height>150</height>
					<texture>$VAR[CurrentWeatherIcon]</texture>
				</control>
				<control type="label">
					<left>990</left>
					<top>110</top>
					<aligny>center</aligny>
					<height>24</height>
					<width>800</width>
					<align>right</align>
					<font>font14</font>
					<label>$INFO[Weather.Conditions] - $INFO[Weather.Temperature]</label>
				</control>
				<control type="label">
					<left>990</left>
					<top>50</top>
					<aligny>center</aligny>
					<height>24</height>
					<width>800</width>
					<align>right</align>
					<font>font35_title</font>
					<label>$INFO[Weather.Location]</label>
				</control>
				<control type="grouplist">
					<top>215</top>
					<left>540</left>
					<width>1330</width>
					<orientation>horizontal</orientation>
					<align>justify</align>
					<itemgap>-50</itemgap>
					<include name="WeatherIcon">
						<param name="label" value="Window(weather).Property(Current.Wind)" />
						<param name="texture" value="icons/weather/wind.png" />
						<param name="header" value="404" />
					</include>
					<include name="WeatherIcon">
						<param name="label" value="Window(weather).Property(Current.Humidity)" />
						<param name="texture" value="icons/weather/humidity.png" />
						<param name="header" value="406" />
					</include>
					<include name="WeatherIcon">
						<param name="label" value="Window(weather).Property(Current.Precipitation)" />
						<param name="texture" value="icons/weather/rain.png" />
						<param name="header" value="33021" />
					</include>
					<include name="WeatherIcon">
						<param name="label" value="Window(weather).Property(Today.Sunrise)" />
						<param name="texture" value="icons/weather/sunrise.png" />
						<param name="header" value="405" />
					</include>
					<include name="WeatherIcon">
						<param name="label" value="Window(weather).Property(Today.Sunset)" />
						<param name="texture" value="icons/weather/sunset.png" />
						<param name="header" value="403" />
					</include>
				</control>
			</control>
			<include name="WeatherWidget">
				<param name="content_include" value="HourlyItems" />
				<param name="onup_id" value="$PARAM[submenu_list]" />
				<param name="list_id" value="$PARAM[control_id0]100" />				
				<param name="ondown_id" value="$PARAM[control_id0]101" />
				<param name="widget_header" value="$LOCALIZE[33036]"/>
				<param name="visible" value="StringCompare(Container(9000).ListItem.Property(widget),WeatherWidget) + !IsEmpty(Weather.plugin) + !IsEmpty(Window(weather).Property(Hourly.IsFetched))" />
			</include>
			<include name="WeatherWidget">
				<param name="content_include" value="DailyItems" />
				<param name="onup_id" value="$PARAM[control_id0]100" />
				<param name="list_id" value="$PARAM[control_id0]101" />				
				<param name="widget_header" value="$LOCALIZE[31019]"/>
				<param name="visible" value="StringCompare(Container(9000).ListItem.Property(widget),WeatherWidget) + !IsEmpty(Weather.plugin) + !IsEmpty(Window(weather).Property(Daily.IsFetched))" />
			</include>			
            <!-- TVWidget 103 -->
			<control type="grouplist">
				<height>218</height>
				<left>478</left>
				<top>36</top>
				<orientation>horizontal</orientation>
				<visible>False</visible>
				<visible>StringCompare(Container(9000).ListItem.Property(widget),TVWidget)</visible>
				<visible>PVR.IsRecording | PVR.HasNonRecordingTimer</visible>
				<align>right</align>
				<width>1360</width>
				<control type="group">
					<width>680</width>
					<visible>PVR.IsRecording</visible>
					<include name="PVRWidget">
						<param name="item_image" value="$INFO[PVR.NowRecordingChannelIcon]" />
						<param name="header" value="$LOCALIZE[19158]" />
						<param name="label1" value="$INFO[PVR.NowRecordingDateTime,$LOCALIZE[19126] - ]" />
						<param name="label2" value="$INFO[PVR.NowRecordingTitle][CR][COLOR=grey]$INFO[PVR.NowRecordingChannel][/COLOR]" />
					</include>
				</control>
				<control type="group">
					<visible>PVR.HasNonRecordingTimer</visible>
					<width>680</width>
					<include name="PVRWidget">
						<param name="item_image" value="$INFO[PVR.NextRecordingChannelIcon]" />
						<param name="header" value="$LOCALIZE[19157]" />
						<param name="label1" value="$INFO[PVR.NextRecordingDateTime,$LOCALIZE[19126] - ]" />
						<param name="label2" value="$INFO[PVR.NextRecordingTitle][CR][COLOR=grey]$INFO[PVR.NextRecordingChannel][/COLOR]" />
					</include>
				</control>
			</control>
			<include condition="![Skin.HasSetting(enable_custom_list_channels) + Skin.HasSetting(enable_custom_list_channels_tv)]" name="WidgetListChannels">
				<param name="content_path" value="pvr://channels/tv/*"/>
				<param name="widget_header" value="$LOCALIZE[31016]"/>
				<param name="widget_target" value="pvr"/>
				<param name="onup_id" value="$PARAM[submenu_list]"/>
				<param name="list_id" value="$PARAM[control_id0]103"/>				
				<param name="height" value="550"/>
				<param name="visible" value="StringCompare(Container(9000).ListItem.Property(widget),TVWidget)"/>
			</include>
			<include condition="Skin.HasSetting(enable_custom_list_channels) + Skin.HasSetting(enable_custom_list_channels_tv)" name="WidgetListCustomChannels">
				<param name="widget_header" value="$LOCALIZE[84207]"/>
				<param name="widget_target" value="TV"/>
				<param name="onup_id" value="$PARAM[submenu_list]"/>
				<param name="list_id" value="$PARAM[control_id0]103"/>				
				<param name="height" value="550"/>
				<param name="visible" value="StringCompare(Container(9000).ListItem.Property(widget),TVWidget)"/>
			</include>			
            <!-- RadioWidget 104 -->
			<control type="grouplist">
				<height>218</height>
				<left>478</left>
				<top>36</top>
				<orientation>horizontal</orientation>
				<align>right</align>
				<width>1360</width>
				<visible>StringCompare(Container(9000).ListItem.Property(widget),RadioWidget)</visible>
				<visible>PVR.IsRecording | PVR.HasNonRecordingTimer</visible>
				<control type="group">
					<width>680</width>
					<visible>PVR.IsRecording</visible>
					<include name="PVRWidget">
						<param name="icon" value="$INFO[PVR.NowRecordingChannelIcon]" />
						<param name="header" value="$LOCALIZE[19158]" />
						<param name="label1" value="$INFO[PVR.NowRecordingDateTime,$LOCALIZE[19126] - ]" />
						<param name="label2" value="$INFO[PVR.NowRecordingTitle][CR][COLOR=grey]$INFO[PVR.NowRecordingChannel][/COLOR]" />
					</include>
				</control>
				<control type="group">
					<visible>PVR.HasNonRecordingTimer</visible>
					<width>680</width>
					<include name="PVRWidget">
						<param name="icon" value="$INFO[PVR.NextRecordingChannelIcon]" />
						<param name="header" value="$LOCALIZE[19157]" />
						<param name="label1" value="$INFO[PVR.NextRecordingDateTime,$LOCALIZE[19126] - ]" />
						<param name="label2" value="$INFO[PVR.NextRecordingTitle][CR][COLOR=grey]$INFO[PVR.NextRecordingChannel][/COLOR]" />
					</include>
				</control>
			</control>
			<include condition="![Skin.HasSetting(enable_custom_list_channels) + Skin.HasSetting(enable_custom_list_channels_radio)]" name="WidgetListChannels">
				<param name="content_path" value="pvr://channels/radio/*"/>
				<param name="widget_header" value="$LOCALIZE[31018]"/>
				<param name="widget_target" value="files"/>
				<param name="onup_id" value="$PARAM[submenu_list]"/>
				<param name="list_id" value="$PARAM[control_id0]104"/>				
				<param name="height" value="550"/>
				<param name="visible" value="StringCompare(Container(9000).ListItem.Property(widget),RadioWidget)"/>
			</include>
			<include condition="Skin.HasSetting(enable_custom_list_channels) + Skin.HasSetting(enable_custom_list_channels_radio)" name="WidgetListCustomChannels">
				<param name="widget_header" value="$LOCALIZE[84208]"/>
				<param name="widget_target" value="Radio"/>
				<param name="onup_id" value="$PARAM[submenu_list]"/>
				<param name="list_id" value="$PARAM[control_id0]104"/>
				<param name="height" value="550"/>
				<param name="visible" value="StringCompare(Container(9000).ListItem.Property(widget),RadioWidget)"/>
			</include>
            <!-- AddonsWidget 110 -->
			<!-- Video Addons -->
			<include condition="![Skin.HasSetting(enable_custom_list_addons)+Skin.HasSetting(enable_custom_list_addons_video)]" name="WidgetListAddons">
				<param name="content_path" value="addons://sources/video/"/>
				<param name="widget_header" value="$LOCALIZE[1037]"/>
				<param name="widget_target" value="videos"/>
				<param name="sortby" value="lastused"/>
				<param name="sortorder" value="descending"/>
				<param name="onup_id" value="$PARAM[submenu_list]"/>
				<param name="list_id" value="$PARAM[control_id0]110"/>				
				<param name="ondown_id" value="$PARAM[control_id0]111"/>
				<param name="visible" value="StringCompare(Container(9000).ListItem.Property(widget),AddonsWidget)"/>
			</include>
			<include condition="Skin.HasSetting(enable_custom_list_addons)+Skin.HasSetting(enable_custom_list_addons_video)" name="WidgetListCustomAddons">
				<param name="widget_header" value="$LOCALIZE[1037]"/>
				<param name="widget_target" value="Video"/>
				<param name="onup_id" value="$PARAM[submenu_list]"/>
				<param name="list_id" value="$PARAM[control_id0]110"/>				
				<param name="ondown_id" value="$PARAM[control_id0]111"/>
				<param name="visible" value="StringCompare(Container(9000).ListItem.Property(widget),AddonsWidget)"/>
			</include>
			<!-- Audio Addons -->
			<include condition="![Skin.HasSetting(enable_custom_list_addons)+Skin.HasSetting(enable_custom_list_addons_audio)]" name="WidgetListAddons">
				<param name="content_path" value="addons://sources/audio"/>
				<param name="widget_header" value="$LOCALIZE[1038]"/>
				<param name="widget_target" value="music"/>
				<param name="sortby" value="lastused"/>
				<param name="sortorder" value="descending"/>
				<param name="onup_id" value="$PARAM[control_id0]110"/>
				<param name="list_id" value="$PARAM[control_id0]111"/>				
				<param name="ondown_id" value="$PARAM[control_id0]112"/>
				<param name="visible" value="StringCompare(Container(9000).ListItem.Property(widget),AddonsWidget)"/>           
			</include>
			<include condition="Skin.HasSetting(enable_custom_list_addons)+Skin.HasSetting(enable_custom_list_addons_audio)" name="WidgetListCustomAddons">
				<param name="widget_header" value="$LOCALIZE[1038]"/>
				<param name="widget_target" value="Audio"/>
				<param name="onup_id" value="$PARAM[control_id0]110"/>
				<param name="list_id" value="$PARAM[control_id0]111"/>				
				<param name="ondown_id" value="$PARAM[control_id0]112"/>
				<param name="visible" value="StringCompare(Container(9000).ListItem.Property(widget),AddonsWidget)"/>
			</include>
			<!-- Programs Addons -->
			<include condition="![Skin.HasSetting(enable_custom_list_addons)+Skin.HasSetting(enable_custom_list_addons_programs)]" name="WidgetListAddons">
				<param name="content_path" value="addons://sources/executable"/>
				<param name="widget_header" value="$LOCALIZE[1043]"/>
				<param name="widget_target" value="programs"/>
				<param name="sortby" value="lastused"/>
				<param name="sortorder" value="descending"/>
				<param name="onup_id" value="$PARAM[control_id0]111"/>
				<param name="list_id" value="$PARAM[control_id0]112"/>				
				<param name="ondown_id" value="$PARAM[control_id0]113"/>
				<param name="visible" value="StringCompare(Container(9000).ListItem.Property(widget),AddonsWidget)"/>
			</include>
			<include condition="Skin.HasSetting(enable_custom_list_addons)+Skin.HasSetting(enable_custom_list_addons_programs)" name="WidgetListCustomAddons">
				<param name="widget_header" value="$LOCALIZE[1043]"/>
				<param name="widget_target" value="Programs"/>
				<param name="onup_id" value="$PARAM[control_id0]111"/>
				<param name="list_id" value="$PARAM[control_id0]112"/>				
				<param name="ondown_id" value="$PARAM[control_id0]113"/>
				<param name="visible" value="StringCompare(Container(9000).ListItem.Property(widget),AddonsWidget)"/>
			</include>
			<!-- Images Addons -->
			<include condition="![Skin.HasSetting(enable_custom_list_addons)+Skin.HasSetting(enable_custom_list_addons_image)]" name="WidgetListAddons">
				<param name="content_path" value="addons://sources/image"/>
				<param name="widget_header" value="$LOCALIZE[1039]"/>
				<param name="widget_target" value="pictures"/>
				<param name="sortby" value="lastused"/>
				<param name="sortorder" value="descending"/>
				<param name="onup_id" value="$PARAM[control_id0]112"/>
				<param name="list_id" value="$PARAM[control_id0]113"/>				
				<param name="ondown_id" value="$PARAM[control_id0]114"/>
				<param name="visible" value="StringCompare(Container(9000).ListItem.Property(widget),AddonsWidget)"/>
			</include>
			<include condition="Skin.HasSetting(enable_custom_list_addons)+Skin.HasSetting(enable_custom_list_addons_image)" name="WidgetListCustomAddons">
				<param name="widget_header" value="$LOCALIZE[1039]"/>
				<param name="widget_target" value="Image"/>
				<param name="onup_id" value="$PARAM[control_id0]112"/>
				<param name="list_id" value="$PARAM[control_id0]113"/>				
				<param name="ondown_id" value="$PARAM[control_id0]114"/>
				<param name="visible" value="StringCompare(Container(9000).ListItem.Property(widget),AddonsWidget)"/>
			</include>
			<!-- Android Apps -->
			<include name="WidgetListAddons">
				<param name="content_path" value="$VAR[AndroidAppPathVar]"/>
				<param name="widget_header" value="$LOCALIZE[20244]"/>
				<param name="widget_target" value="programs"/>
				<param name="sortby" value="lastused"/>
				<param name="sortorder" value="descending"/>
				<param name="onup_id" value="$PARAM[control_id0]113"/>
				<param name="list_id" value="$PARAM[control_id0]114"/>				
				<param name="ondown_id" value="$PARAM[control_id0]115"/>
				<param name="visible" value="StringCompare(Container(9000).ListItem.Property(widget),AddonsWidget) + System.Platform.Android + ![Skin.HasSetting(enable_custom_list_addons)+Skin.HasSetting(enable_custom_list_addons_apps)]"/>
			</include>			
			<!-- No Addons -->                        
			<include name="ImageWidget">
				<param name="image_path" value="special://skin/extras/home-images/add-ons.jpg"/>
				<param name="text_label" value="$LOCALIZE[31119]" />
				<param name="button_label" value="$LOCALIZE[31118]" />
				<param name="button_onclick2" value="SetProperty(FanartHomeType,addons,home)" />
				<param name="button_onclick" value="ActivateWindow(addonbrowser)"/>
				<param name="onup_id" value="$PARAM[control_id0]114"/>
				<param name="button_id" value="$PARAM[control_id0]115"/>				
				<param name="visible" value="StringCompare(Container(9000).ListItem.Property(widget),AddonsWidget) + !IntegerGreaterThan(Container($PARAM[control_id0]110).NumItems,0) + !IntegerGreaterThan(Container($PARAM[control_id0]111).NumItems,0) + !IntegerGreaterThan(Container($PARAM[control_id0]112).NumItems,0) + !IntegerGreaterThan(Container($PARAM[control_id0]113).NumItems,0) + !IntegerGreaterThan(Container($PARAM[control_id0]114).NumItems,0) + !Skin.HasSetting(enable_custom_list_addons)"/>
				<param name="button2_onclick" value="False"/>
				<param name="visible_2" value="False"/>
			</include>			
            <!-- SystemInfoWidget 116 -->
			<include name="SystemInfoWidget">
				<param name="button_id" value="$PARAM[control_id0]116"/>
				<param name="onup_id" value="$PARAM[submenu_list]"/>
				<param name="ondown_id" value="200001"/>
				<param name="visible" value="StringCompare(Container(9000).ListItem.Property(widget),SystemInfoWidget)"/>
			</include>			
            <!-- Media Widget 200 -->
			<!-- Widget 1 -->
			<include name="WidgetListMovies">
				<param name="content_path" value="$INFO[Container(9000).ListItem.Property(widgetPath.widget1)]"/>
				<param name="widget_header" value="$INFO[Container(9000).ListItem.Property(widgetName.widget1)]"/>
				<param name="widget_target" value="$INFO[Container(9000).ListItem.Property(widgetTarget.widget1)]"/>
				<param name="onup_id" value="$PARAM[submenu_list]"/>
				<param name="list_id" value="$PARAM[control_id0]200"/>				
				<param name="ondown_id" value="$PARAM[control_id0]201"/>		
				<param name="visible" value="StringCompare(Container(9000).ListItem.Property(widget),MediaWidget) + !IsEmpty(Container(9000).ListItem.Property(widgetType.widget1)) + StringCompare(Container(9000).ListItem.Property(widgetType.widget1),movies)"/>
			</include>
			<include name="WidgetListTVShows">
				<param name="content_path" value="$INFO[Container(9000).ListItem.Property(widgetPath.widget1)]"/>
				<param name="widget_header" value="$INFO[Container(9000).ListItem.Property(widgetName.widget1)]"/>
				<param name="widget_target" value="$INFO[Container(9000).ListItem.Property(widgetTarget.widget1)]"/>
				<param name="onup_id" value="$PARAM[control_id0]200"/>
				<param name="list_id" value="$PARAM[control_id0]201"/>				
				<param name="ondown_id" value="$PARAM[control_id0]202"/>
				<param name="visible" value="StringCompare(Container(9000).ListItem.Property(widget),MediaWidget) + !IsEmpty(Container(9000).ListItem.Property(widgetType.widget1)) + StringCompare(Container(9000).ListItem.Property(widgetType.widget1),tvshows)"/>
			</include>
			<include name="WidgetListEpisodes">
				<param name="content_path" value="$INFO[Container(9000).ListItem.Property(widgetPath.widget1)]"/>
				<param name="widget_header" value="$INFO[Container(9000).ListItem.Property(widgetName.widget1)]"/>
				<param name="widget_target" value="$INFO[Container(9000).ListItem.Property(widgetTarget.widget1)]"/>
				<param name="onup_id" value="$PARAM[control_id0]201"/>
				<param name="list_id" value="$PARAM[control_id0]202"/>
				<param name="ondown_id" value="$PARAM[control_id0]203"/>
				<param name="visible" value="StringCompare(Container(9000).ListItem.Property(widget),MediaWidget) + !IsEmpty(Container(9000).ListItem.Property(widgetType.widget1)) + StringCompare(Container(9000).ListItem.Property(widgetType.widget1),episodes)"/>
			</include>
			<include name="WidgetListAlbums">
				<param name="content_path" value="$INFO[Container(9000).ListItem.Property(widgetPath.widget1)]"/>
				<param name="widget_header" value="$INFO[Container(9000).ListItem.Property(widgetName.widget1)]"/>
				<param name="widget_target" value="$INFO[Container(9000).ListItem.Property(widgetTarget.widget1)]"/>
				<param name="onup_id" value="$PARAM[control_id0]202"/>
				<param name="list_id" value="$PARAM[control_id0]203"/>
				<param name="ondown_id" value="$PARAM[control_id0]204"/>
				<param name="visible" value="StringCompare(Container(9000).ListItem.Property(widget),MediaWidget) + !IsEmpty(Container(9000).ListItem.Property(widgetType.widget1)) + [StringCompare(Container(9000).ListItem.Property(widgetType.widget1),musicvideos) | StringCompare(Container(9000).ListItem.Property(widgetType.widget1),albums)]"/>
			</include>
			<include name="WidgetListArtists">
				<param name="content_path" value="$INFO[Container(9000).ListItem.Property(widgetPath.widget1)]"/>
				<param name="widget_header" value="$INFO[Container(9000).ListItem.Property(widgetName.widget1)]"/>
				<param name="widget_target" value="$INFO[Container(9000).ListItem.Property(widgetTarget.widget1)]"/>
				<param name="onup_id" value="$PARAM[control_id0]203"/>
				<param name="list_id" value="$PARAM[control_id0]204"/>
				<param name="ondown_id" value="$PARAM[control_id0]205"/>
				<param name="visible" value="StringCompare(Container(9000).ListItem.Property(widget),MediaWidget) + !IsEmpty(Container(9000).ListItem.Property(widgetType.widget1)) + StringCompare(Container(9000).ListItem.Property(widgetType.widget1),artists)"/>
			</include>
			<include name="WidgetListSongs">
				<param name="content_path" value="$INFO[Container(9000).ListItem.Property(widgetPath.widget1)]"/>
				<param name="widget_header" value="$INFO[Container(9000).ListItem.Property(widgetName.widget1)]"/>
				<param name="widget_target" value="$INFO[Container(9000).ListItem.Property(widgetTarget.widget1)]"/>
				<param name="onup_id" value="$PARAM[control_id0]204"/>
				<param name="list_id" value="$PARAM[control_id0]205"/>
				<param name="ondown_id" value="$PARAM[control_id0]206"/>
				<param name="visible" value="StringCompare(Container(9000).ListItem.Property(widget),MediaWidget) + !IsEmpty(Container(9000).ListItem.Property(widgetType.widget1)) + StringCompare(Container(9000).ListItem.Property(widgetType.widget1),songs)"/>
			</include>
			<include name="WidgetListText">
				<param name="content_path" value="$INFO[Container(9000).ListItem.Property(widgetPath.widget1)]"/>
				<param name="widget_header" value="$INFO[Container(9000).ListItem.Property(widgetName.widget1)]"/>
				<param name="widget_target" value="$INFO[Container(9000).ListItem.Property(widgetTarget.widget1)]"/>				
				<param name="onup_id" value="$PARAM[control_id0]205"/>
				<param name="list_id" value="$PARAM[control_id0]206"/>
				<param name="ondown_id" value="$PARAM[control_id0]207"/>
				<param name="visible" value="StringCompare(Container(9000).ListItem.Property(widget),MediaWidget) + !IsEmpty(Container(9000).ListItem.Property(widgetType.widget1)) + ![StringCompare(Container(9000).ListItem.Property(widgetType.widget1),movies) | StringCompare(Container(9000).ListItem.Property(widgetType.widget1),tvshows) | StringCompare(Container(9000).ListItem.Property(widgetType.widget1),episodes) | StringCompare(Container(9000).ListItem.Property(widgetType.widget1),musicvideos) | StringCompare(Container(9000).ListItem.Property(widgetType.widget1),albums) | StringCompare(Container(9000).ListItem.Property(widgetType.widget1),artists) | StringCompare(Container(9000).ListItem.Property(widgetType.widget1),songs)]"/>
			</include>
			<!-- Widget 2 -->
			<include name="WidgetListMovies">
				<param name="content_path" value="$INFO[Container(9000).ListItem.Property(widgetPath.widget2)]"/>
				<param name="widget_header" value="$INFO[Container(9000).ListItem.Property(widgetName.widget2)]"/>
				<param name="widget_target" value="$INFO[Container(9000).ListItem.Property(widgetTarget.widget2)]"/>
				<param name="onup_id" value="$PARAM[control_id0]206"/>
				<param name="list_id" value="$PARAM[control_id0]207"/>				
				<param name="ondown_id" value="$PARAM[control_id0]208"/>
				<param name="visible" value="StringCompare(Container(9000).ListItem.Property(widget),MediaWidget) + !IsEmpty(Container(9000).ListItem.Property(widgetType.widget2)) + StringCompare(Container(9000).ListItem.Property(widgetType.widget2),movies)"/>
			</include>
			<include name="WidgetListTVShows">
				<param name="content_path" value="$INFO[Container(9000).ListItem.Property(widgetPath.widget2)]"/>
				<param name="widget_header" value="$INFO[Container(9000).ListItem.Property(widgetName.widget2)]"/>
				<param name="widget_target" value="$INFO[Container(9000).ListItem.Property(widgetTarget.widget2)]"/>
				<param name="onup_id" value="$PARAM[control_id0]207"/>
				<param name="list_id" value="$PARAM[control_id0]208"/>				
				<param name="ondown_id" value="$PARAM[control_id0]209"/>
				<param name="visible" value="StringCompare(Container(9000).ListItem.Property(widget),MediaWidget) + !IsEmpty(Container(9000).ListItem.Property(widgetType.widget2)) + StringCompare(Container(9000).ListItem.Property(widgetType.widget2),tvshows)"/>
			</include>
			<include name="WidgetListEpisodes">
				<param name="content_path" value="$INFO[Container(9000).ListItem.Property(widgetPath.widget2)]"/>
				<param name="widget_header" value="$INFO[Container(9000).ListItem.Property(widgetName.widget2)]"/>
				<param name="widget_target" value="$INFO[Container(9000).ListItem.Property(widgetTarget.widget2)]"/>
				<param name="onup_id" value="$PARAM[control_id0]208"/>
				<param name="list_id" value="$PARAM[control_id0]209"/>
				<param name="ondown_id" value="$PARAM[control_id0]210"/>
				<param name="visible" value="StringCompare(Container(9000).ListItem.Property(widget),MediaWidget) + !IsEmpty(Container(9000).ListItem.Property(widgetType.widget2)) + StringCompare(Container(9000).ListItem.Property(widgetType.widget2),episodes)"/>
			</include>
			<include name="WidgetListAlbums">
				<param name="content_path" value="$INFO[Container(9000).ListItem.Property(widgetPath.widget2)]"/>
				<param name="widget_header" value="$INFO[Container(9000).ListItem.Property(widgetName.widget2)]"/>
				<param name="widget_target" value="$INFO[Container(9000).ListItem.Property(widgetTarget.widget2)]"/>
				<param name="onup_id" value="$PARAM[control_id0]209"/>
				<param name="list_id" value="$PARAM[control_id0]210"/>
				<param name="ondown_id" value="$PARAM[control_id0]211"/>
				<param name="visible" value="StringCompare(Container(9000).ListItem.Property(widget),MediaWidget) + !IsEmpty(Container(9000).ListItem.Property(widgetType.widget2)) + [StringCompare(Container(9000).ListItem.Property(widgetType.widget2),musicvideos) | StringCompare(Container(9000).ListItem.Property(widgetType.widget2),albums)]"/>
			</include>
			<include name="WidgetListArtists">
				<param name="content_path" value="$INFO[Container(9000).ListItem.Property(widgetPath.widget2)]"/>
				<param name="widget_header" value="$INFO[Container(9000).ListItem.Property(widgetName.widget2)]"/>
				<param name="widget_target" value="$INFO[Container(9000).ListItem.Property(widgetTarget.widget2)]"/>
				<param name="onup_id" value="$PARAM[control_id0]210"/>
				<param name="list_id" value="$PARAM[control_id0]211"/>
				<param name="ondown_id" value="$PARAM[control_id0]212"/>
				<param name="visible" value="StringCompare(Container(9000).ListItem.Property(widget),MediaWidget) + !IsEmpty(Container(9000).ListItem.Property(widgetType.widget2)) + StringCompare(Container(9000).ListItem.Property(widgetType.widget2),artists)"/>
			</include>
			<include name="WidgetListSongs">
				<param name="content_path" value="$INFO[Container(9000).ListItem.Property(widgetPath.widget2)]"/>
				<param name="widget_header" value="$INFO[Container(9000).ListItem.Property(widgetName.widget2)]"/>
				<param name="widget_target" value="$INFO[Container(9000).ListItem.Property(widgetTarget.widget2)]"/>
				<param name="onup_id" value="$PARAM[control_id0]211"/>
				<param name="list_id" value="$PARAM[control_id0]212"/>
				<param name="ondown_id" value="$PARAM[control_id0]213"/>
				<param name="visible" value="StringCompare(Container(9000).ListItem.Property(widget),MediaWidget) + !IsEmpty(Container(9000).ListItem.Property(widgetType.widget2)) + StringCompare(Container(9000).ListItem.Property(widgetType.widget2),songs)"/>
			</include>
			<include name="WidgetListText">
				<param name="content_path" value="$INFO[Container(9000).ListItem.Property(widgetPath.widget2)]"/>
				<param name="widget_header" value="$INFO[Container(9000).ListItem.Property(widgetName.widget2)]"/>
				<param name="widget_target" value="$INFO[Container(9000).ListItem.Property(widgetTarget.widget2)]"/>				
				<param name="onup_id" value="$PARAM[control_id0]212"/>
				<param name="list_id" value="$PARAM[control_id0]213"/>
				<param name="ondown_id" value="$PARAM[control_id0]214"/>
				<param name="visible" value="StringCompare(Container(9000).ListItem.Property(widget),MediaWidget) + !IsEmpty(Container(9000).ListItem.Property(widgetType.widget2)) + ![StringCompare(Container(9000).ListItem.Property(widgetType.widget2),movies) | StringCompare(Container(9000).ListItem.Property(widgetType.widget2),tvshows) | StringCompare(Container(9000).ListItem.Property(widgetType.widget2),episodes) | StringCompare(Container(9000).ListItem.Property(widgetType.widget2),musicvideos) | StringCompare(Container(9000).ListItem.Property(widgetType.widget2),albums) | StringCompare(Container(9000).ListItem.Property(widgetType.widget2),artists) | StringCompare(Container(9000).ListItem.Property(widgetType.widget2),songs)]"/>
			</include>
			<!-- Widget 3 -->
			<include name="WidgetListMovies">
				<param name="content_path" value="$INFO[Container(9000).ListItem.Property(widgetPath.widget3)]"/>
				<param name="widget_header" value="$INFO[Container(9000).ListItem.Property(widgetName.widget3)]"/>
				<param name="widget_target" value="$INFO[Container(9000).ListItem.Property(widgetTarget.widget3)]"/>
				<param name="onup_id" value="$PARAM[control_id0]213"/>
				<param name="list_id" value="$PARAM[control_id0]214"/>				
				<param name="ondown_id" value="$PARAM[control_id0]215"/>
				<param name="visible" value="StringCompare(Container(9000).ListItem.Property(widget),MediaWidget) + !IsEmpty(Container(9000).ListItem.Property(widgetType.widget3)) + StringCompare(Container(9000).ListItem.Property(widgetType.widget3),movies)"/>
			</include>
			<include name="WidgetListTVShows">
				<param name="content_path" value="$INFO[Container(9000).ListItem.Property(widgetPath.widget3)]"/>
				<param name="widget_header" value="$INFO[Container(9000).ListItem.Property(widgetName.widget3)]"/>
				<param name="widget_target" value="$INFO[Container(9000).ListItem.Property(widgetTarget.widget3)]"/>
				<param name="onup_id" value="$PARAM[control_id0]214"/>
				<param name="list_id" value="$PARAM[control_id0]215"/>				
				<param name="ondown_id" value="$PARAM[control_id0]216"/>
				<param name="visible" value="StringCompare(Container(9000).ListItem.Property(widget),MediaWidget) + !IsEmpty(Container(9000).ListItem.Property(widgetType.widget3)) + StringCompare(Container(9000).ListItem.Property(widgetType.widget3),tvshows)"/>
			</include>
			<include name="WidgetListEpisodes">
				<param name="content_path" value="$INFO[Container(9000).ListItem.Property(widgetPath.widget3)]"/>
				<param name="widget_header" value="$INFO[Container(9000).ListItem.Property(widgetName.widget3)]"/>
				<param name="widget_target" value="$INFO[Container(9000).ListItem.Property(widgetTarget.widget3)]"/>
				<param name="onup_id" value="$PARAM[control_id0]215"/>
				<param name="list_id" value="$PARAM[control_id0]216"/>
				<param name="ondown_id" value="$PARAM[control_id0]217"/>
				<param name="visible" value="StringCompare(Container(9000).ListItem.Property(widget),MediaWidget) + !IsEmpty(Container(9000).ListItem.Property(widgetType.widget3)) + StringCompare(Container(9000).ListItem.Property(widgetType.widget3),episodes)"/>
			</include>
			<include name="WidgetListAlbums">
				<param name="content_path" value="$INFO[Container(9000).ListItem.Property(widgetPath.widget3)]"/>
				<param name="widget_header" value="$INFO[Container(9000).ListItem.Property(widgetName.widget3)]"/>
				<param name="widget_target" value="$INFO[Container(9000).ListItem.Property(widgetTarget.widget3)]"/>
				<param name="onup_id" value="$PARAM[control_id0]216"/>
				<param name="list_id" value="$PARAM[control_id0]217"/>
				<param name="ondown_id" value="$PARAM[control_id0]218"/>
				<param name="visible" value="StringCompare(Container(9000).ListItem.Property(widget),MediaWidget) + !IsEmpty(Container(9000).ListItem.Property(widgetType.widget3)) + [StringCompare(Container(9000).ListItem.Property(widgetType.widget3),musicvideos) | StringCompare(Container(9000).ListItem.Property(widgetType.widget3),albums)]"/>
			</include>
			<include name="WidgetListArtists">
				<param name="content_path" value="$INFO[Container(9000).ListItem.Property(widgetPath.widget3)]"/>
				<param name="widget_header" value="$INFO[Container(9000).ListItem.Property(widgetName.widget3)]"/>
				<param name="widget_target" value="$INFO[Container(9000).ListItem.Property(widgetTarget.widget3)]"/>
				<param name="onup_id" value="$PARAM[control_id0]217"/>
				<param name="list_id" value="$PARAM[control_id0]218"/>
				<param name="ondown_id" value="$PARAM[control_id0]219"/>
				<param name="visible" value="StringCompare(Container(9000).ListItem.Property(widget),MediaWidget) + !IsEmpty(Container(9000).ListItem.Property(widgetType.widget3)) + StringCompare(Container(9000).ListItem.Property(widgetType.widget3),artists)"/>
			</include>
			<include name="WidgetListSongs">
				<param name="content_path" value="$INFO[Container(9000).ListItem.Property(widgetPath.widget3)]"/>
				<param name="widget_header" value="$INFO[Container(9000).ListItem.Property(widgetName.widget3)]"/>
				<param name="widget_target" value="$INFO[Container(9000).ListItem.Property(widgetTarget.widget3)]"/>
				<param name="onup_id" value="$PARAM[control_id0]218"/>
				<param name="list_id" value="$PARAM[control_id0]219"/>
				<param name="ondown_id" value="$PARAM[control_id0]220"/>
				<param name="visible" value="StringCompare(Container(9000).ListItem.Property(widget),MediaWidget) + !IsEmpty(Container(9000).ListItem.Property(widgetType.widget3)) + StringCompare(Container(9000).ListItem.Property(widgetType.widget3),songs)"/>
			</include>
			<include name="WidgetListText">
				<param name="content_path" value="$INFO[Container(9000).ListItem.Property(widgetPath.widget3)]"/>
				<param name="widget_header" value="$INFO[Container(9000).ListItem.Property(widgetName.widget3)]"/>
				<param name="widget_target" value="$INFO[Container(9000).ListItem.Property(widgetTarget.widget3)]"/>				
				<param name="onup_id" value="$PARAM[control_id0]219"/>
				<param name="list_id" value="$PARAM[control_id0]220"/>
				<param name="ondown_id" value="$PARAM[control_id0]221"/>
				<param name="visible" value="StringCompare(Container(9000).ListItem.Property(widget),MediaWidget) + !IsEmpty(Container(9000).ListItem.Property(widgetType.widget3)) + ![StringCompare(Container(9000).ListItem.Property(widgetType.widget3),movies) | StringCompare(Container(9000).ListItem.Property(widgetType.widget3),tvshows) | StringCompare(Container(9000).ListItem.Property(widgetType.widget3),episodes) | StringCompare(Container(9000).ListItem.Property(widgetType.widget3),musicvideos) | StringCompare(Container(9000).ListItem.Property(widgetType.widget3),albums) | StringCompare(Container(9000).ListItem.Property(widgetType.widget3),artists) | StringCompare(Container(9000).ListItem.Property(widgetType.widget3),songs)]"/>
			</include>
			<!-- Widget 4 -->
			<include name="WidgetListMovies">
				<param name="content_path" value="$INFO[Container(9000).ListItem.Property(widgetPath.widget4)]"/>
				<param name="widget_header" value="$INFO[Container(9000).ListItem.Property(widgetName.widget4)]"/>
				<param name="widget_target" value="$INFO[Container(9000).ListItem.Property(widgetTarget.widget4)]"/>
				<param name="onup_id" value="$PARAM[control_id0]220"/>
				<param name="list_id" value="$PARAM[control_id0]221"/>				
				<param name="ondown_id" value="$PARAM[control_id0]222"/>
				<param name="visible" value="StringCompare(Container(9000).ListItem.Property(widget),MediaWidget) + !IsEmpty(Container(9000).ListItem.Property(widgetType.widget4)) + StringCompare(Container(9000).ListItem.Property(widgetType.widget4),movies)"/>
			</include>
			<include name="WidgetListTVShows">
				<param name="content_path" value="$INFO[Container(9000).ListItem.Property(widgetPath.widget4)]"/>
				<param name="widget_header" value="$INFO[Container(9000).ListItem.Property(widgetName.widget4)]"/>
				<param name="widget_target" value="$INFO[Container(9000).ListItem.Property(widgetTarget.widget4)]"/>
				<param name="onup_id" value="$PARAM[control_id0]221"/>
				<param name="list_id" value="$PARAM[control_id0]222"/>				
				<param name="ondown_id" value="$PARAM[control_id0]223"/>
				<param name="visible" value="StringCompare(Container(9000).ListItem.Property(widget),MediaWidget) + !IsEmpty(Container(9000).ListItem.Property(widgetType.widget4)) + StringCompare(Container(9000).ListItem.Property(widgetType.widget4),tvshows)"/>
			</include>
			<include name="WidgetListEpisodes">
				<param name="content_path" value="$INFO[Container(9000).ListItem.Property(widgetPath.widget4)]"/>
				<param name="widget_header" value="$INFO[Container(9000).ListItem.Property(widgetName.widget4)]"/>
				<param name="widget_target" value="$INFO[Container(9000).ListItem.Property(widgetTarget.widget4)]"/>
				<param name="onup_id" value="$PARAM[control_id0]222"/>
				<param name="list_id" value="$PARAM[control_id0]223"/>
				<param name="ondown_id" value="$PARAM[control_id0]224"/>
				<param name="visible" value="StringCompare(Container(9000).ListItem.Property(widget),MediaWidget) + !IsEmpty(Container(9000).ListItem.Property(widgetType.widget4)) + StringCompare(Container(9000).ListItem.Property(widgetType.widget4),episodes)"/>
			</include>
			<include name="WidgetListAlbums">
				<param name="content_path" value="$INFO[Container(9000).ListItem.Property(widgetPath.widget4)]"/>
				<param name="widget_header" value="$INFO[Container(9000).ListItem.Property(widgetName.widget4)]"/>
				<param name="widget_target" value="$INFO[Container(9000).ListItem.Property(widgetTarget.widget4)]"/>
				<param name="onup_id" value="$PARAM[control_id0]223"/>
				<param name="list_id" value="$PARAM[control_id0]224"/>
				<param name="ondown_id" value="$PARAM[control_id0]225"/>
				<param name="visible" value="StringCompare(Container(9000).ListItem.Property(widget),MediaWidget) + !IsEmpty(Container(9000).ListItem.Property(widgetType.widget4)) + [StringCompare(Container(9000).ListItem.Property(widgetType.widget4),musicvideos) | StringCompare(Container(9000).ListItem.Property(widgetType.widget4),albums)]"/>
			</include>
			<include name="WidgetListArtists">
				<param name="content_path" value="$INFO[Container(9000).ListItem.Property(widgetPath.widget4)]"/>
				<param name="widget_header" value="$INFO[Container(9000).ListItem.Property(widgetName.widget4)]"/>
				<param name="widget_target" value="$INFO[Container(9000).ListItem.Property(widgetTarget.widget4)]"/>
				<param name="onup_id" value="$PARAM[control_id0]224"/>
				<param name="list_id" value="$PARAM[control_id0]225"/>
				<param name="ondown_id" value="$PARAM[control_id0]226"/>
				<param name="visible" value="StringCompare(Container(9000).ListItem.Property(widget),MediaWidget) + !IsEmpty(Container(9000).ListItem.Property(widgetType.widget4)) + StringCompare(Container(9000).ListItem.Property(widgetType.widget4),artists)"/>
			</include>
			<include name="WidgetListSongs">
				<param name="content_path" value="$INFO[Container(9000).ListItem.Property(widgetPath.widget4)]"/>
				<param name="widget_header" value="$INFO[Container(9000).ListItem.Property(widgetName.widget4)]"/>
				<param name="widget_target" value="$INFO[Container(9000).ListItem.Property(widgetTarget.widget4)]"/>
				<param name="onup_id" value="$PARAM[control_id0]225"/>
				<param name="list_id" value="$PARAM[control_id0]226"/>
				<param name="ondown_id" value="$PARAM[control_id0]227"/>
				<param name="visible" value="StringCompare(Container(9000).ListItem.Property(widget),MediaWidget) + !IsEmpty(Container(9000).ListItem.Property(widgetType.widget4)) + StringCompare(Container(9000).ListItem.Property(widgetType.widget4),songs)"/>
			</include>
			<include name="WidgetListText">
				<param name="content_path" value="$INFO[Container(9000).ListItem.Property(widgetPath.widget4)]"/>
				<param name="widget_header" value="$INFO[Container(9000).ListItem.Property(widgetName.widget4)]"/>
				<param name="widget_target" value="$INFO[Container(9000).ListItem.Property(widgetTarget.widget4)]"/>				
				<param name="onup_id" value="$PARAM[control_id0]226"/>
				<param name="list_id" value="$PARAM[control_id0]227"/>
				<param name="ondown_id" value="$PARAM[control_id0]228"/>
				<param name="visible" value="StringCompare(Container(9000).ListItem.Property(widget),MediaWidget) + !IsEmpty(Container(9000).ListItem.Property(widgetType.widget4)) + ![StringCompare(Container(9000).ListItem.Property(widgetType.widget4),movies) | StringCompare(Container(9000).ListItem.Property(widgetType.widget4),tvshows) | StringCompare(Container(9000).ListItem.Property(widgetType.widget4),episodes) | StringCompare(Container(9000).ListItem.Property(widgetType.widget4),musicvideos) | StringCompare(Container(9000).ListItem.Property(widgetType.widget4),albums) | StringCompare(Container(9000).ListItem.Property(widgetType.widget4),artists) | StringCompare(Container(9000).ListItem.Property(widgetType.widget4),songs)]"/>
			</include>
			<!-- Widget 5 -->
			<include name="WidgetListMovies">
				<param name="content_path" value="$INFO[Container(9000).ListItem.Property(widgetPath.widget5)]"/>
				<param name="widget_header" value="$INFO[Container(9000).ListItem.Property(widgetName.widget5)]"/>
				<param name="widget_target" value="$INFO[Container(9000).ListItem.Property(widgetTarget.widget5)]"/>
				<param name="onup_id" value="$PARAM[control_id0]227"/>
				<param name="list_id" value="$PARAM[control_id0]228"/>				
				<param name="ondown_id" value="$PARAM[control_id0]229"/>
				<param name="visible" value="StringCompare(Container(9000).ListItem.Property(widget),MediaWidget) + !IsEmpty(Container(9000).ListItem.Property(widgetType.widget5)) + StringCompare(Container(9000).ListItem.Property(widgetType.widget5),movies)"/>
			</include>
			<include name="WidgetListTVShows">
				<param name="content_path" value="$INFO[Container(9000).ListItem.Property(widgetPath.widget5)]"/>
				<param name="widget_header" value="$INFO[Container(9000).ListItem.Property(widgetName.widget5)]"/>
				<param name="widget_target" value="$INFO[Container(9000).ListItem.Property(widgetTarget.widget5)]"/>
				<param name="onup_id" value="$PARAM[control_id0]228"/>
				<param name="list_id" value="$PARAM[control_id0]229"/>				
				<param name="ondown_id" value="$PARAM[control_id0]230"/>
				<param name="visible" value="StringCompare(Container(9000).ListItem.Property(widget),MediaWidget) + !IsEmpty(Container(9000).ListItem.Property(widgetType.widget5)) + StringCompare(Container(9000).ListItem.Property(widgetType.widget5),tvshows)"/>
			</include>
			<include name="WidgetListEpisodes">
				<param name="content_path" value="$INFO[Container(9000).ListItem.Property(widgetPath.widget5)]"/>
				<param name="widget_header" value="$INFO[Container(9000).ListItem.Property(widgetName.widget5)]"/>
				<param name="widget_target" value="$INFO[Container(9000).ListItem.Property(widgetTarget.widget5)]"/>
				<param name="onup_id" value="$PARAM[control_id0]229"/>
				<param name="list_id" value="$PARAM[control_id0]230"/>
				<param name="ondown_id" value="$PARAM[control_id0]231"/>
				<param name="visible" value="StringCompare(Container(9000).ListItem.Property(widget),MediaWidget) + !IsEmpty(Container(9000).ListItem.Property(widgetType.widget5)) + StringCompare(Container(9000).ListItem.Property(widgetType.widget5),episodes)"/>
			</include>
			<include name="WidgetListAlbums">
				<param name="content_path" value="$INFO[Container(9000).ListItem.Property(widgetPath.widget5)]"/>
				<param name="widget_header" value="$INFO[Container(9000).ListItem.Property(widgetName.widget5)]"/>
				<param name="widget_target" value="$INFO[Container(9000).ListItem.Property(widgetTarget.widget5)]"/>
				<param name="onup_id" value="$PARAM[control_id0]230"/>
				<param name="list_id" value="$PARAM[control_id0]231"/>
				<param name="ondown_id" value="$PARAM[control_id0]232"/>
				<param name="visible" value="StringCompare(Container(9000).ListItem.Property(widget),MediaWidget) + !IsEmpty(Container(9000).ListItem.Property(widgetType.widget5)) + [StringCompare(Container(9000).ListItem.Property(widgetType.widget5),musicvideos) | StringCompare(Container(9000).ListItem.Property(widgetType.widget5),albums)]"/>
			</include>
			<include name="WidgetListArtists">
				<param name="content_path" value="$INFO[Container(9000).ListItem.Property(widgetPath.widget5)]"/>
				<param name="widget_header" value="$INFO[Container(9000).ListItem.Property(widgetName.widget5)]"/>
				<param name="widget_target" value="$INFO[Container(9000).ListItem.Property(widgetTarget.widget5)]"/>
				<param name="onup_id" value="$PARAM[control_id0]231"/>
				<param name="list_id" value="$PARAM[control_id0]232"/>
				<param name="ondown_id" value="$PARAM[control_id0]233"/>
				<param name="visible" value="StringCompare(Container(9000).ListItem.Property(widget),MediaWidget) + !IsEmpty(Container(9000).ListItem.Property(widgetType.widget5)) + StringCompare(Container(9000).ListItem.Property(widgetType.widget5),artists)"/>
			</include>
			<include name="WidgetListSongs">
				<param name="content_path" value="$INFO[Container(9000).ListItem.Property(widgetPath.widget5)]"/>
				<param name="widget_header" value="$INFO[Container(9000).ListItem.Property(widgetName.widget5)]"/>
				<param name="widget_target" value="$INFO[Container(9000).ListItem.Property(widgetTarget.widget5)]"/>
				<param name="onup_id" value="$PARAM[control_id0]232"/>
				<param name="list_id" value="$PARAM[control_id0]233"/>
				<param name="ondown_id" value="$PARAM[control_id0]234"/>
				<param name="visible" value="StringCompare(Container(9000).ListItem.Property(widget),MediaWidget) + !IsEmpty(Container(9000).ListItem.Property(widgetType.widget5)) + StringCompare(Container(9000).ListItem.Property(widgetType.widget5),songs)"/>
			</include>
			<include name="WidgetListText">
				<param name="content_path" value="$INFO[Container(9000).ListItem.Property(widgetPath.widget5)]"/>
				<param name="widget_header" value="$INFO[Container(9000).ListItem.Property(widgetName.widget5)]"/>
				<param name="widget_target" value="$INFO[Container(9000).ListItem.Property(widgetTarget.widget5)]"/>				
				<param name="onup_id" value="$PARAM[control_id0]233"/>
				<param name="list_id" value="$PARAM[control_id0]234"/>
				<param name="ondown_id" value="$PARAM[control_id0]235"/>
				<param name="visible" value="StringCompare(Container(9000).ListItem.Property(widget),MediaWidget) + !IsEmpty(Container(9000).ListItem.Property(widgetType.widget5)) + ![StringCompare(Container(9000).ListItem.Property(widgetType.widget5),movies) | StringCompare(Container(9000).ListItem.Property(widgetType.widget5),tvshows) | StringCompare(Container(9000).ListItem.Property(widgetType.widget5),episodes) | StringCompare(Container(9000).ListItem.Property(widgetType.widget5),musicvideos) | StringCompare(Container(9000).ListItem.Property(widgetType.widget5),albums) | StringCompare(Container(9000).ListItem.Property(widgetType.widget5),artists) | StringCompare(Container(9000).ListItem.Property(widgetType.widget5),songs)]"/>
			</include>			
			<!-- Widget 6 -->
			<include name="WidgetListMovies">
				<param name="content_path" value="$INFO[Container(9000).ListItem.Property(widgetPath.widget6)]"/>
				<param name="widget_header" value="$INFO[Container(9000).ListItem.Property(widgetName.widget6)]"/>
				<param name="widget_target" value="$INFO[Container(9000).ListItem.Property(widgetTarget.widget6)]"/>
				<param name="onup_id" value="$PARAM[control_id0]234"/>
				<param name="list_id" value="$PARAM[control_id0]235"/>				
				<param name="ondown_id" value="$PARAM[control_id0]236"/>
				<param name="visible" value="StringCompare(Container(9000).ListItem.Property(widget),MediaWidget) + !IsEmpty(Container(9000).ListItem.Property(widgetType.widget6)) + StringCompare(Container(9000).ListItem.Property(widgetType.widget6),movies)"/>
			</include>
			<include name="WidgetListTVShows">
				<param name="content_path" value="$INFO[Container(9000).ListItem.Property(widgetPath.widget6)]"/>
				<param name="widget_header" value="$INFO[Container(9000).ListItem.Property(widgetName.widget6)]"/>
				<param name="widget_target" value="$INFO[Container(9000).ListItem.Property(widgetTarget.widget6)]"/>
				<param name="onup_id" value="$PARAM[control_id0]235"/>
				<param name="list_id" value="$PARAM[control_id0]236"/>				
				<param name="ondown_id" value="$PARAM[control_id0]237"/>
				<param name="visible" value="StringCompare(Container(9000).ListItem.Property(widget),MediaWidget) + !IsEmpty(Container(9000).ListItem.Property(widgetType.widget6)) + StringCompare(Container(9000).ListItem.Property(widgetType.widget6),tvshows)"/>
			</include>
			<include name="WidgetListEpisodes">
				<param name="content_path" value="$INFO[Container(9000).ListItem.Property(widgetPath.widget6)]"/>
				<param name="widget_header" value="$INFO[Container(9000).ListItem.Property(widgetName.widget6)]"/>
				<param name="widget_target" value="$INFO[Container(9000).ListItem.Property(widgetTarget.widget6)]"/>
				<param name="onup_id" value="$PARAM[control_id0]236"/>
				<param name="list_id" value="$PARAM[control_id0]237"/>
				<param name="ondown_id" value="$PARAM[control_id0]238"/>
				<param name="visible" value="StringCompare(Container(9000).ListItem.Property(widget),MediaWidget) + !IsEmpty(Container(9000).ListItem.Property(widgetType.widget6)) + StringCompare(Container(9000).ListItem.Property(widgetType.widget6),episodes)"/>
			</include>
			<include name="WidgetListAlbums">
				<param name="content_path" value="$INFO[Container(9000).ListItem.Property(widgetPath.widget6)]"/>
				<param name="widget_header" value="$INFO[Container(9000).ListItem.Property(widgetName.widget6)]"/>
				<param name="widget_target" value="$INFO[Container(9000).ListItem.Property(widgetTarget.widget6)]"/>
				<param name="onup_id" value="$PARAM[control_id0]237"/>
				<param name="list_id" value="$PARAM[control_id0]238"/>
				<param name="ondown_id" value="$PARAM[control_id0]239"/>
				<param name="visible" value="StringCompare(Container(9000).ListItem.Property(widget),MediaWidget) + !IsEmpty(Container(9000).ListItem.Property(widgetType.widget6)) + [StringCompare(Container(9000).ListItem.Property(widgetType.widget6),musicvideos) | StringCompare(Container(9000).ListItem.Property(widgetType.widget6),albums)]"/>
			</include>
			<include name="WidgetListArtists">
				<param name="content_path" value="$INFO[Container(9000).ListItem.Property(widgetPath.widget6)]"/>
				<param name="widget_header" value="$INFO[Container(9000).ListItem.Property(widgetName.widget6)]"/>
				<param name="widget_target" value="$INFO[Container(9000).ListItem.Property(widgetTarget.widget6)]"/>
				<param name="onup_id" value="$PARAM[control_id0]238"/>
				<param name="list_id" value="$PARAM[control_id0]239"/>
				<param name="ondown_id" value="$PARAM[control_id0]240"/>
				<param name="visible" value="StringCompare(Container(9000).ListItem.Property(widget),MediaWidget) + !IsEmpty(Container(9000).ListItem.Property(widgetType.widget6)) + StringCompare(Container(9000).ListItem.Property(widgetType.widget6),artists)"/>
			</include>
			<include name="WidgetListSongs">
				<param name="content_path" value="$INFO[Container(9000).ListItem.Property(widgetPath.widget6)]"/>
				<param name="widget_header" value="$INFO[Container(9000).ListItem.Property(widgetName.widget6)]"/>
				<param name="widget_target" value="$INFO[Container(9000).ListItem.Property(widgetTarget.widget6)]"/>
				<param name="onup_id" value="$PARAM[control_id0]239"/>
				<param name="list_id" value="$PARAM[control_id0]240"/>
				<param name="ondown_id" value="$PARAM[control_id0]241"/>
				<param name="visible" value="StringCompare(Container(9000).ListItem.Property(widget),MediaWidget) + !IsEmpty(Container(9000).ListItem.Property(widgetType.widget6)) + StringCompare(Container(9000).ListItem.Property(widgetType.widget6),songs)"/>
			</include>
			<include name="WidgetListText">
				<param name="content_path" value="$INFO[Container(9000).ListItem.Property(widgetPath.widget6)]"/>
				<param name="widget_header" value="$INFO[Container(9000).ListItem.Property(widgetName.widget6)]"/>
				<param name="widget_target" value="$INFO[Container(9000).ListItem.Property(widgetTarget.widget6)]"/>				
				<param name="onup_id" value="$PARAM[control_id0]240"/>
				<param name="list_id" value="$PARAM[control_id0]241"/>
				<param name="ondown_id" value="200001"/>
				<param name="visible" value="StringCompare(Container(9000).ListItem.Property(widget),MediaWidget) + !IsEmpty(Container(9000).ListItem.Property(widgetType.widget6)) + ![StringCompare(Container(9000).ListItem.Property(widgetType.widget6),movies) | StringCompare(Container(9000).ListItem.Property(widgetType.widget6),tvshows) | StringCompare(Container(9000).ListItem.Property(widgetType.widget6),episodes) | StringCompare(Container(9000).ListItem.Property(widgetType.widget6),musicvideos) | StringCompare(Container(9000).ListItem.Property(widgetType.widget6),albums) | StringCompare(Container(9000).ListItem.Property(widgetType.widget6),artists) | StringCompare(Container(9000).ListItem.Property(widgetType.widget6),songs)]"/>
			</include>			
            <!-- Pictures Empty -->
			<!-- <include name="ImageWidget">
				<param name="image_path" value="special://skin/extras/home-images/pictures.jpg"/>
				<param name="text_label" value="$LOCALIZE[31111]" />
				<param name="button_label" value="" />
				<param name="button_onclick2" value="SetProperty(FanartHomeType,pictures,home)" />
				<param name="button_onclick" value="ActivateWindow(pictures)"/>
				<param name="onup_id" value="$PARAM[submenu_list]"/>
				<param name="button_id" value="$PARAM[control_id0]300"/>
				<param name="visible" value="StringCompare(Container(9000).ListItem.Property(widget),MediaWidget) + [StringCompare(Container(9000).ListItem.Property(defaultID),pictures) | StringCompare(Container(9000).ListItem.label2,$LOCALIZE[1])]"/>"/>
				<param name="visible_1" value="False"/>
				<param name="visible_2" value="False"/>
			</include> -->
			<!-- Video Empty -->
			<include name="ImageWidget">
				<param name="image_path" value="special://skin/extras/home-images/tv.jpg"/>
				<param name="text_label" value="$LOCALIZE[31105]" />
				<param name="button_label" value="$LOCALIZE[31110]" />
				<param name="button_onclick2" value="SetProperty(FanartHomeType,video,home)" />
				<param name="button_onclick" value="ActivateWindow(videos,sources://video/,return)"/>
				<param name="onup_id" value="$PARAM[submenu_list]"/>
				<param name="button_id" value="$PARAM[control_id0]310"/>				
				<param name="visible" value="StringCompare(Container(9000).ListItem.Property(widget),MediaWidget) + !Library.HasContent(Movies) + !Library.HasContent(TVShows) + !Library.HasContent(MusicVideos) + [StringCompare(Container(9000).ListItem.Property(defaultID),video) | StringCompare(Container(9000).ListItem.label2,$LOCALIZE[3])]"/>
				<param name="button2_onclick" value="False"/>
				<param name="visible_2" value="False"/>           
			</include>
			<!-- Music Empty -->			
			<include name="ImageWidget">
				<param name="image_path" value="special://skin/extras/home-images/music.jpg"/>
				<param name="text_label" value="$LOCALIZE[31104]" />
				<param name="button_label" value="$LOCALIZE[31110]" />
				<param name="button_onclick2" value="SetProperty(FanartHomeType,music,home)" />
				<param name="button_onclick" value="ActivateWindow(music,files)"/>
				<param name="onup_id" value="$PARAM[submenu_list]"/>
				<param name="button_id" value="$PARAM[control_id0]320"/>				
				<param name="visible" value="StringCompare(Container(9000).ListItem.Property(widget),MediaWidget) + !Library.HasContent(music) + [StringCompare(Container(9000).ListItem.Property(defaultID),music) | StringCompare(Container(9000).ListItem.label2,$LOCALIZE[2])]"/>
				<param name="button2_onclick" value="False"/>
				<param name="visible_2" value="False"/>
			</include>			
        </control>
    </include>
</includes>