<streamingInfos>
	<streaminginfo><cname>Tunisia national 1</cname><url>tunisia_national_1</url></streaminginfo>
	<streaminginfo><cname>Tunisia national 2</cname><url>tunisia_national_2</url></streaminginfo>
	<streaminginfo><cname>Nessma</cname><url>nessma</url></streaminginfo>
	<streaminginfo><cname>Al Hiwar Ettounsi</cname><url>al_tunisia</url></streaminginfo>
	<streaminginfo><cname>Hanibal</cname><url>hanibal</url></streaminginfo>
	<streaminginfo><cname>Attasi3a</cname><url>attassia_tv</url></streaminginfo>
	<streaminginfo><cname>Al Moustakilla</cname><url>al_moustakilla</url></streaminginfo>
	<streaminginfo><cname>Al Janoubiya</cname><url>al_janoubiya</url></streaminginfo>
	<streaminginfo><cname>Tounesna</cname><url>tounesna</url></streaminginfo>
	<streaminginfo><cname>Zaitouna</cname><url>zaytoona</url></streaminginfo>
	<streaminginfo><cname>First TV</cname><url>tunisia_first_tv</url></streaminginfo>
	<streaminginfo><cname>Zaitouna Hidaya</cname><url>zitouna_hidaya</url></streaminginfo>
	<streaminginfo><cname>M Tunisia</cname><url>m_tunisia</url></streaminginfo>
	<streaminginfo><cname>Al Magharibia</cname><url>al_magharibia</url></streaminginfo>
	<streaminginfo><cname>Al mayaden</cname><url>al_mayaden</url></streaminginfo>
	<streaminginfo><cname>Tele Liban</cname><url>lebanon_tv</url></streaminginfo>
	<streaminginfo><cname>Hawacom</cname><url>hawacom</url></streaminginfo>
	<streaminginfo><cname>Future TV</cname><url>future</url></streaminginfo>
	<streaminginfo><cname>Aljadeed</cname><url>aljadeed</url></streaminginfo>
	<streaminginfo><cname>Heya</cname><url>heya_tv</url></streaminginfo>
	<streaminginfo><cname>LBC</cname><url>lbc</url></streaminginfo>
	<streaminginfo><cname>Noursat</cname><url>noursat</url></streaminginfo>
	<streaminginfo><cname>MTV</cname><url>mtv</url></streaminginfo>
	<streaminginfo><cname>NBN</cname><url>nbn</url></streaminginfo>
	<streaminginfo><cname>Al Manar</cname><url>al_manar</url></streaminginfo>
	<streaminginfo><cname>LDC</cname><url>ldc</url></streaminginfo>
	<streaminginfo><cname>Darbaka Aflam</cname><url>darbaka_aflam</url></streaminginfo>
	<streaminginfo><cname>Arabica Music</cname><url>arabica_tv</url></streaminginfo>
	<streaminginfo><cname>OTV Lebanon</cname><url>otv_lebanon</url></streaminginfo>
	<streaminginfo><cname>Al Sirat</cname><url>al_sirat_tv</url></streaminginfo>
	<streaminginfo><cname>Al Iman</cname><url>aliman_tv</url></streaminginfo>
	<streaminginfo><cname>NoursatAlShabab</cname><url>noursat_alchabab</url></streaminginfo>
	<streaminginfo><cname>LLBN</cname><url>llbn</url></streaminginfo>
	<streaminginfo><cname>MBC 1</cname><url>mbc_1</url></streaminginfo>
	<streaminginfo><cname>MBC 2</cname><url>mbc_2</url></streaminginfo>
	<streaminginfo><cname>MBC 3</cname><url>mbc_3</url></streaminginfo>
	<streaminginfo><cname>MBC 4</cname><url>mbc_4</url></streaminginfo>
	<streaminginfo><cname>MBC Action</cname><url>mbc_action</url></streaminginfo>
	<streaminginfo><cname>MBC Bollywood</cname><url>mbc_bollywood</url></streaminginfo>
	<streaminginfo><cname>MBC Drama</cname><url>mbc_drama</url></streaminginfo>
	<streaminginfo><cname>MBC Masr</cname><url>mbc_masr</url></streaminginfo>
	<streaminginfo><cname>MBC Masr 2</cname><url>mbc_masr_2</url></streaminginfo>
	<streaminginfo><cname>MBC Max</cname><url>mbc_max</url></streaminginfo>
	<streaminginfo><cname>Wanasah</cname><url>wanasah</url></streaminginfo>
	<streaminginfo><cname>Art Aflam 1</cname><url>art_aflam_1</url></streaminginfo>
	<streaminginfo><cname>Art Aflam 2</cname><url>art_aflam_2</url></streaminginfo>
	<streaminginfo><cname>ART Cinema</cname><url>art_cinema</url></streaminginfo>
	<streaminginfo><cname>ART Hekayat</cname><url>art_hekayat</url></streaminginfo>
	<streaminginfo><cname>ART Hekayat 2</cname><url>art_hekayat_2</url></streaminginfo>
	<streaminginfo><cname>CNN</cname><url>cnn</url></streaminginfo>
	<streaminginfo><cname>Aljazeera</cname><url>aljazeera</url></streaminginfo>
	<streaminginfo><cname>Aljazeera Doc</cname><url>aljazeera_doc</url></streaminginfo>
	<streaminginfo><cname>Aljazeera Mubasher Masr</cname><url>aljazeera_misr</url></streaminginfo>
	<streaminginfo><cname>Alarabiya</cname><url>alarabiya</url></streaminginfo>
	<streaminginfo><cname>SkyNewsArabia</cname><url>sky_news_ar</url></streaminginfo>
	<streaminginfo><cname>Alarabiya Ahdas</cname><url>al_arabia_hadath</url></streaminginfo>
	<streaminginfo><cname>France 24</cname><url>france24_arabic</url></streaminginfo>
	<streaminginfo><cname>BBC Arabic</cname><url>bbc_arabic</url></streaminginfo>
	<streaminginfo><cname>Russia Alyaum</cname><url>russia_alyaum</url></streaminginfo>
	<streaminginfo><cname>Alaraby</cname><url>al_araby</url></streaminginfo>
	<streaminginfo><cname>Aghapy</cname><url>aghapy_tv</url></streaminginfo>
	<streaminginfo><cname>Dream 1</cname><url>dream_1</url></streaminginfo>
	<streaminginfo><cname>4Shbab</cname><url>4shabab</url></streaminginfo>
	<streaminginfo><cname>Alfaraeena</cname><url>faraeen</url></streaminginfo>
	<streaminginfo><cname>Moga Comedy</cname><url>moga_comedy</url></streaminginfo>
	<streaminginfo><cname>CTV</cname><url>ctv</url></streaminginfo>
	<streaminginfo><cname>On TV</cname><url>on_tv</url></streaminginfo>
	<streaminginfo><cname>Ten</cname><url>ten</url></streaminginfo>
	<streaminginfo><cname>CBC</cname><url>cbc</url></streaminginfo>
	<streaminginfo><cname>CBC 2</cname><url>cbc_2</url></streaminginfo>
	<streaminginfo><cname>CBC Drama</cname><url>cbc_drama</url></streaminginfo>
	<streaminginfo><cname>CBC Sofra</cname><url>cbc_sofra</url></streaminginfo>
	<streaminginfo><cname>Mehwar</cname><url>al_mehwar</url></streaminginfo>
	<streaminginfo><cname>Egypt 1</cname><url>al_oula</url></streaminginfo>
	<streaminginfo><cname>Egypt 2</cname><url>al_thaniya</url></streaminginfo>
	<streaminginfo><cname>Melody Classic</cname><url>melody_classic</url></streaminginfo>
	<streaminginfo><cname>Al Nahar</cname><url>al_nahar</url></streaminginfo>
	<streaminginfo><cname>Al Nahar Drama</cname><url>al_nahar_drama</url></streaminginfo>
	<streaminginfo><cname>Al Nahar Cinema</cname><url>al_nahar_cinema</url></streaminginfo>
	<streaminginfo><cname>Al Nahar Noor</cname><url>al_nahar_noor</url></streaminginfo>
	<streaminginfo><cname>Sada Al Balad</cname><url>sada_al_balad</url></streaminginfo>
	<streaminginfo><cname>AL AHLY</cname><url>al_ahly_tv</url></streaminginfo>
	<streaminginfo><cname>Nile Comedy</cname><url>nile_comedy</url></streaminginfo>
	<streaminginfo><cname>Nile Sport</cname><url>nile_sport</url></streaminginfo>
	<streaminginfo><cname>Nile Drama</cname><url>nile_drama</url></streaminginfo>
	<streaminginfo><cname>Nile News</cname><url>nile_news</url></streaminginfo>
	<streaminginfo><cname>Nile Cinema</cname><url>nile_cinema</url></streaminginfo>
	<streaminginfo><cname>Cima</cname><url>cima</url></streaminginfo>
	<streaminginfo><cname>Toktok</cname><url>toktok_aflam</url></streaminginfo>
	<streaminginfo><cname>Al Masriyah</cname><url>al_masriyah</url></streaminginfo>
	<streaminginfo><cname>AlQahera W Elnas</cname><url>al_kahera_wal_nas</url></streaminginfo>
	<streaminginfo><cname>Cairo Cinema</cname><url>cairo_cinema</url></streaminginfo>
	<streaminginfo><cname>Cairo Drama</cname><url>cairo_drama</url></streaminginfo>
	<streaminginfo><cname>Mazzika</cname><url>mazzika</url></streaminginfo>
	<streaminginfo><cname>Alhayat Series</cname><url>alhayat_musalsalat</url></streaminginfo>
	<streaminginfo><cname>Alhayat 1</cname><url>alhayat</url></streaminginfo>
	<streaminginfo><cname>Alhayat2</cname><url>alhayat_2</url></streaminginfo>
	<streaminginfo><cname>Panorama Comedy</cname><url>panorama_comedy</url></streaminginfo>
	<streaminginfo><cname>Panorama Food</cname><url>panorama_food</url></streaminginfo>
	<streaminginfo><cname>Panorama Drama</cname><url>panorama_drama</url></streaminginfo>
	<streaminginfo><cname>Panorama Drama 2</cname><url>panorama_drama_2</url></streaminginfo>
	<streaminginfo><cname>Nile Tv</cname><url>nile_tv</url></streaminginfo>
	<streaminginfo><cname>Aljazeera Children</cname><url>aljazeera_children</url></streaminginfo>
	<streaminginfo><cname>Baraem</cname><url>baraem</url></streaminginfo>
	<streaminginfo><cname>Toyor baby</cname><url>toyor_baby</url></streaminginfo>
	<streaminginfo><cname>Toyor Al Janah</cname><url>toyor_al_janah</url></streaminginfo>
	<streaminginfo><cname>Spacetoon</cname><url>spacetoon</url></streaminginfo>
	<streaminginfo><cname>Taha</cname><url>taha_tv</url></streaminginfo>
	<streaminginfo><cname>Karameesh</cname><url>karameesh</url></streaminginfo>
	<streaminginfo><cname>Cartoon Network</cname><url>cartoon_network</url></streaminginfo>
	<streaminginfo><cname>Ajyal</cname><url>ajyal</url></streaminginfo>
	<streaminginfo><cname>Noon Kids</cname><url>noon_tv</url></streaminginfo>
	<streaminginfo><cname>Bein 1</cname><url>bein_1</url></streaminginfo>
	<streaminginfo><cname>Bein 2</cname><url>bein_2</url></streaminginfo>
	<streaminginfo><cname>Bein 3</cname><url>bein_3</url></streaminginfo>
	<streaminginfo><cname>Bein 4</cname><url>bein_4</url></streaminginfo>
	<streaminginfo><cname>Bein 5</cname><url>bein_5</url></streaminginfo>
	<streaminginfo><cname>Bein Sport 1</cname><url>bein_sport_1</url></streaminginfo>
	<streaminginfo><cname>Bein Sport 2</cname><url>bein_sport_2</url></streaminginfo>
	<streaminginfo><cname>Bein Sport 3</cname><url>bein_sport_3</url></streaminginfo>
	<streaminginfo><cname>Bein Sport 4</cname><url>bein_sport_4</url></streaminginfo>
	<streaminginfo><cname>Bein Sport 5</cname><url>bein_sport_5</url></streaminginfo>
	<streaminginfo><cname>Bein Sport 6</cname><url>bein_sport_6</url></streaminginfo>
	<streaminginfo><cname>Bein Sport 7</cname><url>bein_sport_7</url></streaminginfo>
	<streaminginfo><cname>Bein Sport 8</cname><url>bein_sport_8</url></streaminginfo>
	<streaminginfo><cname>Bein Sport 9</cname><url>bein_sport_9</url></streaminginfo>
	<streaminginfo><cname>Bein Sport 10</cname><url>bein_sport_10</url></streaminginfo>
	<streaminginfo><cname>Al oula Maroc</cname><url>al_aoula_maroc</url></streaminginfo>
	<streaminginfo><cname>2M</cname><url>2m</url></streaminginfo>
	<streaminginfo><cname>Alriadia Sport</cname><url>alriadia_sport</url></streaminginfo>
	<streaminginfo><cname>Medi 1 Sat</cname><url>medi_1_sat</url></streaminginfo>
	<streaminginfo><cname>Al Maghribia</cname><url>al_maghribia</url></streaminginfo>
	<streaminginfo><cname>Arrabia</cname><url>arrabia</url></streaminginfo>
	<streaminginfo><cname>Assadissa</cname><url>assadissa</url></streaminginfo>
	<streaminginfo><cname>Tamazigh Maroc</cname><url>tamazight</url></streaminginfo>
	<streaminginfo><cname>AlGeria</cname><url>algeria</url></streaminginfo>
	<streaminginfo><cname>Tamazigh Algeria</cname><url>tamazight_algeria</url></streaminginfo>
	<streaminginfo><cname>Coran</cname><url>coran</url></streaminginfo>
	<streaminginfo><cname>Algeria 3</cname><url>algeria_3</url></streaminginfo>
	<streaminginfo><cname>Echorouk Tv</cname><url>echorouk_tv</url></streaminginfo>
	<streaminginfo><cname>Echorouk Benna</cname><url>echorouk_benna_tv</url></streaminginfo>
	<streaminginfo><cname>EnnaharTV algerie</cname><url>ennahar_tv</url></streaminginfo>
	<streaminginfo><cname>Samira Tv</cname><url>samira_tv</url></streaminginfo>
	<streaminginfo><cname>El Djazairia</cname><url>el_djazairia</url></streaminginfo>
	<streaminginfo><cname>Dzair News</cname><url>dzair_news</url></streaminginfo>
	<streaminginfo><cname>Elheddaf</cname><url>el_heddaf_tv</url></streaminginfo>
	<streaminginfo><cname>KBC Algeria</cname><url>kbc_algeria</url></streaminginfo>
	<streaminginfo><cname>Zee Aflam</cname><url>zee_aflam</url></streaminginfo>
	<streaminginfo><cname>Zee Alwan</cname><url>zee_alwan</url></streaminginfo>
	<streaminginfo><cname>B4U Aflam</cname><url>b4u_aflam</url></streaminginfo>
	<streaminginfo><cname>Rotana cinema</cname><url>rotana_cinema</url></streaminginfo>
	<streaminginfo><cname>Rotana Classic</cname><url>rotana_classic</url></streaminginfo>
	<streaminginfo><cname>Rotana Aflam</cname><url>rotana_aflam</url></streaminginfo>
	<streaminginfo><cname>Rotana Masriya</cname><url>rotana_masriya</url></streaminginfo>
	<streaminginfo><cname>Rotana Music</cname><url>rotana_music</url></streaminginfo>
	<streaminginfo><cname>Rotana Clip</cname><url>rotana_clip</url></streaminginfo>
	<streaminginfo><cname>Rotana Khaligi</cname><url>rotana_khaligi</url></streaminginfo>
	<streaminginfo><cname>Syria</cname><url>syria</url></streaminginfo>
	<streaminginfo><cname>Syria Drama</cname><url>syria_drama</url></streaminginfo>
	<streaminginfo><cname>Sama Syria</cname><url>sama_tv</url></streaminginfo>
	<streaminginfo><cname>Noor Sham</cname><url>nour_sham</url></streaminginfo>
	<streaminginfo><cname>ANN</cname><url>ann</url></streaminginfo>
	<streaminginfo><cname>Al Ikhbaria Syria</cname><url>al_ekhbariya_al_soriya</url></streaminginfo>
	<streaminginfo><cname>Blue Nile</cname><url>blue_nile</url></streaminginfo>
	<streaminginfo><cname>Sudan TV</cname><url>sudan_tv</url></streaminginfo>
	<streaminginfo><cname>Neelain Sport</cname><url>neelain_sport</url></streaminginfo>
	<streaminginfo><cname>Abu Dhabi</cname><url>abu_dhabi</url></streaminginfo>
	<streaminginfo><cname>Abu Dhabi Drama</cname><url>abu_dhabi_drama</url></streaminginfo>
	<streaminginfo><cname>Abu Dhabi Emirates</cname><url>abu_dhabi_emarat</url></streaminginfo>
	<streaminginfo><cname>Abu Dhabi Sports 1</cname><url>abu_dhabi_sports_1</url></streaminginfo>
	<streaminginfo><cname>Abu Dhabi Sports 2</cname><url>abu_dhabi_sports_2</url></streaminginfo>
	<streaminginfo><cname>Dubai Sport 1</cname><url>dubai_sport_1</url></streaminginfo>
	<streaminginfo><cname>National Geo Ad</cname><url>nat_geo_ad</url></streaminginfo>
	<streaminginfo><cname>Orient News</cname><url>orient</url></streaminginfo>
	<streaminginfo><cname>Dubai</cname><url>dubai</url></streaminginfo>
	<streaminginfo><cname>Sama Dubai</cname><url>sama_dubai</url></streaminginfo>
	<streaminginfo><cname>Dubai One</cname><url>dubai_one</url></streaminginfo>
	<streaminginfo><cname>Noor Dubai</cname><url>noor_dubai</url></streaminginfo>
	<streaminginfo><cname>Music+</cname><url>music_plus</url></streaminginfo>
	<streaminginfo><cname>Quest arabiya</cname><url>quest_arabiya</url></streaminginfo>
	<streaminginfo><cname>Al Sharqiya News</cname><url>sharqia_news</url></streaminginfo>
	<streaminginfo><cname>Al Turkmenia</cname><url>al_turkmenia</url></streaminginfo>
	<streaminginfo><cname>Houna Baghdad</cname><url>hona_baghdad</url></streaminginfo>
	<streaminginfo><cname>Aliraqiya</cname><url>al_iraqiya</url></streaminginfo>
	<streaminginfo><cname>Alghadeer</cname><url>al_ghadeer</url></streaminginfo>
	<streaminginfo><cname>Afaq</cname><url>afaq_tv</url></streaminginfo>
	<streaminginfo><cname>Alhadat</cname><url>al_hadath</url></streaminginfo>
	<streaminginfo><cname>Al Forat</cname><url>al_forat</url></streaminginfo>
	<streaminginfo><cname>Al Anwar</cname><url>alanwar</url></streaminginfo>
	<streaminginfo><cname>Iraqiya Sport</cname><url>iraqia_sport</url></streaminginfo>
	<streaminginfo><cname>Almawsleya</cname><url>al_mawsleya</url></streaminginfo>
	<streaminginfo><cname>Dejlah</cname><url>dijlah_tv</url></streaminginfo>
	<streaminginfo><cname>Al Anbar</cname><url>al_anbar</url></streaminginfo>
	<streaminginfo><cname>Karbala</cname><url>karbala_tv</url></streaminginfo>
	<streaminginfo><cname>Al Sharqiya</cname><url>al_sharqiya</url></streaminginfo>
	<streaminginfo><cname>Al-hurra Iraq</cname><url>al_hurra_iraq</url></streaminginfo>
	<streaminginfo><cname>Al Rafidain</cname><url>al_rafidain</url></streaminginfo>
	<streaminginfo><cname>Al Sumaria</cname><url>al_sumaria</url></streaminginfo>
	<streaminginfo><cname>Baghdad</cname><url>baghdad</url></streaminginfo>
	<streaminginfo><cname>Aghanina</cname><url>aghanina</url></streaminginfo>
	<streaminginfo><cname>Aldiyar</cname><url>al_diyar</url></streaminginfo>
	<streaminginfo><cname>Ishtar</cname><url>ishtar</url></streaminginfo>
	<streaminginfo><cname>Al Rasheed</cname><url>al_rasheed</url></streaminginfo>
	<streaminginfo><cname>Al Haneen Music</cname><url>al_haneen_music</url></streaminginfo>
	<streaminginfo><cname>Al Maaref</cname><url>al_maaref</url></streaminginfo>
	<streaminginfo><cname>Qatar</cname><url>qatar</url></streaminginfo>
	<streaminginfo><cname>Palestine</cname><url>palestine</url></streaminginfo>
	<streaminginfo><cname>Alqudis</cname><url>alqudis</url></streaminginfo>
	<streaminginfo><cname>KSA 1</cname><url>ksa_1</url></streaminginfo>
	<streaminginfo><cname>KSA 2</cname><url>ksa_2</url></streaminginfo>
	<streaminginfo><cname>Quran TV ksa</cname><url>al_quran_al_karim</url></streaminginfo>
	<streaminginfo><cname>Al-Resalah</cname><url>al_resalah</url></streaminginfo>
	<streaminginfo><cname>alkass</cname><url>alkass_tv</url></streaminginfo>
	<streaminginfo><cname>Iqra</cname><url>iqra</url></streaminginfo>
	<streaminginfo><cname>KSA News</cname><url>al_ekhbaria</url></streaminginfo>
	<streaminginfo><cname>Al Majd</cname><url>al_majd</url></streaminginfo>
	<streaminginfo><cname>Al Alam</cname><url>al_alam</url></streaminginfo>
	<streaminginfo><cname>Libya AlWataniya</cname><url>libya_tv</url></streaminginfo>
	<streaminginfo><cname>Kuwait</cname><url>kuwait</url></streaminginfo>
	<streaminginfo><cname>Funoon</cname><url>funoon</url></streaminginfo>
	<streaminginfo><cname>Roya</cname><url>roya</url></streaminginfo>
	<streaminginfo><cname>Jordan</cname><url>jordan</url></streaminginfo>
	<streaminginfo><cname>Noor Jordan</cname><url>noor_jordan</url></streaminginfo>
	<streaminginfo><cname>Jordan Sport</cname><url>jordan_sport</url></streaminginfo>
	<streaminginfo><cname>Yemen</cname><url>yemen</url></streaminginfo>
	<streaminginfo><cname>Aden</cname><url>aden</url></streaminginfo>
	<streaminginfo><cname>alsaeedah</cname><url>al_saeedah</url></streaminginfo>
	<streaminginfo><cname>Oman</cname><url>oman</url></streaminginfo>
	<streaminginfo><cname>Bahrain</cname><url>bahrain</url></streaminginfo>
	<streaminginfo><cname>Mauritanie</cname><url>mauritanie</url></streaminginfo>
	<streaminginfo><cname>Tchad</cname><url>tchad</url></streaminginfo>
	<streaminginfo><cname>Eritrea TV</cname><url>eriteria_tv</url></streaminginfo>
	<streaminginfo><cname>ESTV</cname><url>estv</url></streaminginfo>
	<streaminginfo><cname>SNTV</cname><url>sntv</url></streaminginfo>
	<streaminginfo><cname>Kalsan Tv</cname><url>kalsan_tv</url></streaminginfo>
	<streaminginfo><cname>Somali Channel</cname><url>somali_land</url></streaminginfo>
	<streaminginfo><cname>HCTV</cname><url>horn_cable_tv</url></streaminginfo>
	<streaminginfo><cname>Somali</cname><url>somali_cable_tv</url></streaminginfo>
	<streaminginfo><cname>Universal Somali</cname><url>universal_somali_tv</url></streaminginfo>
	<streaminginfo><cname>Bein 1 FR</cname><url>bein_sports_1_hd_fr</url></streaminginfo>
	<streaminginfo><cname>Bein 2 FR</cname><url>bein_sports_2_hd_fr</url></streaminginfo>
	<streaminginfo><cname>TF1</cname><url>tf1</url></streaminginfo>
	<streaminginfo><cname>FRANCE 2</cname><url>france_2</url></streaminginfo>
	<streaminginfo><cname>M6</cname><url>m6</url></streaminginfo>
	<streaminginfo><cname>Eurosport France</cname><url>eurosport</url></streaminginfo>
	<streaminginfo><cname>Canal+</cname><url>canal_plus</url></streaminginfo>
	<streaminginfo><cname>Canal+ Family</cname><url>canal_plus_family</url></streaminginfo>
	<streaminginfo><cname>Canal+ Cinema</cname><url>canal_plus_cinema</url></streaminginfo>
	<streaminginfo><cname>Canal+ Series</cname><url>canal_plus_series</url></streaminginfo>
	<streaminginfo><cname>Canal+ Sport</cname><url>canal_plus_sport</url></streaminginfo>
	<streaminginfo><cname>FRANCE 3</cname><url>france_3</url></streaminginfo>
	<streaminginfo><cname>FRANCE 4</cname><url>france_4</url></streaminginfo>
	<streaminginfo><cname>FRANCE 5</cname><url>france_5</url></streaminginfo>
	<streaminginfo><cname>FRANCE 0</cname><url>france_o</url></streaminginfo>
	<streaminginfo><cname>OSN Cinema 1</cname><url>osn_cinema_1</url></streaminginfo>
	<streaminginfo><cname>OSN Animal Planet</cname><url>osn_animal_planet_hd</url></streaminginfo>
	<streaminginfo><cname>OSN Box Office 1</cname><url>osn_box_office_1</url></streaminginfo>
	<streaminginfo><cname>OSN Box Office 2</cname><url>osn_box_office_2</url></streaminginfo>
	<streaminginfo><cname>OSN Yahala HD</cname><url>osn_yahala_hd</url></streaminginfo>
	<streaminginfo><cname>OSN Yahala Drama</cname><url>osn_yahlaa_drama</url></streaminginfo>
	<streaminginfo><cname>OSN Fight</cname><url>osn_fight_hd</url></streaminginfo>
	<streaminginfo><cname>OSN First Comedy</cname><url>osn_first_comdy_hd</url></streaminginfo>
	<streaminginfo><cname>OSN First More</cname><url>osn_first_more</url></streaminginfo>
	<streaminginfo><cname>OSN First HD</cname><url>osn_first</url></streaminginfo>
	<streaminginfo><cname>OSN Movies Action HD</cname><url>osn_movies_action_2_hd</url></streaminginfo>
	<streaminginfo><cname>OSN Movies Drama</cname><url>osn_movies_drama</url></streaminginfo>
	<streaminginfo><cname>OSN Movies HD +2</cname><url>osn_movies_hd</url></streaminginfo>
	<streaminginfo><cname>OSN Movies Kids</cname><url>osn_movies_kids</url></streaminginfo>
	<streaminginfo><cname>OSN Movies Premiere HD</cname><url>osn_movies_premier</url></streaminginfo>
	<streaminginfo><cname>OSN Series Arabic</cname><url>osn_series_arabic</url></streaminginfo>
	<streaminginfo><cname>OSN Ya Hala Shabab HD</cname><url>osn_shabab</url></streaminginfo>
	<streaminginfo><cname>OSN Star Movies</cname><url>osn_star_movies</url></streaminginfo>
	<streaminginfo><cname>OSN Star World</cname><url>osn_star_world</url></streaminginfo>
</streamingInfos>
