<?xml version="1.0" encoding="UTF-8"?>
<addon
  id="plugin.video.mytuun"
  version="1.0.7"
  name="Mytuun"
  provider-name="mafraj,kldon,opesboy">
   <requires>
    <import addon="xbmc.python" version="2.1.0"/>
	<import addon="script.module.addon.common" />
	<import addon="script.module.requests" />
	<import addon="script.module.urlresolver" />
  </requires>
  <extension point="xbmc.python.pluginsource"
             library="default.py">
    <provides>video</provides>
  </extension>
  <extension point="xbmc.addon.metadata">
    <summary>mytuun movies arabic plugin, Arabic , Hollywood movies </summary>
    <description>mytuun movies arabic plugin, Arabic , Hollywood movies </description>
   
    <platform>all</platform>
  </extension>
</addon>
