<?xml version='1.0' encoding='UTF-8'?>
<shortcuts>
	<shortcut>
		<defaultID>$INFO[Window(Home).Property(emby.nodes.4.title)]</defaultID>
		<label>$INFO[Window(Home).Property(emby.nodes.4.title)]</label>
		<label2>Video Add-ons</label2>
		<icon>special://home/addons/plugin.video.emby/icon.png</icon>
		<thumb>$INFO[Window(Home).Property(emby.nodes.4.image)]</thumb>
		<action>$INFO[Window(Home).Property(emby.nodes.4.path)]</action>
		<visible>!IsEmpty(Window(Home).Property(emby.nodes.4.path))</visible>
	</shortcut>
    <shortcut>
		<defaultID>$INFO[Window(Home).Property(emby.nodes.4.mylist.title)]</defaultID>
		<label>$INFO[Window(Home).Property(emby.nodes.4.mylist.title)]</label>
		<label2>Video Add-ons</label2>
		<icon>special://home/addons/plugin.video.emby/icon.png</icon>
		<thumb>$INFO[Window(Home).Property(emby.nodes.4.mylist.image)]</thumb>
		<action>$INFO[Window(Home).Property(emby.nodes.4.mylist.path)]</action>
		<visible>!IsEmpty(Window(Home).Property(emby.nodes.4.mylist.path))</visible>
	</shortcut>
    <shortcut>
		<defaultID>$INFO[Window(Home).Property(emby.nodes.4.suggestions.title)]</defaultID>
		<label>$INFO[Window(Home).Property(emby.nodes.4.suggestions.title)]</label>
		<label2>Video Add-ons</label2>
		<icon>special://home/addons/plugin.video.emby/icon.png</icon>
		<thumb>$INFO[Window(Home).Property(emby.nodes.4.suggestions.image)]</thumb>
		<action>$INFO[Window(Home).Property(emby.nodes.4.suggestions.path)]</action>
		<visible>!IsEmpty(Window(Home).Property(emby.nodes.4.suggestions.path))</visible>
	</shortcut>
	<shortcut>
		<defaultID>$INFO[Window(Home).Property(emby.nodes.4.recentepisodes.title)]</defaultID>
		<label>$INFO[Window(Home).Property(emby.nodes.4.recentepisodes.title)]</label>
		<label2>Video Add-ons</label2>
		<icon>special://home/addons/plugin.video.emby/icon.png</icon>
		<thumb>$INFO[Window(Home).Property(emby.nodes.4.recentepisodes.image)]</thumb>
		<action>$INFO[Window(Home).Property(emby.nodes.4.recentepisodes.path)]</action>
		<visible>!IsEmpty(Window(Home).Property(emby.nodes.4.recentepisodes.path))</visible>
	</shortcut>
	<shortcut>
		<defaultID>$INFO[Window(Home).Property(emby.nodes.4.inprogressepisodes.title)]</defaultID>
		<label>$INFO[Window(Home).Property(emby.nodes.4.inprogressepisodes.title)]</label>
		<label2>Video Add-ons</label2>
		<icon>special://home/addons/plugin.video.emby/icon.png</icon>
		<thumb>$INFO[Window(Home).Property(emby.nodes.4.inprogressepisodes.image)]</thumb>
		<action>$INFO[Window(Home).Property(emby.nodes.4.inprogressepisodes.path)]</action>
		<visible>!IsEmpty(Window(Home).Property(emby.nodes.4.inprogressepisodes.path))</visible>
	</shortcut>
	<shortcut>
		<defaultID>$INFO[Window(Home).Property(emby.nodes.4.nextepisodes.title)]</defaultID>
		<label>$INFO[Window(Home).Property(emby.nodes.4.nextepisodes.title)]</label>
		<label2>Video Add-ons</label2>
		<icon>special://home/addons/plugin.video.emby/icon.png</icon>
		<thumb>$INFO[Window(Home).Property(emby.nodes.4.nextepisodes.image)]</thumb>
		<action>$INFO[Window(Home).Property(emby.nodes.4.nextepisodes.path)]</action>
		<visible>!IsEmpty(Window(Home).Property(emby.nodes.4.nextepisodes.path))</visible>
	</shortcut>
	<shortcut>
		<defaultID>$INFO[Window(Home).Property(emby.nodes.4.recent.title)]</defaultID>
		<label>$INFO[Window(Home).Property(emby.nodes.4.recent.title)]</label>
		<label2>Video Add-ons</label2>
		<icon>special://home/addons/plugin.video.emby/icon.png</icon>
		<thumb>$INFO[Window(Home).Property(emby.nodes.4.recent.image)]</thumb>
		<action>$INFO[Window(Home).Property(emby.nodes.4.recent.path)]</action>
		<visible>!IsEmpty(Window(Home).Property(emby.nodes.4.recent.path))</visible>
	</shortcut>
	<shortcut>
		<defaultID>$INFO[Window(Home).Property(emby.nodes.4.inprogress.title)]</defaultID>
		<label>$INFO[Window(Home).Property(emby.nodes.4.inprogress.title)]</label>
		<label2>Video Add-ons</label2>
		<icon>special://home/addons/plugin.video.emby/icon.png</icon>
		<thumb>$INFO[Window(Home).Property(emby.nodes.4.inprogress.image)]</thumb>
		<action>$INFO[Window(Home).Property(emby.nodes.4.inprogress.path)]</action>
		<visible>!IsEmpty(Window(Home).Property(emby.nodes.4.inprogress.path))</visible>
	</shortcut>
	<shortcut>
		<defaultID>$INFO[Window(Home).Property(emby.nodes.4.unwatched.title)]</defaultID>
		<label>$INFO[Window(Home).Property(emby.nodes.4.unwatched.title)]</label>
		<label2>Video Add-ons</label2>
		<icon>special://home/addons/plugin.video.emby/icon.png</icon>
		<thumb>$INFO[Window(Home).Property(emby.nodes.4.unwatched.image)]</thumb>
		<action>$INFO[Window(Home).Property(emby.nodes.4.unwatched.path)]</action>
		<visible>!IsEmpty(Window(Home).Property(emby.nodes.4.unwatched.path))</visible>
	</shortcut>
    <shortcut>
		<defaultID>$INFO[Window(Home).Property(emby.nodes.4.ondeck.title)]</defaultID>
		<label>$INFO[Window(Home).Property(emby.nodes.4.ondeck.title)]</label>
		<label2>Video Add-ons</label2>
        <icon>special://home/addons/plugin.video.emby/icon.png</icon>
		<thumb>$INFO[Window(Home).Property(emby.nodes.4.ondeck.image)]</thumb>
		<action>$INFO[Window(Home).Property(emby.nodes.4.ondeck.path)]</action>
        <visible>!IsEmpty(Window(Home).Property(emby.nodes.4.ondeck.path))</visible>
	</shortcut>
    <shortcut>
		<defaultID>$INFO[Window(Home).Property(emby.nodes.4.recommended.title)]</defaultID>
		<label>$INFO[Window(Home).Property(emby.nodes.4.recommended.title)]</label>
		<label2>Video Add-ons</label2>
        <icon>special://home/addons/plugin.video.emby/icon.png</icon>
		<thumb>$INFO[Window(Home).Property(emby.nodes.4.recommended.image)]</thumb>
		<action>$INFO[Window(Home).Property(emby.nodes.4.recommended.path)]</action>
        <visible>!IsEmpty(Window(Home).Property(emby.nodes.4.recommended.path))</visible>
	</shortcut>
    <shortcut>
		<defaultID>$INFO[Window(Home).Property(emby.nodes.4.genres.title)]</defaultID>
		<label>$INFO[Window(Home).Property(emby.nodes.4.genres.title)]</label>
		<label2>Video Add-ons</label2>
        <icon>special://home/addons/plugin.video.emby/icon.png</icon>
		<thumb>$INFO[Window(Home).Property(emby.nodes.4.genres.image)]</thumb>
		<action>$INFO[Window(Home).Property(emby.nodes.4.genres.path)]</action>
        <visible>!IsEmpty(Window(Home).Property(emby.nodes.4.genres.path))</visible>
	</shortcut>
</shortcuts>
