<?xml version='1.0' encoding='UTF-8'?>
<shortcuts>
	<shortcut>
		<defaultID>$INFO[Window(Home).Property(emby.nodes.5.title)]</defaultID>
		<label>$INFO[Window(Home).Property(emby.nodes.5.title)]</label>
		<label2>Video Add-ons</label2>
		<icon>special://home/addons/plugin.video.emby/icon.png</icon>
		<thumb>$INFO[Window(Home).Property(emby.nodes.5.image)]</thumb>
		<action>$INFO[Window(Home).Property(emby.nodes.5.path)]</action>
		<visible>!IsEmpty(Window(Home).Property(emby.nodes.5.path))</visible>
	</shortcut>
    <shortcut>
		<defaultID>$INFO[Window(Home).Property(emby.nodes.5.mylist.title)]</defaultID>
		<label>$INFO[Window(Home).Property(emby.nodes.5.mylist.title)]</label>
		<label2>Video Add-ons</label2>
		<icon>special://home/addons/plugin.video.emby/icon.png</icon>
		<thumb>$INFO[Window(Home).Property(emby.nodes.5.mylist.image)]</thumb>
		<action>$INFO[Window(Home).Property(emby.nodes.5.mylist.path)]</action>
		<visible>!IsEmpty(Window(Home).Property(emby.nodes.5.mylist.path))</visible>
	</shortcut>
    <shortcut>
		<defaultID>$INFO[Window(Home).Property(emby.nodes.5.suggestions.title)]</defaultID>
		<label>$INFO[Window(Home).Property(emby.nodes.5.suggestions.title)]</label>
		<label2>Video Add-ons</label2>
		<icon>special://home/addons/plugin.video.emby/icon.png</icon>
		<thumb>$INFO[Window(Home).Property(emby.nodes.5.suggestions.image)]</thumb>
		<action>$INFO[Window(Home).Property(emby.nodes.5.suggestions.path)]</action>
		<visible>!IsEmpty(Window(Home).Property(emby.nodes.5.suggestions.path))</visible>
	</shortcut>
	<shortcut>
		<defaultID>$INFO[Window(Home).Property(emby.nodes.5.recentepisodes.title)]</defaultID>
		<label>$INFO[Window(Home).Property(emby.nodes.5.recentepisodes.title)]</label>
		<label2>Video Add-ons</label2>
		<icon>special://home/addons/plugin.video.emby/icon.png</icon>
		<thumb>$INFO[Window(Home).Property(emby.nodes.5.recentepisodes.image)]</thumb>
		<action>$INFO[Window(Home).Property(emby.nodes.5.recentepisodes.path)]</action>
		<visible>!IsEmpty(Window(Home).Property(emby.nodes.5.recentepisodes.path))</visible>
	</shortcut>
	<shortcut>
		<defaultID>$INFO[Window(Home).Property(emby.nodes.5.inprogressepisodes.title)]</defaultID>
		<label>$INFO[Window(Home).Property(emby.nodes.5.inprogressepisodes.title)]</label>
		<label2>Video Add-ons</label2>
		<icon>special://home/addons/plugin.video.emby/icon.png</icon>
		<thumb>$INFO[Window(Home).Property(emby.nodes.5.inprogressepisodes.image)]</thumb>
		<action>$INFO[Window(Home).Property(emby.nodes.5.inprogressepisodes.path)]</action>
		<visible>!IsEmpty(Window(Home).Property(emby.nodes.5.inprogressepisodes.path))</visible>
	</shortcut>
	<shortcut>
		<defaultID>$INFO[Window(Home).Property(emby.nodes.5.nextepisodes.title)]</defaultID>
		<label>$INFO[Window(Home).Property(emby.nodes.5.nextepisodes.title)]</label>
		<label2>Video Add-ons</label2>
		<icon>special://home/addons/plugin.video.emby/icon.png</icon>
		<thumb>$INFO[Window(Home).Property(emby.nodes.5.nextepisodes.image)]</thumb>
		<action>$INFO[Window(Home).Property(emby.nodes.5.nextepisodes.path)]</action>
		<visible>!IsEmpty(Window(Home).Property(emby.nodes.5.nextepisodes.path))</visible>
	</shortcut>
	<shortcut>
		<defaultID>$INFO[Window(Home).Property(emby.nodes.5.recent.title)]</defaultID>
		<label>$INFO[Window(Home).Property(emby.nodes.5.recent.title)]</label>
		<label2>Video Add-ons</label2>
		<icon>special://home/addons/plugin.video.emby/icon.png</icon>
		<thumb>$INFO[Window(Home).Property(emby.nodes.5.recent.image)]</thumb>
		<action>$INFO[Window(Home).Property(emby.nodes.5.recent.path)]</action>
		<visible>!IsEmpty(Window(Home).Property(emby.nodes.5.recent.path))</visible>
	</shortcut>
	<shortcut>
		<defaultID>$INFO[Window(Home).Property(emby.nodes.5.inprogress.title)]</defaultID>
		<label>$INFO[Window(Home).Property(emby.nodes.5.inprogress.title)]</label>
		<label2>Video Add-ons</label2>
		<icon>special://home/addons/plugin.video.emby/icon.png</icon>
		<thumb>$INFO[Window(Home).Property(emby.nodes.5.inprogress.image)]</thumb>
		<action>$INFO[Window(Home).Property(emby.nodes.5.inprogress.path)]</action>
		<visible>!IsEmpty(Window(Home).Property(emby.nodes.5.inprogress.path))</visible>
	</shortcut>
	<shortcut>
		<defaultID>$INFO[Window(Home).Property(emby.nodes.5.unwatched.title)]</defaultID>
		<label>$INFO[Window(Home).Property(emby.nodes.5.unwatched.title)]</label>
		<label2>Video Add-ons</label2>
		<icon>special://home/addons/plugin.video.emby/icon.png</icon>
		<thumb>$INFO[Window(Home).Property(emby.nodes.5.unwatched.image)]</thumb>
		<action>$INFO[Window(Home).Property(emby.nodes.5.unwatched.path)]</action>
		<visible>!IsEmpty(Window(Home).Property(emby.nodes.5.unwatched.path))</visible>
	</shortcut>
    <shortcut>
		<defaultID>$INFO[Window(Home).Property(emby.nodes.5.ondeck.title)]</defaultID>
		<label>$INFO[Window(Home).Property(emby.nodes.5.ondeck.title)]</label>
		<label2>Video Add-ons</label2>
        <icon>special://home/addons/plugin.video.emby/icon.png</icon>
		<thumb>$INFO[Window(Home).Property(emby.nodes.5.ondeck.image)]</thumb>
		<action>$INFO[Window(Home).Property(emby.nodes.5.ondeck.path)]</action>
        <visible>!IsEmpty(Window(Home).Property(emby.nodes.5.ondeck.path))</visible>
	</shortcut>
    <shortcut>
		<defaultID>$INFO[Window(Home).Property(emby.nodes.5.recommended.title)]</defaultID>
		<label>$INFO[Window(Home).Property(emby.nodes.5.recommended.title)]</label>
		<label2>Video Add-ons</label2>
        <icon>special://home/addons/plugin.video.emby/icon.png</icon>
		<thumb>$INFO[Window(Home).Property(emby.nodes.5.recommended.image)]</thumb>
		<action>$INFO[Window(Home).Property(emby.nodes.5.recommended.path)]</action>
        <visible>!IsEmpty(Window(Home).Property(emby.nodes.5.recommended.path))</visible>
	</shortcut>
    <shortcut>
		<defaultID>$INFO[Window(Home).Property(emby.nodes.5.genres.title)]</defaultID>
		<label>$INFO[Window(Home).Property(emby.nodes.5.genres.title)]</label>
		<label2>Video Add-ons</label2>
        <icon>special://home/addons/plugin.video.emby/icon.png</icon>
		<thumb>$INFO[Window(Home).Property(emby.nodes.5.genres.image)]</thumb>
		<action>$INFO[Window(Home).Property(emby.nodes.5.genres.path)]</action>
        <visible>!IsEmpty(Window(Home).Property(emby.nodes.5.genres.path))</visible>
	</shortcut>
</shortcuts>
