<?xml version='1.0' encoding='UTF-8'?>
<shortcuts>
	<shortcut>
		<defaultID>$INFO[Window(Home).Property(emby.nodes.13.title)]</defaultID>
		<label>$INFO[Window(Home).Property(emby.nodes.13.title)]</label>
		<label2>Video Add-ons</label2>
		<icon>special://home/addons/plugin.video.emby/icon.png</icon>
		<thumb>$INFO[Window(Home).Property(emby.nodes.13.image)]</thumb>
		<action>$INFO[Window(Home).Property(emby.nodes.13.path)]</action>
		<visible>!IsEmpty(Window(Home).Property(emby.nodes.13.path))</visible>
	</shortcut>
    <shortcut>
		<defaultID>$INFO[Window(Home).Property(emby.nodes.13.mylist.title)]</defaultID>
		<label>$INFO[Window(Home).Property(emby.nodes.13.mylist.title)]</label>
		<label2>Video Add-ons</label2>
		<icon>special://home/addons/plugin.video.emby/icon.png</icon>
		<thumb>$INFO[Window(Home).Property(emby.nodes.13.mylist.image)]</thumb>
		<action>$INFO[Window(Home).Property(emby.nodes.13.mylist.path)]</action>
		<visible>!IsEmpty(Window(Home).Property(emby.nodes.13.mylist.path))</visible>
	</shortcut>
    <shortcut>
		<defaultID>$INFO[Window(Home).Property(emby.nodes.13.suggestions.title)]</defaultID>
		<label>$INFO[Window(Home).Property(emby.nodes.13.suggestions.title)]</label>
		<label2>Video Add-ons</label2>
		<icon>special://home/addons/plugin.video.emby/icon.png</icon>
		<thumb>$INFO[Window(Home).Property(emby.nodes.13.suggestions.image)]</thumb>
		<action>$INFO[Window(Home).Property(emby.nodes.13.suggestions.path)]</action>
		<visible>!IsEmpty(Window(Home).Property(emby.nodes.13.suggestions.path))</visible>
	</shortcut>
	<shortcut>
		<defaultID>$INFO[Window(Home).Property(emby.nodes.13.recentepisodes.title)]</defaultID>
		<label>$INFO[Window(Home).Property(emby.nodes.13.recentepisodes.title)]</label>
		<label2>Video Add-ons</label2>
		<icon>special://home/addons/plugin.video.emby/icon.png</icon>
		<thumb>$INFO[Window(Home).Property(emby.nodes.13.recentepisodes.image)]</thumb>
		<action>$INFO[Window(Home).Property(emby.nodes.13.recentepisodes.path)]</action>
		<visible>!IsEmpty(Window(Home).Property(emby.nodes.13.recentepisodes.path))</visible>
	</shortcut>
	<shortcut>
		<defaultID>$INFO[Window(Home).Property(emby.nodes.13.inprogressepisodes.title)]</defaultID>
		<label>$INFO[Window(Home).Property(emby.nodes.13.inprogressepisodes.title)]</label>
		<label2>Video Add-ons</label2>
		<icon>special://home/addons/plugin.video.emby/icon.png</icon>
		<thumb>$INFO[Window(Home).Property(emby.nodes.13.inprogressepisodes.image)]</thumb>
		<action>$INFO[Window(Home).Property(emby.nodes.13.inprogressepisodes.path)]</action>
		<visible>!IsEmpty(Window(Home).Property(emby.nodes.13.inprogressepisodes.path))</visible>
	</shortcut>
	<shortcut>
		<defaultID>$INFO[Window(Home).Property(emby.nodes.13.nextepisodes.title)]</defaultID>
		<label>$INFO[Window(Home).Property(emby.nodes.13.nextepisodes.title)]</label>
		<label2>Video Add-ons</label2>
		<icon>special://home/addons/plugin.video.emby/icon.png</icon>
		<thumb>$INFO[Window(Home).Property(emby.nodes.13.nextepisodes.image)]</thumb>
		<action>$INFO[Window(Home).Property(emby.nodes.13.nextepisodes.path)]</action>
		<visible>!IsEmpty(Window(Home).Property(emby.nodes.13.nextepisodes.path))</visible>
	</shortcut>
	<shortcut>
		<defaultID>$INFO[Window(Home).Property(emby.nodes.13.recent.title)]</defaultID>
		<label>$INFO[Window(Home).Property(emby.nodes.13.recent.title)]</label>
		<label2>Video Add-ons</label2>
		<icon>special://home/addons/plugin.video.emby/icon.png</icon>
		<thumb>$INFO[Window(Home).Property(emby.nodes.13.recent.image)]</thumb>
		<action>$INFO[Window(Home).Property(emby.nodes.13.recent.path)]</action>
		<visible>!IsEmpty(Window(Home).Property(emby.nodes.13.recent.path))</visible>
	</shortcut>
	<shortcut>
		<defaultID>$INFO[Window(Home).Property(emby.nodes.13.inprogress.title)]</defaultID>
		<label>$INFO[Window(Home).Property(emby.nodes.13.inprogress.title)]</label>
		<label2>Video Add-ons</label2>
		<icon>special://home/addons/plugin.video.emby/icon.png</icon>
		<thumb>$INFO[Window(Home).Property(emby.nodes.13.inprogress.image)]</thumb>
		<action>$INFO[Window(Home).Property(emby.nodes.13.inprogress.path)]</action>
		<visible>!IsEmpty(Window(Home).Property(emby.nodes.13.inprogress.path))</visible>
	</shortcut>
	<shortcut>
		<defaultID>$INFO[Window(Home).Property(emby.nodes.13.unwatched.title)]</defaultID>
		<label>$INFO[Window(Home).Property(emby.nodes.13.unwatched.title)]</label>
		<label2>Video Add-ons</label2>
		<icon>special://home/addons/plugin.video.emby/icon.png</icon>
		<thumb>$INFO[Window(Home).Property(emby.nodes.13.unwatched.image)]</thumb>
		<action>$INFO[Window(Home).Property(emby.nodes.13.unwatched.path)]</action>
		<visible>!IsEmpty(Window(Home).Property(emby.nodes.13.unwatched.path))</visible>
	</shortcut>
    <shortcut>
		<defaultID>$INFO[Window(Home).Property(emby.nodes.13.ondeck.title)]</defaultID>
		<label>$INFO[Window(Home).Property(emby.nodes.13.ondeck.title)]</label>
		<label2>Video Add-ons</label2>
        <icon>special://home/addons/plugin.video.emby/icon.png</icon>
		<thumb>$INFO[Window(Home).Property(emby.nodes.13.ondeck.image)]</thumb>
		<action>$INFO[Window(Home).Property(emby.nodes.13.ondeck.path)]</action>
        <visible>!IsEmpty(Window(Home).Property(emby.nodes.13.ondeck.path))</visible>
	</shortcut>
    <shortcut>
		<defaultID>$INFO[Window(Home).Property(emby.nodes.13.recommended.title)]</defaultID>
		<label>$INFO[Window(Home).Property(emby.nodes.13.recommended.title)]</label>
		<label2>Video Add-ons</label2>
        <icon>special://home/addons/plugin.video.emby/icon.png</icon>
		<thumb>$INFO[Window(Home).Property(emby.nodes.13.recommended.image)]</thumb>
		<action>$INFO[Window(Home).Property(emby.nodes.13.recommended.path)]</action>
        <visible>!IsEmpty(Window(Home).Property(emby.nodes.13.recommended.path))</visible>
	</shortcut>
    <shortcut>
		<defaultID>$INFO[Window(Home).Property(emby.nodes.13.genres.title)]</defaultID>
		<label>$INFO[Window(Home).Property(emby.nodes.13.genres.title)]</label>
		<label2>Video Add-ons</label2>
        <icon>special://home/addons/plugin.video.emby/icon.png</icon>
		<thumb>$INFO[Window(Home).Property(emby.nodes.13.genres.image)]</thumb>
		<action>$INFO[Window(Home).Property(emby.nodes.13.genres.path)]</action>
        <visible>!IsEmpty(Window(Home).Property(emby.nodes.13.genres.path))</visible>
	</shortcut>
</shortcuts>
