<?xml version='1.0' encoding='UTF-8'?>
<shortcuts>
	<shortcut>
		<defaultID>$INFO[Window(Home).Property(emby.nodes.11.title)]</defaultID>
		<label>$INFO[Window(Home).Property(emby.nodes.11.title)]</label>
		<label2>Video Add-ons</label2>
		<icon>special://home/addons/plugin.video.emby/icon.png</icon>
		<thumb>$INFO[Window(Home).Property(emby.nodes.11.image)]</thumb>
		<action>$INFO[Window(Home).Property(emby.nodes.11.path)]</action>
		<visible>!IsEmpty(Window(Home).Property(emby.nodes.11.path))</visible>
	</shortcut>
    <shortcut>
		<defaultID>$INFO[Window(Home).Property(emby.nodes.11.mylist.title)]</defaultID>
		<label>$INFO[Window(Home).Property(emby.nodes.11.mylist.title)]</label>
		<label2>Video Add-ons</label2>
		<icon>special://home/addons/plugin.video.emby/icon.png</icon>
		<thumb>$INFO[Window(Home).Property(emby.nodes.11.mylist.image)]</thumb>
		<action>$INFO[Window(Home).Property(emby.nodes.11.mylist.path)]</action>
		<visible>!IsEmpty(Window(Home).Property(emby.nodes.11.mylist.path))</visible>
	</shortcut>
    <shortcut>
		<defaultID>$INFO[Window(Home).Property(emby.nodes.11.suggestions.title)]</defaultID>
		<label>$INFO[Window(Home).Property(emby.nodes.11.suggestions.title)]</label>
		<label2>Video Add-ons</label2>
		<icon>special://home/addons/plugin.video.emby/icon.png</icon>
		<thumb>$INFO[Window(Home).Property(emby.nodes.11.suggestions.image)]</thumb>
		<action>$INFO[Window(Home).Property(emby.nodes.11.suggestions.path)]</action>
		<visible>!IsEmpty(Window(Home).Property(emby.nodes.11.suggestions.path))</visible>
	</shortcut>
	<shortcut>
		<defaultID>$INFO[Window(Home).Property(emby.nodes.11.recentepisodes.title)]</defaultID>
		<label>$INFO[Window(Home).Property(emby.nodes.11.recentepisodes.title)]</label>
		<label2>Video Add-ons</label2>
		<icon>special://home/addons/plugin.video.emby/icon.png</icon>
		<thumb>$INFO[Window(Home).Property(emby.nodes.11.recentepisodes.image)]</thumb>
		<action>$INFO[Window(Home).Property(emby.nodes.11.recentepisodes.path)]</action>
		<visible>!IsEmpty(Window(Home).Property(emby.nodes.11.recentepisodes.path))</visible>
	</shortcut>
	<shortcut>
		<defaultID>$INFO[Window(Home).Property(emby.nodes.11.inprogressepisodes.title)]</defaultID>
		<label>$INFO[Window(Home).Property(emby.nodes.11.inprogressepisodes.title)]</label>
		<label2>Video Add-ons</label2>
		<icon>special://home/addons/plugin.video.emby/icon.png</icon>
		<thumb>$INFO[Window(Home).Property(emby.nodes.11.inprogressepisodes.image)]</thumb>
		<action>$INFO[Window(Home).Property(emby.nodes.11.inprogressepisodes.path)]</action>
		<visible>!IsEmpty(Window(Home).Property(emby.nodes.11.inprogressepisodes.path))</visible>
	</shortcut>
	<shortcut>
		<defaultID>$INFO[Window(Home).Property(emby.nodes.11.nextepisodes.title)]</defaultID>
		<label>$INFO[Window(Home).Property(emby.nodes.11.nextepisodes.title)]</label>
		<label2>Video Add-ons</label2>
		<icon>special://home/addons/plugin.video.emby/icon.png</icon>
		<thumb>$INFO[Window(Home).Property(emby.nodes.11.nextepisodes.image)]</thumb>
		<action>$INFO[Window(Home).Property(emby.nodes.11.nextepisodes.path)]</action>
		<visible>!IsEmpty(Window(Home).Property(emby.nodes.11.nextepisodes.path))</visible>
	</shortcut>
	<shortcut>
		<defaultID>$INFO[Window(Home).Property(emby.nodes.11.recent.title)]</defaultID>
		<label>$INFO[Window(Home).Property(emby.nodes.11.recent.title)]</label>
		<label2>Video Add-ons</label2>
		<icon>special://home/addons/plugin.video.emby/icon.png</icon>
		<thumb>$INFO[Window(Home).Property(emby.nodes.11.recent.image)]</thumb>
		<action>$INFO[Window(Home).Property(emby.nodes.11.recent.path)]</action>
		<visible>!IsEmpty(Window(Home).Property(emby.nodes.11.recent.path))</visible>
	</shortcut>
	<shortcut>
		<defaultID>$INFO[Window(Home).Property(emby.nodes.11.inprogress.title)]</defaultID>
		<label>$INFO[Window(Home).Property(emby.nodes.11.inprogress.title)]</label>
		<label2>Video Add-ons</label2>
		<icon>special://home/addons/plugin.video.emby/icon.png</icon>
		<thumb>$INFO[Window(Home).Property(emby.nodes.11.inprogress.image)]</thumb>
		<action>$INFO[Window(Home).Property(emby.nodes.11.inprogress.path)]</action>
		<visible>!IsEmpty(Window(Home).Property(emby.nodes.11.inprogress.path))</visible>
	</shortcut>
	<shortcut>
		<defaultID>$INFO[Window(Home).Property(emby.nodes.11.unwatched.title)]</defaultID>
		<label>$INFO[Window(Home).Property(emby.nodes.11.unwatched.title)]</label>
		<label2>Video Add-ons</label2>
		<icon>special://home/addons/plugin.video.emby/icon.png</icon>
		<thumb>$INFO[Window(Home).Property(emby.nodes.11.unwatched.image)]</thumb>
		<action>$INFO[Window(Home).Property(emby.nodes.11.unwatched.path)]</action>
		<visible>!IsEmpty(Window(Home).Property(emby.nodes.11.unwatched.path))</visible>
	</shortcut>
    <shortcut>
		<defaultID>$INFO[Window(Home).Property(emby.nodes.11.ondeck.title)]</defaultID>
		<label>$INFO[Window(Home).Property(emby.nodes.11.ondeck.title)]</label>
		<label2>Video Add-ons</label2>
        <icon>special://home/addons/plugin.video.emby/icon.png</icon>
		<thumb>$INFO[Window(Home).Property(emby.nodes.11.ondeck.image)]</thumb>
		<action>$INFO[Window(Home).Property(emby.nodes.11.ondeck.path)]</action>
        <visible>!IsEmpty(Window(Home).Property(emby.nodes.11.ondeck.path))</visible>
	</shortcut>
    <shortcut>
		<defaultID>$INFO[Window(Home).Property(emby.nodes.11.recommended.title)]</defaultID>
		<label>$INFO[Window(Home).Property(emby.nodes.11.recommended.title)]</label>
		<label2>Video Add-ons</label2>
        <icon>special://home/addons/plugin.video.emby/icon.png</icon>
		<thumb>$INFO[Window(Home).Property(emby.nodes.11.recommended.image)]</thumb>
		<action>$INFO[Window(Home).Property(emby.nodes.11.recommended.path)]</action>
        <visible>!IsEmpty(Window(Home).Property(emby.nodes.11.recommended.path))</visible>
	</shortcut>
    <shortcut>
		<defaultID>$INFO[Window(Home).Property(emby.nodes.11.genres.title)]</defaultID>
		<label>$INFO[Window(Home).Property(emby.nodes.11.genres.title)]</label>
		<label2>Video Add-ons</label2>
        <icon>special://home/addons/plugin.video.emby/icon.png</icon>
		<thumb>$INFO[Window(Home).Property(emby.nodes.11.genres.image)]</thumb>
		<action>$INFO[Window(Home).Property(emby.nodes.11.genres.path)]</action>
        <visible>!IsEmpty(Window(Home).Property(emby.nodes.11.genres.path))</visible>
	</shortcut>
</shortcuts>
