<?xml version='1.0' encoding='UTF-8'?>
<shortcuts>
	<shortcut>
		<defaultID>$INFO[Window(Home).Property(emby.nodes.2.title)]</defaultID>
		<label>$INFO[Window(Home).Property(emby.nodes.2.title)]</label>
		<label2>Video Add-ons</label2>
		<icon>special://home/addons/plugin.video.emby/icon.png</icon>
		<thumb>$INFO[Window(Home).Property(emby.nodes.2.image)]</thumb>
		<action>$INFO[Window(Home).Property(emby.nodes.2.path)]</action>
		<visible>!IsEmpty(Window(Home).Property(emby.nodes.2.path))</visible>
	</shortcut>
    <shortcut>
		<defaultID>$INFO[Window(Home).Property(emby.nodes.2.mylist.title)]</defaultID>
		<label>$INFO[Window(Home).Property(emby.nodes.2.mylist.title)]</label>
		<label2>Video Add-ons</label2>
		<icon>special://home/addons/plugin.video.emby/icon.png</icon>
		<thumb>$INFO[Window(Home).Property(emby.nodes.2.mylist.image)]</thumb>
		<action>$INFO[Window(Home).Property(emby.nodes.2.mylist.path)]</action>
		<visible>!IsEmpty(Window(Home).Property(emby.nodes.2.mylist.path))</visible>
	</shortcut>
    <shortcut>
		<defaultID>$INFO[Window(Home).Property(emby.nodes.2.suggestions.title)]</defaultID>
		<label>$INFO[Window(Home).Property(emby.nodes.2.suggestions.title)]</label>
		<label2>Video Add-ons</label2>
		<icon>special://home/addons/plugin.video.emby/icon.png</icon>
		<thumb>$INFO[Window(Home).Property(emby.nodes.2.suggestions.image)]</thumb>
		<action>$INFO[Window(Home).Property(emby.nodes.2.suggestions.path)]</action>
		<visible>!IsEmpty(Window(Home).Property(emby.nodes.2.suggestions.path))</visible>
	</shortcut>
	<shortcut>
		<defaultID>$INFO[Window(Home).Property(emby.nodes.2.recentepisodes.title)]</defaultID>
		<label>$INFO[Window(Home).Property(emby.nodes.2.recentepisodes.title)]</label>
		<label2>Video Add-ons</label2>
		<icon>special://home/addons/plugin.video.emby/icon.png</icon>
		<thumb>$INFO[Window(Home).Property(emby.nodes.2.recentepisodes.image)]</thumb>
		<action>$INFO[Window(Home).Property(emby.nodes.2.recentepisodes.path)]</action>
		<visible>!IsEmpty(Window(Home).Property(emby.nodes.2.recentepisodes.path))</visible>
	</shortcut>
	<shortcut>
		<defaultID>$INFO[Window(Home).Property(emby.nodes.2.inprogressepisodes.title)]</defaultID>
		<label>$INFO[Window(Home).Property(emby.nodes.2.inprogressepisodes.title)]</label>
		<label2>Video Add-ons</label2>
		<icon>special://home/addons/plugin.video.emby/icon.png</icon>
		<thumb>$INFO[Window(Home).Property(emby.nodes.2.inprogressepisodes.image)]</thumb>
		<action>$INFO[Window(Home).Property(emby.nodes.2.inprogressepisodes.path)]</action>
		<visible>!IsEmpty(Window(Home).Property(emby.nodes.2.inprogressepisodes.path))</visible>
	</shortcut>
	<shortcut>
		<defaultID>$INFO[Window(Home).Property(emby.nodes.2.nextepisodes.title)]</defaultID>
		<label>$INFO[Window(Home).Property(emby.nodes.2.nextepisodes.title)]</label>
		<label2>Video Add-ons</label2>
		<icon>special://home/addons/plugin.video.emby/icon.png</icon>
		<thumb>$INFO[Window(Home).Property(emby.nodes.2.nextepisodes.image)]</thumb>
		<action>$INFO[Window(Home).Property(emby.nodes.2.nextepisodes.path)]</action>
		<visible>!IsEmpty(Window(Home).Property(emby.nodes.2.nextepisodes.path))</visible>
	</shortcut>
	<shortcut>
		<defaultID>$INFO[Window(Home).Property(emby.nodes.2.recent.title)]</defaultID>
		<label>$INFO[Window(Home).Property(emby.nodes.2.recent.title)]</label>
		<label2>Video Add-ons</label2>
		<icon>special://home/addons/plugin.video.emby/icon.png</icon>
		<thumb>$INFO[Window(Home).Property(emby.nodes.2.recent.image)]</thumb>
		<action>$INFO[Window(Home).Property(emby.nodes.2.recent.path)]</action>
		<visible>!IsEmpty(Window(Home).Property(emby.nodes.2.recent.path))</visible>
	</shortcut>
	<shortcut>
		<defaultID>$INFO[Window(Home).Property(emby.nodes.2.inprogress.title)]</defaultID>
		<label>$INFO[Window(Home).Property(emby.nodes.2.inprogress.title)]</label>
		<label2>Video Add-ons</label2>
		<icon>special://home/addons/plugin.video.emby/icon.png</icon>
		<thumb>$INFO[Window(Home).Property(emby.nodes.2.inprogress.image)]</thumb>
		<action>$INFO[Window(Home).Property(emby.nodes.2.inprogress.path)]</action>
		<visible>!IsEmpty(Window(Home).Property(emby.nodes.2.inprogress.path))</visible>
	</shortcut>
	<shortcut>
		<defaultID>$INFO[Window(Home).Property(emby.nodes.2.unwatched.title)]</defaultID>
		<label>$INFO[Window(Home).Property(emby.nodes.2.unwatched.title)]</label>
		<label2>Video Add-ons</label2>
		<icon>special://home/addons/plugin.video.emby/icon.png</icon>
		<thumb>$INFO[Window(Home).Property(emby.nodes.2.unwatched.image)]</thumb>
		<action>$INFO[Window(Home).Property(emby.nodes.2.unwatched.path)]</action>
		<visible>!IsEmpty(Window(Home).Property(emby.nodes.2.unwatched.path))</visible>
	</shortcut>
    <shortcut>
		<defaultID>$INFO[Window(Home).Property(emby.nodes.2.ondeck.title)]</defaultID>
		<label>$INFO[Window(Home).Property(emby.nodes.2.ondeck.title)]</label>
		<label2>Video Add-ons</label2>
        <icon>special://home/addons/plugin.video.emby/icon.png</icon>
		<thumb>$INFO[Window(Home).Property(emby.nodes.2.ondeck.image)]</thumb>
		<action>$INFO[Window(Home).Property(emby.nodes.2.ondeck.path)]</action>
        <visible>!IsEmpty(Window(Home).Property(emby.nodes.2.ondeck.path))</visible>
	</shortcut>
    <shortcut>
		<defaultID>$INFO[Window(Home).Property(emby.nodes.2.recommended.title)]</defaultID>
		<label>$INFO[Window(Home).Property(emby.nodes.2.recommended.title)]</label>
		<label2>Video Add-ons</label2>
        <icon>special://home/addons/plugin.video.emby/icon.png</icon>
		<thumb>$INFO[Window(Home).Property(emby.nodes.2.recommended.image)]</thumb>
		<action>$INFO[Window(Home).Property(emby.nodes.2.recommended.path)]</action>
        <visible>!IsEmpty(Window(Home).Property(emby.nodes.2.recommended.path))</visible>
	</shortcut>
    <shortcut>
		<defaultID>$INFO[Window(Home).Property(emby.nodes.2.genres.title)]</defaultID>
		<label>$INFO[Window(Home).Property(emby.nodes.2.genres.title)]</label>
		<label2>Video Add-ons</label2>
        <icon>special://home/addons/plugin.video.emby/icon.png</icon>
		<thumb>$INFO[Window(Home).Property(emby.nodes.2.genres.image)]</thumb>
		<action>$INFO[Window(Home).Property(emby.nodes.2.genres.path)]</action>
        <visible>!IsEmpty(Window(Home).Property(emby.nodes.2.genres.path))</visible>
	</shortcut>
</shortcuts>
