<?xml version='1.0' encoding='UTF-8'?>
<shortcuts>
	<shortcut>
		<defaultID>$INFO[Window(Home).Property(emby.nodes.0.title)]</defaultID>
		<label>$INFO[Window(Home).Property(emby.nodes.0.title)]</label>
		<label2>Video Add-ons</label2>
		<icon>special://home/addons/plugin.video.emby/icon.png</icon>
		<thumb>$INFO[Window(Home).Property(emby.nodes.0.image)]</thumb>
		<action>$INFO[Window(Home).Property(emby.nodes.0.path)]</action>
		<visible>!IsEmpty(Window(Home).Property(emby.nodes.0.path))</visible>
	</shortcut>
    <shortcut>
		<defaultID>$INFO[Window(Home).Property(emby.nodes.0.mylist.title)]</defaultID>
		<label>$INFO[Window(Home).Property(emby.nodes.0.mylist.title)]</label>
		<label2>Video Add-ons</label2>
		<icon>special://home/addons/plugin.video.emby/icon.png</icon>
		<thumb>$INFO[Window(Home).Property(emby.nodes.0.mylist.image)]</thumb>
		<action>$INFO[Window(Home).Property(emby.nodes.0.mylist.path)]</action>
		<visible>!IsEmpty(Window(Home).Property(emby.nodes.0.mylist.path))</visible>
	</shortcut>
    <shortcut>
		<defaultID>$INFO[Window(Home).Property(emby.nodes.0.suggestions.title)]</defaultID>
		<label>$INFO[Window(Home).Property(emby.nodes.0.suggestions.title)]</label>
		<label2>Video Add-ons</label2>
		<icon>special://home/addons/plugin.video.emby/icon.png</icon>
		<thumb>$INFO[Window(Home).Property(emby.nodes.0.suggestions.image)]</thumb>
		<action>$INFO[Window(Home).Property(emby.nodes.0.suggestions.path)]</action>
		<visible>!IsEmpty(Window(Home).Property(emby.nodes.0.suggestions.path))</visible>
	</shortcut>
	<shortcut>
		<defaultID>$INFO[Window(Home).Property(emby.nodes.0.recentepisodes.title)]</defaultID>
		<label>$INFO[Window(Home).Property(emby.nodes.0.recentepisodes.title)]</label>
		<label2>Video Add-ons</label2>
		<icon>special://home/addons/plugin.video.emby/icon.png</icon>
		<thumb>$INFO[Window(Home).Property(emby.nodes.0.recentepisodes.image)]</thumb>
		<action>$INFO[Window(Home).Property(emby.nodes.0.recentepisodes.path)]</action>
		<visible>!IsEmpty(Window(Home).Property(emby.nodes.0.recentepisodes.path))</visible>
	</shortcut>
	<shortcut>
		<defaultID>$INFO[Window(Home).Property(emby.nodes.0.inprogressepisodes.title)]</defaultID>
		<label>$INFO[Window(Home).Property(emby.nodes.0.inprogressepisodes.title)]</label>
		<label2>Video Add-ons</label2>
		<icon>special://home/addons/plugin.video.emby/icon.png</icon>
		<thumb>$INFO[Window(Home).Property(emby.nodes.0.inprogressepisodes.image)]</thumb>
		<action>$INFO[Window(Home).Property(emby.nodes.0.inprogressepisodes.path)]</action>
		<visible>!IsEmpty(Window(Home).Property(emby.nodes.0.inprogressepisodes.path))</visible>
	</shortcut>
	<shortcut>
		<defaultID>$INFO[Window(Home).Property(emby.nodes.0.nextepisodes.title)]</defaultID>
		<label>$INFO[Window(Home).Property(emby.nodes.0.nextepisodes.title)]</label>
		<label2>Video Add-ons</label2>
		<icon>special://home/addons/plugin.video.emby/icon.png</icon>
		<thumb>$INFO[Window(Home).Property(emby.nodes.0.nextepisodes.image)]</thumb>
		<action>$INFO[Window(Home).Property(emby.nodes.0.nextepisodes.path)]</action>
		<visible>!IsEmpty(Window(Home).Property(emby.nodes.0.nextepisodes.path))</visible>
	</shortcut>
	<shortcut>
		<defaultID>$INFO[Window(Home).Property(emby.nodes.0.recent.title)]</defaultID>
		<label>$INFO[Window(Home).Property(emby.nodes.0.recent.title)]</label>
		<label2>Video Add-ons</label2>
		<icon>special://home/addons/plugin.video.emby/icon.png</icon>
		<thumb>$INFO[Window(Home).Property(emby.nodes.0.recent.image)]</thumb>
		<action>$INFO[Window(Home).Property(emby.nodes.0.recent.path)]</action>
		<visible>!IsEmpty(Window(Home).Property(emby.nodes.0.recent.path))</visible>
	</shortcut>
	<shortcut>
		<defaultID>$INFO[Window(Home).Property(emby.nodes.0.inprogress.title)]</defaultID>
		<label>$INFO[Window(Home).Property(emby.nodes.0.inprogress.title)]</label>
		<label2>Video Add-ons</label2>
		<icon>special://home/addons/plugin.video.emby/icon.png</icon>
		<thumb>$INFO[Window(Home).Property(emby.nodes.0.inprogress.image)]</thumb>
		<action>$INFO[Window(Home).Property(emby.nodes.0.inprogress.path)]</action>
		<visible>!IsEmpty(Window(Home).Property(emby.nodes.0.inprogress.path))</visible>
	</shortcut>
	<shortcut>
		<defaultID>$INFO[Window(Home).Property(emby.nodes.0.unwatched.title)]</defaultID>
		<label>$INFO[Window(Home).Property(emby.nodes.0.unwatched.title)]</label>
		<label2>Video Add-ons</label2>
		<icon>special://home/addons/plugin.video.emby/icon.png</icon>
		<thumb>$INFO[Window(Home).Property(emby.nodes.0.unwatched.image)]</thumb>
		<action>$INFO[Window(Home).Property(emby.nodes.0.unwatched.path)]</action>
		<visible>!IsEmpty(Window(Home).Property(emby.nodes.0.unwatched.path))</visible>
	</shortcut>
    <shortcut>
		<defaultID>$INFO[Window(Home).Property(emby.nodes.0.ondeck.title)]</defaultID>
		<label>$INFO[Window(Home).Property(emby.nodes.0.ondeck.title)]</label>
		<label2>Video Add-ons</label2>
        <icon>special://home/addons/plugin.video.emby/icon.png</icon>
		<thumb>$INFO[Window(Home).Property(emby.nodes.0.ondeck.image)]</thumb>
		<action>$INFO[Window(Home).Property(emby.nodes.0.ondeck.path)]</action>
        <visible>!IsEmpty(Window(Home).Property(emby.nodes.0.ondeck.path))</visible>
	</shortcut>
    <shortcut>
		<defaultID>$INFO[Window(Home).Property(emby.nodes.0.recommended.title)]</defaultID>
		<label>$INFO[Window(Home).Property(emby.nodes.0.recommended.title)]</label>
		<label2>Video Add-ons</label2>
        <icon>special://home/addons/plugin.video.emby/icon.png</icon>
		<thumb>$INFO[Window(Home).Property(emby.nodes.0.recommended.image)]</thumb>
		<action>$INFO[Window(Home).Property(emby.nodes.0.recommended.path)]</action>
        <visible>!IsEmpty(Window(Home).Property(emby.nodes.0.recommended.path))</visible>
	</shortcut>
    <shortcut>
		<defaultID>$INFO[Window(Home).Property(emby.nodes.0.genres.title)]</defaultID>
		<label>$INFO[Window(Home).Property(emby.nodes.0.genres.title)]</label>
		<label2>Video Add-ons</label2>
        <icon>special://home/addons/plugin.video.emby/icon.png</icon>
		<thumb>$INFO[Window(Home).Property(emby.nodes.0.genres.image)]</thumb>
		<action>$INFO[Window(Home).Property(emby.nodes.0.genres.path)]</action>
        <visible>!IsEmpty(Window(Home).Property(emby.nodes.0.genres.path))</visible>
	</shortcut>
</shortcuts>
