<?xml version='1.0' encoding='UTF-8'?>
<shortcuts>
	<shortcut>
		<defaultID>$INFO[Window(Home).Property(emby.nodes.10.title)]</defaultID>
		<label>$INFO[Window(Home).Property(emby.nodes.10.title)]</label>
		<label2>Video Add-ons</label2>
		<icon>special://home/addons/plugin.video.emby/icon.png</icon>
		<thumb>$INFO[Window(Home).Property(emby.nodes.10.image)]</thumb>
		<action>$INFO[Window(Home).Property(emby.nodes.10.path)]</action>
		<visible>!IsEmpty(Window(Home).Property(emby.nodes.10.path))</visible>
	</shortcut>
    <shortcut>
		<defaultID>$INFO[Window(Home).Property(emby.nodes.10.mylist.title)]</defaultID>
		<label>$INFO[Window(Home).Property(emby.nodes.10.mylist.title)]</label>
		<label2>Video Add-ons</label2>
		<icon>special://home/addons/plugin.video.emby/icon.png</icon>
		<thumb>$INFO[Window(Home).Property(emby.nodes.10.mylist.image)]</thumb>
		<action>$INFO[Window(Home).Property(emby.nodes.10.mylist.path)]</action>
		<visible>!IsEmpty(Window(Home).Property(emby.nodes.10.mylist.path))</visible>
	</shortcut>
    <shortcut>
		<defaultID>$INFO[Window(Home).Property(emby.nodes.10.suggestions.title)]</defaultID>
		<label>$INFO[Window(Home).Property(emby.nodes.10.suggestions.title)]</label>
		<label2>Video Add-ons</label2>
		<icon>special://home/addons/plugin.video.emby/icon.png</icon>
		<thumb>$INFO[Window(Home).Property(emby.nodes.10.suggestions.image)]</thumb>
		<action>$INFO[Window(Home).Property(emby.nodes.10.suggestions.path)]</action>
		<visible>!IsEmpty(Window(Home).Property(emby.nodes.10.suggestions.path))</visible>
	</shortcut>
	<shortcut>
		<defaultID>$INFO[Window(Home).Property(emby.nodes.10.recentepisodes.title)]</defaultID>
		<label>$INFO[Window(Home).Property(emby.nodes.10.recentepisodes.title)]</label>
		<label2>Video Add-ons</label2>
		<icon>special://home/addons/plugin.video.emby/icon.png</icon>
		<thumb>$INFO[Window(Home).Property(emby.nodes.10.recentepisodes.image)]</thumb>
		<action>$INFO[Window(Home).Property(emby.nodes.10.recentepisodes.path)]</action>
		<visible>!IsEmpty(Window(Home).Property(emby.nodes.10.recentepisodes.path))</visible>
	</shortcut>
	<shortcut>
		<defaultID>$INFO[Window(Home).Property(emby.nodes.10.inprogressepisodes.title)]</defaultID>
		<label>$INFO[Window(Home).Property(emby.nodes.10.inprogressepisodes.title)]</label>
		<label2>Video Add-ons</label2>
		<icon>special://home/addons/plugin.video.emby/icon.png</icon>
		<thumb>$INFO[Window(Home).Property(emby.nodes.10.inprogressepisodes.image)]</thumb>
		<action>$INFO[Window(Home).Property(emby.nodes.10.inprogressepisodes.path)]</action>
		<visible>!IsEmpty(Window(Home).Property(emby.nodes.10.inprogressepisodes.path))</visible>
	</shortcut>
	<shortcut>
		<defaultID>$INFO[Window(Home).Property(emby.nodes.10.nextepisodes.title)]</defaultID>
		<label>$INFO[Window(Home).Property(emby.nodes.10.nextepisodes.title)]</label>
		<label2>Video Add-ons</label2>
		<icon>special://home/addons/plugin.video.emby/icon.png</icon>
		<thumb>$INFO[Window(Home).Property(emby.nodes.10.nextepisodes.image)]</thumb>
		<action>$INFO[Window(Home).Property(emby.nodes.10.nextepisodes.path)]</action>
		<visible>!IsEmpty(Window(Home).Property(emby.nodes.10.nextepisodes.path))</visible>
	</shortcut>
	<shortcut>
		<defaultID>$INFO[Window(Home).Property(emby.nodes.10.recent.title)]</defaultID>
		<label>$INFO[Window(Home).Property(emby.nodes.10.recent.title)]</label>
		<label2>Video Add-ons</label2>
		<icon>special://home/addons/plugin.video.emby/icon.png</icon>
		<thumb>$INFO[Window(Home).Property(emby.nodes.10.recent.image)]</thumb>
		<action>$INFO[Window(Home).Property(emby.nodes.10.recent.path)]</action>
		<visible>!IsEmpty(Window(Home).Property(emby.nodes.10.recent.path))</visible>
	</shortcut>
	<shortcut>
		<defaultID>$INFO[Window(Home).Property(emby.nodes.10.inprogress.title)]</defaultID>
		<label>$INFO[Window(Home).Property(emby.nodes.10.inprogress.title)]</label>
		<label2>Video Add-ons</label2>
		<icon>special://home/addons/plugin.video.emby/icon.png</icon>
		<thumb>$INFO[Window(Home).Property(emby.nodes.10.inprogress.image)]</thumb>
		<action>$INFO[Window(Home).Property(emby.nodes.10.inprogress.path)]</action>
		<visible>!IsEmpty(Window(Home).Property(emby.nodes.10.inprogress.path))</visible>
	</shortcut>
	<shortcut>
		<defaultID>$INFO[Window(Home).Property(emby.nodes.10.unwatched.title)]</defaultID>
		<label>$INFO[Window(Home).Property(emby.nodes.10.unwatched.title)]</label>
		<label2>Video Add-ons</label2>
		<icon>special://home/addons/plugin.video.emby/icon.png</icon>
		<thumb>$INFO[Window(Home).Property(emby.nodes.10.unwatched.image)]</thumb>
		<action>$INFO[Window(Home).Property(emby.nodes.10.unwatched.path)]</action>
		<visible>!IsEmpty(Window(Home).Property(emby.nodes.10.unwatched.path))</visible>
	</shortcut>
    <shortcut>
		<defaultID>$INFO[Window(Home).Property(emby.nodes.10.ondeck.title)]</defaultID>
		<label>$INFO[Window(Home).Property(emby.nodes.10.ondeck.title)]</label>
		<label2>Video Add-ons</label2>
        <icon>special://home/addons/plugin.video.emby/icon.png</icon>
		<thumb>$INFO[Window(Home).Property(emby.nodes.10.ondeck.image)]</thumb>
		<action>$INFO[Window(Home).Property(emby.nodes.10.ondeck.path)]</action>
        <visible>!IsEmpty(Window(Home).Property(emby.nodes.10.ondeck.path))</visible>
	</shortcut>
    <shortcut>
		<defaultID>$INFO[Window(Home).Property(emby.nodes.10.recommended.title)]</defaultID>
		<label>$INFO[Window(Home).Property(emby.nodes.10.recommended.title)]</label>
		<label2>Video Add-ons</label2>
        <icon>special://home/addons/plugin.video.emby/icon.png</icon>
		<thumb>$INFO[Window(Home).Property(emby.nodes.10.recommended.image)]</thumb>
		<action>$INFO[Window(Home).Property(emby.nodes.10.recommended.path)]</action>
        <visible>!IsEmpty(Window(Home).Property(emby.nodes.10.recommended.path))</visible>
	</shortcut>
    <shortcut>
		<defaultID>$INFO[Window(Home).Property(emby.nodes.10.genres.title)]</defaultID>
		<label>$INFO[Window(Home).Property(emby.nodes.10.genres.title)]</label>
		<label2>Video Add-ons</label2>
        <icon>special://home/addons/plugin.video.emby/icon.png</icon>
		<thumb>$INFO[Window(Home).Property(emby.nodes.10.genres.image)]</thumb>
		<action>$INFO[Window(Home).Property(emby.nodes.10.genres.path)]</action>
        <visible>!IsEmpty(Window(Home).Property(emby.nodes.10.genres.path))</visible>
	</shortcut>
</shortcuts>
