<?xml version="1.0" encoding="UTF-8"?>
<addon
 id="plugin.video.faselhd"
  version="1.0.0"
 name="FaselHD"
 provider-name="TSmedia Team">
 <requires>
        <import addon="xbmc.python" version="2.1.0" optional="true" />

        <import addon="script.module.addon.common"/>"
        <import addon="script.module.urlresolver"/>"
  </requires>
  <extension point="xbmc.python.pluginsource"
            library="default.py">
    <provides>video</provides>
  </extension>
  <extension point="xbmc.addon.metadata">
    <summary> http://faselhd.com/ </summary>
    <description> movies from faselhd </description>
   <platform>all</platform>
  </extension>
</addon>