<?xml version="1.0" encoding="UTF-8" standalone="yes"?>
    <addon id="plugin.video.velocitykids" version="1.0.1" name="Velocity Kids" provider-name="Blazetamer">
    <requires>
        <import addon="xbmc.python" version="2.1.0"/>
        <import addon="script.module.urlresolver"  version="2.1.2"/>
        <import addon="script.module.t0mm0.common" version="2.0.0"/>
        <import addon="script.module.autoupdate" version="2.0.0" />

        
    </requires>
    <extension point="xbmc.python.pluginsource" library="default.py">
        <provides>video</provides>
    </extension>
    <extension point="xbmc.addon.metadata">
        <summary>Velocity Companion Addon for Kids</summary>
        <description>Companion Addon for Velocity,  You MUST use the full version of Velocity to be able to add content to this addon. It does not need to be on the same system. </description>
        <disclaimer>The author does not host or distribute any of the content displayed by this addon. The author does not have any affiliation with the content providers.</disclaimer>
        <language>en</language>
        <platform>all</platform>
        <forum>https://forums.tvaddons.ag/blazetamer-s-repository/39658-velocity-20.html</forum>
        <website>https://offshoregit.com/Blazetamer/velocity.html</website>
        <source></source>
        <email></email>
    </extension>
</addon>