<addon id="plugin.video.icefilms"
       name="[COLOR cyan] Icefilms[/COLOR] [COLOR white]FIX[/COLOR]"
       version="1.99.73"
       provider-name="apep">
    <requires>
        <import addon="xbmc.python" version="2.1.0"/>
        <import addon="script.module.simplejson" version="3.3.0"/>
        <import addon="script.module.elementtree" />
        <import addon="script.module.beautifulsoup" />
        <import addon="script.module.metahandler" version="2.5.1" />
        <import addon="script.module.addon.common" version="2.0.0" />
        <import addon="script.module.axel.downloader" version="0.2.1" />
        <import addon="script.module.urlresolver" version="3.0.0"/>
        <!--import addon="script.module.pyxbmct" version="1.1.2" /-->
        <import addon="script.common.plugin.cache" /> 
    </requires>
    <extension point="xbmc.python.pluginsource"
               library="default.py">
        <provides>video</provides>
    </extension>
    <extension point="xbmc.addon.metadata">
		<summary lang="en">Thank You For Installing Iceflims Fix, Remember This Addon Scrapes Nothing Is Hosted, With That Said This Will Be A Fun Journey So Join Us As We Make This Your New Loved Addon</summary>
		<description lang="en">[COLOR lime][B]Welcome To IceFilms[/B][/COLOR] [CR]Watch movies and TV shows in high quality! [CR]Please note that this addon is not an official part of the Kodi media player</description>
		<disclaimer lang="en">[COLOR yellow]The author does not host any content, nor is he affiliated with any of the content providers.[/COLOR]</disclaimer>
		<platform>all</platform>
		<forum></forum>
		<website></website>
		<source></source>
		<news>This is a Fixed Icefilms (before checking it out default settings via settings and hit the default button)</news>
	</extension>
</addon>