<?xml version="1.0" encoding="UTF-8" standalone="yes"?>
<addon id="repository.MG.Arabic" name="..[COLOR red] MG Arabic[/COLOR]" version="2.0.4" provider-name="[COLOR red] MG Arabic[/COLOR]">
	<extension point="xbmc.addon.repository" name="MG Arabic">
		<info compressed="false">https://raw.githubusercontent.com/MG-Arabic/MG/master/addons.xml</info>
		<checksum>https://raw.githubusercontent.com/MG-Arabic/MG/master/addons.xml.md5</checksum>
		<datadir zip="true">https://github.com/MG-Arabic/MG</datadir>
	</extension>
	<requires>
	<import addon="plugin.video.MG.Wizard" />
 </requires>
	<extension point="xbmc.addon.metadata">
		<summary>http://mg.esy.es/Kodi/</summary>
		<description>MG Arabic v2.0.4</description>
		<platform>all</platform>
	</extension>
</addon>

