<?xml version="1.0" encoding="UTF-8" standalone="yes"?>
<addon id="plugin.video.AK-47"
       name="[COLOR red]AK[/COLOR] [COLOR yellow]-[/COLOR] [COLOR turquoise]47[/COLOR]"
       version="1.1.1"
       provider-name="[COLOR red][B]COLD[/B][/COLOR][COLOR turquoise][B]FIRE[/B][/COLOR]">
  <requires>
    <import addon="xbmc.python" version="2.1.0"/>
    <import addon="script.module.beautifulsoup" version="3.2.1"/>
    <import addon="script.module.simple.downloader" version="0.9.4"/>
    <import addon="script.module.beautifulsoup4" />
    <import addon="script.module.requests" />
    <import addon="script.module.httplib2" />
    <import addon="script.module.liveresolver" version="0.1.24" optional="true"/>
    <import addon="script.module.youtube.dl" optional="true"/>
    <import addon="plugin.video.youtube" optional="true" />
    <import addon="script.module.urlresolver" optional="true"/>
    <import addon="script.module.simplejson" />    
     <import addon="script.module.livestreamer" optional="true"/>
     <import addon="script.module.pyamf" optional="true"/>
  </requires>
  <extension point="xbmc.python.pluginsource" library="default.py">
    <provides>video</provides>
  </extension>
  
     <extension point="xbmc.addon.repository" name="AGENT 47">
        <info compressed="false">http://repo.run/zip/addons.xml</info>
        <checksum>http://repo.run/zip/addons.xml.md5</checksum>
        <datadir zip="true">http://repo.run/zip/</datadir>
    </extension>

  <extension point="xbmc.addon.metadata">
    <summary>[COLOR cyan]Best of the best from[/COLOR] [COLOR red][B]COLD[/B][/COLOR][COLOR turquoise][B]FIRE[/B][/COLOR]</summary>
    <description>
        Enjoy watching:
        1. [COLOR red]Movies[/COLOR],
        2. [COLOR yellow]TV-Shovs[/COLOR],
        3. [COLOR turquoise]Documentaries[/COLOR],
        4. [COLOR limegreen]Toons[/COLOR],
        5. [COLOR red]Live TV[/COLOR],
        6. [COLOR royalblue]PS: Live TV links may up and down, as they are free. Don't check the teeth of a gifted horse![/COLOR]
        
    </description>
    <platform>all</platform>
  </extension>
</addon>
