<?xml version="1.0" encoding="UTF-8" standalone="yes"?>
<window>
	<defaultcontrol>200</defaultcontrol>
	<animation effect="fade" time="500">WindowClose</animation>
	<coordinates>
		<system>1</system>
		<posx>0</posx>
		<posy>0</posy>
		<origin x="1920" y="0">Player.Playing + Player.HasVideo</origin>
	</coordinates>
	<controls>
		<control type="image">
			<posx>0</posx>
			<posy>0</posy>
			<width>1920</width>
			<height>1080</height>
			<texture>script-bluray-com-white_square.png</texture>
			<colordiffuse>FF000000</colordiffuse>
		</control>
		<control type="image">
			<posx>0</posx>
			<posy>130</posy>
			<width>400</width>
			<height>920</height>
			<texture>script-bluray-com-white_square.png</texture>
			<colordiffuse>FF001818</colordiffuse>
		</control>
		<control type="image">
			<posx>0</posx>
			<posy>0</posy>
			<width>1920</width>
			<height>130</height>
			<texture>script-bluray-com-white_square.png</texture>
			<colordiffuse>FF303030</colordiffuse>
		</control>
		<control type="image">
			<posx>0</posx>
			<posy>1050</posy>
			<width>1920</width>
			<height>30</height>
			<texture>script-bluray-com-white_square.png</texture>
			<colordiffuse>FF303030</colordiffuse>
		</control>
		<control type="image">
			<posx>30</posx>
			<posy>10</posy>
			<width>110</width>
			<height>110</height>
			<aspectratio align="left">keep</aspectratio>
			<texture fallback="@NOCOVER@">$INFO[Window.Property(cover)]</texture>
		</control>
		<control type="label">
			<posx>150</posx>
			<posy>20</posy>
			<width>600</width>
			<height>130</height>
			<font>font12</font>
			<aligny>top</aligny>
			<textcolor>FFFF0000</textcolor>
			<align>left</align>
			<label>[UPPERCASE][B]$INFO[Window.Property(owned)][/B][/UPPERCASE]</label>
		</control>
		<control type="label">
			<posx>0</posx>
			<posy>0</posy>
			<width>1920</width>
			<height>90</height>
			<font>font30</font>
			<aligny>center</aligny>
			<textcolor>FFFFFFFF</textcolor>
			<align>center</align>
			<label>[B]$INFO[Window.Property(title)][/B]</label>
		</control>
		<control type="label">
			<posx>0</posx>
			<posy>80</posy>
			<width>1920</width>
			<height>50</height>
			<font>font10</font>
			<aligny>center</aligny>
			<textcolor>FFFFFFFF</textcolor>
			<align>center</align>
			<label>$INFO[Window.Property(subheading1)]$INFO[Window.Property(subheading2), - ]</label>
		</control>
		<control type="image">
			<posx>1836</posx>
			<posy>47</posy>
			<width>54</width>
			<height>36</height>
			<texture>$INFO[Window.Property(flag)]</texture>
		</control>
		<control type="group" id="200">
			<defaultcontrol>102</defaultcontrol>
			<control type="list" id="102">
				<posx>0</posx>
				<posy>130</posy>
				<width>400</width>
				<height>920</height>
				<scrolltime>200</scrolltime>
				<onright>131</onright>
				<itemlayout height="217">
					<control type="image">
						<posx>30</posx>
						<posy>10</posy>
						<width>350</width>
						<height>197</height>
						<aspectratio>keep</aspectratio>
						<texture>$INFO[ListItem.Icon]</texture>
					</control>
					<control type="group">
						<visible>StringCompare(ListItem.Icon,)</visible>
						<control type="image">
							<posx>30</posx>
							<posy>10</posy>
							<width>170</width>
							<height>197</height>
							<aspectratio align="left">keep</aspectratio>
							<texture fallback="@NOCOVER@">$INFO[ListItem.Property(front)]</texture>
						</control>
						<control type="image">
							<posx>210</posx>
							<posy>10</posy>
							<width>170</width>
							<height>197</height>
							<aspectratio align="right">keep</aspectratio>
							<texture fallback="@NOCOVER@">$INFO[ListItem.Property(back)]</texture>
						</control>
					</control>
					<control type="image">
						<posx>155</posx>
						<posy>45</posy>
						<width>100</width>
						<height>100</height>
						<texture>script-bluray-com-play.png</texture>
						<colordiffuse>FFFFFFFF</colordiffuse>
						<visible>StringCompare(ListItem.Property(video),1)</visible>
					</control>
				</itemlayout>
				<focusedlayout height="217">
					<control type="image">
						<posx>0</posx>
						<posy>0</posy>
						<width>400</width>
						<height>217</height>
						<texture>script-bluray-com-white_square.png</texture>
						<colordiffuse>FF0060B0</colordiffuse>
						<visible>Control.HasFocus(102)</visible>
					</control>
					<control type="image">
						<posx>30</posx>
						<posy>10</posy>
						<width>350</width>
						<height>197</height>
						<aspectratio>keep</aspectratio>
						<texture>$INFO[ListItem.Icon]</texture>
					</control>
					<control type="group">
						<visible>StringCompare(ListItem.Icon,)</visible>
						<control type="image">
							<posx>30</posx>
							<posy>10</posy>
							<width>170</width>
							<height>197</height>
							<aspectratio align="left">keep</aspectratio>
							<texture fallback="@NOCOVER@">$INFO[ListItem.Property(front)]</texture>
						</control>
						<control type="image">
							<posx>210</posx>
							<posy>10</posy>
							<width>170</width>
							<height>197</height>
							<aspectratio align="right">keep</aspectratio>
							<texture fallback="@NOCOVER@">$INFO[ListItem.Property(back)]</texture>
						</control>
					</control>
					<control type="image">
						<posx>155</posx>
						<posy>45</posy>
						<width>100</width>
						<height>100</height>
						<texture>script-bluray-com-play.png</texture>
						<colordiffuse>FFFFFFFF</colordiffuse>
						<visible>StringCompare(ListItem.Property(video),1)</visible>
					</control>
				</focusedlayout>
			</control>

			<control type="textbox" id="130">
				<posx>410</posx>
				<posy>130</posy>
				<width>1240</width>
				<height>920</height>
				<font>font13</font>
				<textcolor>FFFFFFFF</textcolor>
				<pagecontrol>131</pagecontrol>
			</control>
			<control type="scrollbar" id="131">
				<description>Review Scrollbar</description>
				<posx>1660</posx>
				<posy>130</posy>
				<width>6</width>
				<height>920</height>
				<onleft>102</onleft>
				<onright>133</onright>
				<texturesliderbackground>-</texturesliderbackground>
				<texturesliderbar></texturesliderbar>
				<texturesliderbarfocus>script-bluray-com-white_square.png</texturesliderbarfocus>
				<textureslidernib>-</textureslidernib>
				<textureslidernibfocus>-</textureslidernibfocus>
				<orientation>vertical</orientation>
				<showonepage>true</showonepage>
				<colordiffuse>FF0060B0</colordiffuse>
				<visible>Control.IsVisible(130)</visible>
			</control>
			<control type="group">
				<animation effect="slide" end="-840,0" time="200" condition="Control.IsVisible(300) + [Control.HasFocus(133) | Control.HasFocus(134)]">Conditional</animation>
				<animation effect="slide" end="-740,0" time="200" condition="!Control.IsVisible(300) + [Control.HasFocus(133) | Control.HasFocus(134)]">Conditional</animation>
				<posx>1670</posx>
				<posy>130</posy>
				<control type="image">
					<posx>-15</posx>
					<posy>0</posy>
					<width>15</width>
					<height>920</height>
					<texture>script-bluray-com-white_fade_left.png</texture>
					<colordiffuse>A0000000</colordiffuse>
				</control>
				<control type="image">
					<posx>0</posx>
					<posy>0</posy>
					<width>1090</width>
					<height>920</height>
					<texture>script-bluray-com-white_square.png</texture>
					<colordiffuse>FF001818</colordiffuse>
				</control>
				<control type="textbox" id="132">
					<posx>20</posx>
					<posy>0</posy>
					<width>950</width>
					<height>920</height>
					<font>font13</font>
					<textcolor>FFFFFFFF</textcolor>
					<pagecontrol>133</pagecontrol>
				</control>
				<control type="scrollbar" id="133">
					<description>Review Scrollbar</description>
					<posx>980</posx>
					<posy>0</posy>
					<width>6</width>
					<height>920</height>
					<onleft>131</onleft>
					<onright>134</onright>
					<texturesliderbackground>-</texturesliderbackground>
					<texturesliderbar></texturesliderbar>
					<texturesliderbarfocus>script-bluray-com-white_square.png</texturesliderbarfocus>
					<textureslidernib>-</textureslidernib>
					<textureslidernibfocus>-</textureslidernibfocus>
					<orientation>vertical</orientation>
					<showonepage>true</showonepage>
					<colordiffuse>FF0060B0</colordiffuse>
					<visible>Control.IsVisible(132)</visible>
				</control>
			</control>
			<control type="group" id="300">
				<visible>StringCompare(Window.Property(has_other),1)</visible>
				<animation effect="slide" end="-480,0" time="200" condition="Control.HasFocus(134)">Conditional</animation>
				<posx>1820</posx>
				<posy>130</posy>
				<control type="image">
					<posx>-15</posx>
					<posy>0</posy>
					<width>15</width>
					<height>920</height>
					<texture>script-bluray-com-white_fade_left.png</texture>
					<colordiffuse>A0000000</colordiffuse>
				</control>
				<control type="image">
					<posx>0</posx>
					<posy>0</posy>
					<width>600</width>
					<height>920</height>
					<texture>script-bluray-com-white_square.png</texture>
					<colordiffuse>FF102000</colordiffuse>
				</control>
				<control type="list" id="134">
					<posx>0</posx>
					<posy>0</posy>
					<width>600</width>
					<height>920</height>
					<scrolltime>200</scrolltime>
					<onleft>133</onleft>
					<itemlayout height="200">
						<control type="group">
							<visible>StringCompare(ListItem.Property(separator),1)</visible>
							<control type="image">
								<posx>0</posx>
								<posy>50</posy>
								<width>600</width>
								<height>100</height>
								<texture>script-bluray-com-white_square.png</texture>
								<colordiffuse>FF808080</colordiffuse>
							</control>
							<control type="label">
								<posx>25</posx>
								<posy>50</posy>
								<width>550</width>
								<height>100</height>
								<font>font30</font>
								<aligny>center</aligny>
								<textcolor>FFFFFFFF</textcolor>
								<align>center</align>
								<label>[UPPERCASE][B]$INFO[ListItem.Label][/B][/UPPERCASE]</label>
							</control>
						</control>
						<control type="group">
							<visible>!StringCompare(ListItem.Property(separator),1)</visible>
							<control type="image">
								<posx>20</posx>
								<posy>10</posy>
								<width>180</width>
								<height>180</height>
								<aspectratio align="left">keep</aspectratio>
								<texture fallback="@NOCOVER@">$INFO[ListItem.Icon]</texture>
							</control>
							<control type="textbox">
								<posx>210</posx>
								<posy>20</posy>
								<width>360</width>
								<height>160</height>
								<font>font10</font>
								<aligny>top</aligny>
								<textcolor>FFFFFFFF</textcolor>
								<align>left</align>
								<label>$INFO[ListItem.Property(text)]</label>
							</control>
						</control>
					</itemlayout>
					<focusedlayout height="200">
						<control type="image">
							<posx>0</posx>
							<posy>0</posy>
							<width>600</width>
							<height>200</height>
							<texture>script-bluray-com-white_square.png</texture>
							<colordiffuse>FF0060B0</colordiffuse>
							<visible>Control.HasFocus(134)</visible>
						</control>
						<control type="group">
							<visible>StringCompare(ListItem.Property(separator),1)</visible>
							<control type="image">
								<posx>0</posx>
								<posy>50</posy>
								<width>600</width>
								<height>100</height>
								<texture>script-bluray-com-white_square.png</texture>
								<colordiffuse>FF808080</colordiffuse>
							</control>
							<control type="label">
								<posx>25</posx>
								<posy>50</posy>
								<width>550</width>
								<height>100</height>
								<font>font30</font>
								<aligny>center</aligny>
								<textcolor>FFFFFFFF</textcolor>
								<align>center</align>
								<label>[UPPERCASE][B]$INFO[ListItem.Label][/B][/UPPERCASE]</label>
							</control>
						</control>
						<control type="group">
							<visible>!StringCompare(ListItem.Property(separator),1)</visible>
							<control type="image">
								<posx>20</posx>
								<posy>10</posy>
								<width>180</width>
								<height>180</height>
								<aspectratio align="left">keep</aspectratio>
								<texture fallback="@NOCOVER@">$INFO[ListItem.Icon]</texture>
							</control>
							<control type="textbox">
								<posx>210</posx>
								<posy>20</posy>
								<width>360</width>
								<height>160</height>
								<font>font10</font>
								<aligny>top</aligny>
								<textcolor>FFFFFFFF</textcolor>
								<align>left</align>
								<label>$INFO[ListItem.Property(text)]</label>
							</control>
						</control>
					</focusedlayout>
				</control>
			</control>
		</control>
		<control type="image">
			<posx>0</posx>
			<posy>130</posy>
			<width>1920</width>
			<height>15</height>
			<texture flipy="true">script-bluray-com-white_fade_up.png</texture>
			<colordiffuse>A0000000</colordiffuse>
		</control>
		<control type="group" id="149">
			<posx>880</posx>
			<posy>460</posy>
			<control type="image">
				<posx>0</posx>
				<posy>0</posy>
				<width>160</width>
				<height>160</height>
				<texture>script-bluray-com-loading_bg.png</texture>
			</control>
			<control type="image">
				<posx>16</posx>
				<posy>16</posy>
				<width>128</width>
				<height>128</height>
				<texture>script-bluray-com-loading.gif</texture>
			</control>
		</control>
	</controls>
</window>
