<addon id="repository.MG.Arabic" name="..[COLOR red] MG Arabic[/COLOR]" version="3.0.1" provider-name="[COLOR red] MG Arabic[/COLOR]">
	<extension point="xbmc.addon.repository" name="MG Arabic">
	
		<info compressed="false">https://raw.githubusercontent.com/Yaser7440/repository.MG.Arabic/master/addons.xml</info>
        <checksum>https://raw.githubusercontent.com/Yaser7440/repository.MG.Arabic/master/addons.xml.md5</checksum>
        <datadir zip="true">https://raw.githubusercontent.com/Yaser7440/repository.MG.Arabic/master/zip</datadir>
		<hashes>true</hashes>
			
	</extension>
	<requires>
	<import addon="plugin.program.MG.AR.wizard" />
 </requires>
	<extension point="xbmc.addon.metadata">
		<summary>http://mg.esy.es/Kodi/</summary>
		<description>MG Arabic v3.0.1</description>
		<platform>all</platform>
	</extension>
</addon>