<?xml version="0.1" encoding="UTF-8" standalone="yes"?>
<addon id="plugin.video.MG.Wizard" name="MG.Wizard" version="0.2" provider-name="Mg.esy.es">
  <requires>
    <import addon="xbmc.python" version="2.1.0"/>
  </requires>
  <extension point="xbmc.python.pluginsource" library="default.py">
        <provides>executable</provides>
  </extension>
  <extension point="xbmc.addon.metadata">
    <summary lang="en">MG</summary>
    <description lang="en">Easy Install With KODI / MG Wizard / </description>
    <platform>all</platform>
  </extension>
</addon>
