<?xml version="1.0" encoding="UTF-8" standalone="yes"?>
    <addon id="plugin.video.velocity" version="1.0.3" name="Velocity" provider-name="MG Arabic">
    <requires>
        <import addon="xbmc.python" version="2.1.0"/>
        <import addon="script.module.urlresolver"  version="2.1.2"/>
        <import addon="script.module.t0mm0.common" version="2.0.0"/>
        <import addon="script.module.autoupdate" version="2.0.0" />

        
    </requires>
    <extension point="xbmc.python.pluginsource" library="default.py">
        <provides>video</provides>
    </extension>
    <extension point="xbmc.addon.metadata">
        <summary>Stream Videos sources</summary>
        <description>Stream Videos sources via Information obtained from Trakt.tv, and or your Trakt Account</description>
        <disclaimer>The author does not host or distribute any of the content displayed by this addon. The author does not have any affiliation with the content providers.</disclaimer>
        <language>en</language>
        <platform>all</platform>
        <forum></forum>
        <website></website>
        <source>http://mg.esy.es/Kodi/</source>
        <email></email>
    </extension>
</addon>