<?xml version="1.0" encoding="UTF-8"?>
<addon id="skin.mg.estuary-jarvis" version="1.0.4" name="MG.Estuary-jarvis" provider-name="MG.Arabic,phil65, Piers, YLLOW_DRAGON - SchisM Mod - nkvoronov">
	<requires>
		<import addon="xbmc.gui" version="5.10.0"/>
		<import addon="script.skinshortcuts"/>
		<import addon="script.module.autocompletion" version="1.1.2"/>
		<import addon="script.skin.helper.service"/>
		<import addon="service.skin.widgets" />
	</requires>
	<extension
        point="xbmc.gui.skin"
        defaultthemename="Textures.xbt"
        debugging="false"
        effectslowdown="1.0">
		<res width="1920" height="1080" aspect="16:9" default="true" folder="1080i" />
	</extension>
	<extension point="xbmc.addon.metadata">
		<platform>all</platform>
		<license>CC BY-SA 4.0, GNU GENERAL PUBLIC LICENSE Version 2.0</license>
		<forum>http://forum.kodi.tv/</forum>
		<source>https://github.com/xbmc/skin.estuary/</source>
	</extension>
</addon>
