<?xml version="1.0" encoding="UTF-8" standalone="yes"?>
<addon id="repository.MG.Arabic" name="MG Arabic" version="1.0.0" provider-name="MG Arabic">
	<extension point="xbmc.addon.repository" name="MG Arabic">	
		<info compressed="false">https://raw.githubusercontent.com/Yaser7440/repository.MG.Arabic/master/addons.xml</info>
        <checksum>https://raw.githubusercontent.com/Yaser7440/repository.MG.Arabic/master/addons.xml.md5</checksum>
        <datadir zip="true">https://raw.githubusercontent.com/Yaser7440/repository.MG.Arabic/master/zip/</datadir>
	</extension>
	<extension point="xbmc.addon.metadata">
		<summary>http://mg.esy.es/Kodi/</summary>
		<description>MG Arabic v1.0.0</description>
		<platform>all</platform>
	</extension>
</addon>