<?xml version="1.0" encoding="UTF-8" standalone="yes"?>
<addon id="plugin.program.MG.AR.wizard" name="MG AR Wizard" version="1.0.3" provider-name="MG.Arabic">
  <requires>
    <import addon="xbmc.python" version="2.1.0"/>
  </requires>
  <extension point="xbmc.python.pluginsource" library="default.py">
    <provides>executable</provides>
  </extension>
  <extension point="xbmc.service" library="startup.py" start="startup" />
  <extension point="xbmc.addon.metadata">
    <summary lang="en">MG AR Wizard</summary>
    <description lang="en">This is the new MG AR wizard were you can download our custom build and many others </description>
    <platform>all</platform>
  </extension>
</addon>