<?xml version="1.0" encoding="UTF-8"?>
<addon id="plugin.video.movizland" version="2.0.8" name="MoviZland" provider-name="MG.Arabic">
 <requires>
        <import addon="xbmc.python" version="2.1.0" optional="true" />
        <import addon="script.module.mg.arabic.common"/>
        <import addon="repository.MG.Arabic" />
  </requires>
  <extension point="xbmc.python.pluginsource" library="movizland.py">
    <provides>video</provides>
  </extension>
  <extension point="xbmc.addon.metadata">
    <summary>MOVIES plugin from MoviZland</summary>
    <description>MOVIES plugin from MoviZland</description>   
    <platform>all</platform>
  </extension>
</addon>
