<categories>
<category>
	<id>all</id>
	<catname>All</catname>
	<imageurl>https://cdn0.iconfinder.com/data/icons/TV_icons/256/1.png</imageurl>
</category>
<category>
	<id>maroc</id>
	<catname>Maroc</catname>
	<imageurl>http://img.freeflagicons.com/thumb/glossy_square_icon_3d/morocco/morocco_640.png</imageurl>
</category>
<category>
	<id>tunis</id>
	<catname>Tunisia</catname>
	<imageurl>http://img.freeflagicons.com/thumb/glossy_square_icon_3d/tunisia/tunisia_640.png</imageurl>
</category>
<category>
	<id>dzair</id>
	<catname>Algerie</catname>
	<imageurl>http://img.freeflagicons.com/thumb/glossy_square_icon_3d/algeria/algeria_640.png</imageurl>
</category>

<category>
	<id>egypt</id>
	<catname>Egypt</catname>
	<imageurl>http://img.freeflagicons.com/thumb/glossy_square_icon_3d/egypt/egypt_640.png</imageurl>
</category>
<category>
	<id>lyb</id>
	<catname>Lybia</catname>
	<imageurl>http://img.freeflagicons.com/thumb/glossy_square_icon_3d/libya/libya_640.png</imageurl>
</category>
<category>
	<id>music</id>
	<catname>Music</catname>
	<imageurl>https://cdn3.iconfinder.com/data/icons/ballicons-reloaded-free/512/icon-71-512.png</imageurl>
</category>
<category>
	<id>Iraq</id>
	<catname>Iraq</catname>
	<imageurl>http://img.freeflagicons.com/thumb/glossy_square_icon_3d/iraq/iraq_640.png</imageurl>
</category>
<category>
	<id>gulf</id>
	<catname>Gulf</catname>
	<imageurl>http://img.freeflagicons.com/thumb/glossy_square_icon_3d/saudi_arabia/saudi_arabia_640.png</imageurl>
</category>
<category>
	<id>sham</id>
	<catname>AlSham</catname>
	<imageurl>http://img.freeflagicons.com/thumb/glossy_square_icon_3d/lebanon/lebanon_640.png</imageurl>
</category>
<category>
	<id>drama</id>
	<catname>Drama</catname>
	<imageurl>https://cdn2.iconfinder.com/data/icons/ballicons-2-free/100/theatre-512.png</imageurl>
</category>
<category>
	<id>sports</id>
	<catname>Sports</catname>
	<imageurl>https://cdn0.iconfinder.com/data/icons/circle-icons/512/ct-sport.png</imageurl>
</category>
<category>
	<id>news</id>
	<catname>News</catname>
	<imageurl>https://cdn3.iconfinder.com/data/icons/ballicons-reloaded-free/512/icon-60-512.png</imageurl>
</category>
<category>
	<id>doc</id>
	<catname>Documentary</catname>
	<imageurl>https://cdn3.iconfinder.com/data/icons/ballicons-reloaded-free/512/icon-81-512.png</imageurl>
</category>

<category>
	<id>kids</id>
	<catname>Kids</catname>
	<imageurl>https://cdn3.iconfinder.com/data/icons/ballicons-reloaded-free/512/icon-72-512.png</imageurl>
</category>
<category>
	<id>islam</id>
	<catname>Islamic</catname>
	<imageurl>http://icons.iconarchive.com/icons/designbolts/religious-symbol/256/Islam-Crescent-icon.png</imageurl>
</category>
<category>
	<id>ent</id>
	<catname>Entertainment</catname>
	<imageurl>https://cdn0.iconfinder.com/data/icons/kameleon-free-pack-rounded/110/Video-Camera-2-512.png</imageurl>
</category>
<category>
	<id>cook</id>
	<catname>Cooking</catname>
	<imageurl>https://cdn0.iconfinder.com/data/icons/kameleon-free-pack-rounded/110/Food-Dome-512.png</imageurl>
</category>

<category>
	<id>english</id>
	<catname>English Channels</catname>
	<imageurl>http://img.freeflagicons.com/thumb/glossy_square_icon_3d/united_kingdom/united_kingdom_640.png</imageurl>
</category>
<category>
	<id>french</id>
	<catname>French</catname>
	<imageurl>http://img.freeflagicons.com/thumb/glossy_square_icon_3d/france/france_640.png</imageurl>
</category>
<category>
	<id>africa</id>
	<catname>Africa</catname>
	<imageurl>http://img.freeflagicons.com/thumb/glossy_square_icon_3d/south_africa/south_africa_640.png</imageurl>
</category>
<category>
	<id>oth</id>
	<catname>Others</catname>
	<imageurl>http://icons.iconarchive.com/icons/dakirby309/windows-8-metro/256/Other-Origins-Metro-icon.png</imageurl>
</category>
<category>
	<id>rdio</id>
	<catname>Radio</catname>
	<imageurl>http://png.findicons.com/files/icons/2787/beautiful_flat_icons/128/radio.png</imageurl>
</category>
	
<category>
	<id>christ</id>
	<catname>Arabic Christian</catname>
	<imageurl>http://icons.iconarchive.com/icons/designbolts/religious-symbol/256/Christian-cross-icon.png</imageurl>
</category>
	
</categories>
