<?xml version='1.0' encoding='UTF-8'?>
<shortcuts>
    <shortcut>
        <label>359</label>
        <label2>2</label2>
        <icon>special://skin/extras/icons/recentlyadded.png</icon>
        <action>ActivateWindow(music,musicdb://recentlyaddedalbums/,return)</action>
    </shortcut>
    <shortcut>
        <label>133</label>
        <label2>2</label2>
        <icon>special://skin/extras/icons/artist.png</icon>
        <action>ActivateWindow(music,musicdb://artists/,return)</action>
    </shortcut>
    <shortcut>
        <label>132</label>
        <label2>2</label2>
        <icon>special://skin/extras/icons/album.png</icon>
        <action>ActivateWindow(music,musicdb://albums/,return)</action>
    </shortcut>
    <shortcut>
        <label>271</label>
        <label2>2</label2>
        <icon>special://skin/extras/icons/musictop100.png</icon>
        <action>ActivateWindow(music,musicdb://top100/,return)</action>
    </shortcut>
    <shortcut>
        <label>744</label>
        <label2>2</label2>
        <icon>special://skin/extras/icons/files.png</icon>
        <action>ActivateWindow(music,sources://music/,return)</action>
    </shortcut>
    <shortcut>
        <label>136</label>
        <label2>2</label2>
        <icon>special://skin/extras/icons/playlists.png</icon>
        <action>ActivateWindow(music,special://musicplaylists/,return)</action>
    </shortcut>
    <shortcut>
        <label>10516</label>
        <label2>2</label2>
        <icon>special://skin/extras/icons/media.png</icon>
        <action>ActivateWindow(music,musicdb://,return)</action>
    </shortcut>
    <shortcut>
        <label>653</label>
        <label2>2</label2>
        <icon>special://skin/extras/icons/updatelibrary.png</icon>
        <action>UpdateLibrary(music)</action>
    </shortcut>
</shortcuts>
