<?xml version='1.0' encoding='UTF-8'?>
<shortcuts>
    <shortcut>
        <label>20390</label>
        <label2>20389</label2>
        <icon>special://skin/extras/icons/recentlyadded.png</icon>
        <action>ActivateWindow(videos,videodb://recentlyaddedmusicvideos/,return)</action>
    </shortcut>
    <shortcut>
        <label>652</label>
        <label2>20389</label2>
        <icon>special://skin/extras/icons/years.png</icon>
        <action>ActivateWindow(Videos,videodb://musicvideos/years/,return)</action>
    </shortcut>
    <shortcut>
        <label>369</label>
        <label2>20389</label2>
        <icon>special://skin/extras/icons/title.png</icon>
        <action>ActivateWindow(videos,videodb://musicvideos/titles/,return)</action>
    </shortcut>
    <shortcut>
        <label>135</label>
        <label2>20389</label2>
        <icon>special://skin/extras/icons/genre.png</icon>
        <action>ActivateWindow(Videos,videodb://musicvideos/genres/,return)</action>
    </shortcut>
    <shortcut>
        <label>133</label>
        <label2>20389</label2>
        <icon>special://skin/extras/icons/artist.png</icon>
        <action>ActivateWindow(Videos,videodb://musicvideos/artists/,return)</action>
    </shortcut>
    <shortcut>
        <label>132</label>
        <label2>20389</label2>
        <icon>special://skin/extras/icons/album.png</icon>
        <action>ActivateWindow(Videos,videodb://musicvideos/albums/,return)</action>
    </shortcut>
    <shortcut>
        <label>20314</label>
        <label2>20389</label2>
        <icon>special://skin/extras/icons/media.png</icon>
        <action>ActivateWindow(videos,library://video/musicvideos/,return)</action>
    </shortcut>
    <shortcut>
        <label>653</label>
        <label2>3</label2>
        <icon>special://skin/extras/icons/updatelibrary.png</icon>
        <action>UpdateLibrary(video)</action>
    </shortcut>
</shortcuts>
