<window id="130">
     <defaultcontrol>26</defaultcontrol>
     <coordinates>
	  <system>1</system>
	  <posx>375</posx>
	  <posy>220</posy>
     </coordinates>
     <controls>
	  <control type="image">
	       <description>Background</description>
	       <posx>0</posx>
	       <posy>0</posy>
	       <width>530</width>
	       <height>280</height>
	       <texture>background.png</texture>
	  </control>
	  <control type="label" id="90">
	       <description>Title</description>
	       <wrapmultiline>false</wrapmultiline>
	       <scroll>false</scroll>
	       <label></label>
	       <posx>0</posx>
	       <posy>10</posy>
	       <width>530</width>
	       <height>20</height>
	       <align>center</align>
	       <aligny>center</aligny>
	       <font>font12</font>
	       <style>bold</style>
	       <textcolor>blue</textcolor>
	  </control>
	  <control type="label" id="91">
	       <description>Title</description>
	       <wrapmultiline>false</wrapmultiline>
	       <scroll>false</scroll>
	       <label></label>
	       <posx>0</posx>
	       <posy>30</posy>
	       <width>530</width>
	       <height>20</height>
	       <align>center</align>
	       <aligny>center</aligny>
	       <font>font12</font>
	       <style>bold</style>
	       <textcolor>blue</textcolor>
	  </control>
	  <control type="label" id="92">
	       <description>Files</description>
	       <wrapmultiline>false</wrapmultiline>
	       <scroll>false</scroll>
	       <label></label>
	       <posx>130</posx>
	       <posy>60</posy>
	       <width>130</width>
	       <height>30</height>
	       <align>center</align>
	       <aligny>center</aligny>
	       <font>font12</font>
	       <style>bold</style>
	       <textcolor>blue</textcolor>
	  </control>
	  <control type="label" id="93">
	       <description>Size</description>
	       <wrapmultiline>false</wrapmultiline>
	       <scroll>false</scroll>
	       <label></label>
	       <posx>250</posx>
	       <posy>60</posy>
	       <width>130</width>
	       <height>30</height>
	       <align>center</align>
	       <aligny>center</aligny>
	       <font>font12</font>
	       <style>bold</style>
	       <textcolor>blue</textcolor>
	  </control>
	  <control type="label" id="94">
	       <description>Textures</description>
	       <wrapmultiline>false</wrapmultiline>
	       <scroll>false</scroll>
	       <label></label>
	       <posx>390</posx>
	       <posy>60</posy>
	       <width>130</width>
	       <height>30</height>
	       <align>center</align>
	       <aligny>center</aligny>
	       <font>font12</font>
	       <style>bold</style>
	       <textcolor>blue</textcolor>
	  </control>
	  <control type="label" id="95">
	       <description>Before</description>
	       <wrapmultiline>false</wrapmultiline>
	       <scroll>false</scroll>
	       <label></label>
	       <posx>40</posx>
	       <posy>90</posy>
	       <width>130</width>
	       <height>30</height>
	       <align>left</align>
	       <aligny>center</aligny>
	       <font>font12</font>
	       <style>bold</style>
	       <textcolor>blue</textcolor>
	  </control>
	  <control type="label" id="96">
	       <description>After</description>
	       <wrapmultiline>false</wrapmultiline>
	       <scroll>false</scroll>
	       <label></label>
	       <posx>40</posx>
	       <posy>120</posy>
	       <width>130</width>
	       <height>30</height>
	       <align>left</align>
	       <aligny>center</aligny>
	       <font>font12</font>
	       <style>bold</style>
	       <textcolor>blue</textcolor>
	  </control>
	  <control type="label" id="220">
	       <description>Before Files Output</description>
	       <wrapmultiline>false</wrapmultiline>
	       <scroll>false</scroll>
	       <label></label>
	       <posx>130</posx>
	       <posy>90</posy>
	       <width>130</width>
	       <height>30</height>
	       <align>center</align>
	       <aligny>center</aligny>
	       <font>font12</font>
	       <style>bold</style>
	       <textcolor>white</textcolor>
	  </control>
	  <control type="label" id="221">
	       <description>Before Sizes Output</description>
	       <wrapmultiline>false</wrapmultiline>
	       <scroll>false</scroll>
	       <label></label>
	       <posx>250</posx>
	       <posy>90</posy>
	       <width>130</width>
	       <height>30</height>
	       <align>center</align>
	       <aligny>center</aligny>
	       <font>font12</font>
	       <style>bold</style>
	       <textcolor>white</textcolor>
	  </control>
	  <control type="label" id="222">
	       <description>Before Textures Output</description>
	       <wrapmultiline>false</wrapmultiline>
	       <scroll>false</scroll>
	       <label></label>
	       <posx>390</posx>
	       <posy>90</posy>
	       <width>130</width>
	       <height>30</height>
	       <align>center</align>
	       <aligny>center</aligny>
	       <font>font12</font>
	       <style>bold</style>
	       <textcolor>white</textcolor>
	  </control>
	  <control type="label" id="223">
	       <description>After Files Output</description>
	       <wrapmultiline>false</wrapmultiline>
	       <scroll>false</scroll>
	       <label></label>
	       <posx>130</posx>
	       <posy>120</posy>
	       <width>130</width>
	       <height>30</height>
	       <align>center</align>
	       <aligny>center</aligny>
	       <font>font12</font>
	       <style>bold</style>
	       <textcolor>white</textcolor>
	  </control>
	  <control type="label" id="224">
	       <description>After Sizes Output</description>
	       <wrapmultiline>false</wrapmultiline>
	       <scroll>false</scroll>
	       <label></label>
	       <posx>250</posx>
	       <posy>120</posy>
	       <width>130</width>
	       <height>30</height>
	       <align>center</align>
	       <aligny>center</aligny>
	       <font>font12</font>
	       <style>bold</style>
	       <textcolor>white</textcolor>
	  </control>
	  <control type="label" id="225">
	       <description>After Textures Output</description>
	       <wrapmultiline>false</wrapmultiline>
	       <scroll>false</scroll>
	       <label></label>
	       <posx>390</posx>
	       <posy>120</posy>
	       <width>130</width>
	       <height>30</height>
	       <align>center</align>
	       <aligny>center</aligny>
	       <font>font12</font>
	       <style>bold</style>
	       <textcolor>white</textcolor>
	  </control>
	  <control type="button" id="21">
	       <description>Clean</description>
	       <label></label>
	       <posx>30</posx>
	       <posy>170</posy>
	       <width>150</width>
	       <height>40</height>
	       <font>font12_title</font>
	       <align>center</align>
	       <aligny>center</aligny>
	       <texturenofocus border="5">button-nofocus.png</texturenofocus>
	       <texturefocus border="5">button-focus.png</texturefocus>
	       <onup>24</onup>
	       <onleft>23</onleft>
	       <onright>22</onright>
	       <ondown>24</ondown>
	  </control>
	  <control type="button" id="22">
	       <description>Simulate</description>
	       <label></label>
	       <posx>190</posx>
	       <posy>170</posy>
	       <width>150</width>
	       <height>40</height>
	       <font>font12_title</font>
	       <align>center</align>
	       <aligny>center</aligny>
	       <texturenofocus border="5">button-nofocus.png</texturenofocus>
	       <texturefocus border="5">button-focus.png</texturefocus>
	       <onup>25</onup>
	       <onleft>21</onleft>
	       <onright>23</onright>
	       <ondown>25</ondown>
	  </control>
	  <control type="button" id="23">
	       <description>Query</description>
	       <label></label>
	       <posx>350</posx>
	       <posy>170</posy>
	       <width>150</width>
	       <height>40</height>
	       <align>center</align>
	       <aligny>center</aligny>
	       <texturenofocus border="5">button-nofocus.png</texturenofocus>
	       <texturefocus border="5">button-focus.png</texturefocus>
	       <font>font12_title</font>
	       <onup>26</onup>
	       <onleft>22</onleft>
	       <onright>21</onright>
	       <ondown>26</ondown>
	  </control>
	  <control type="button" id="24">
	       <description>Empty</description>
	       <label></label>
	       <posx>30</posx>
	       <posy>220</posy>
	       <width>150</width>
	       <height>40</height>
	       <font>font12_title</font>
	       <align>center</align>
	       <aligny>center</aligny>
	       <texturenofocus border="5">button-nofocus.png</texturenofocus>
	       <texturefocus border="5">button-focus.png</texturefocus>
	       <onup>21</onup>
	       <onleft>26</onleft>
	       <onright>25</onright>
	       <ondown>21</ondown>
	  </control>
	  <control type="button" id="25">
	       <description>Settings</description>
	       <label></label>
	       <posx>190</posx>
	       <posy>220</posy>
	       <width>150</width>
	       <height>40</height>
	       <align>center</align>
	       <aligny>center</aligny>
	       <texturenofocus border="5">button-nofocus.png</texturenofocus>
	       <texturefocus border="5">button-focus.png</texturefocus>
	       <font>font12_title</font>
	       <onup>22</onup>
	       <onleft>24</onleft>
	       <onright>26</onright>
	       <ondown>22</ondown>
	  </control>
	  <control type="button" id="26">
	       <description>Exit</description>
	       <label></label>
	       <posx>350</posx>
	       <posy>220</posy>
	       <width>150</width>
	       <height>40</height>
	       <align>center</align>
	       <aligny>center</aligny>
	       <texturenofocus border="5">button-nofocus.png</texturenofocus>
	       <texturefocus border="5">button-focus.png</texturefocus>
	       <font>font12_title</font>
	       <onup>23</onup>
	       <onleft>25</onleft>
	       <onright>24</onright>
	       <ondown>23</ondown>
	  </control>
     </controls>
</window>