<?xml version="1.0" encoding="UTF-8"?>
<window>
    <defaultcontrol always="true">200</defaultcontrol>
    <coordinates>
        <left>-35</left>
        <top>80</top>
    </coordinates>
    <controls>
        <control type="list" id="100">
            <left>-1920</left>
            <top>-1080</top>
            <width>1</width>
            <height>1</height>
            <itemlayout width="1" height="1"/>
            <focusedlayout width="1" height="1"/>
        </control>
        <control type="group">
            <top>100</top>
            <left>106</left>
            <animation type="WindowOpen">
                <effect type="fade" start="0" end="100" time="300" tween="sine" easing="out" />
                <effect type="slide" start="-320" end="0" time="400" tween="cubic" easing="out" />
            </animation>
            <animation type="WindowClose">
                <effect type="fade" start="100" end="0" time="300" tween="sine" easing="out" />
                <effect type="slide" start="0" end="-320" time="300" tween="cubic" easing="out" />
            </animation>
            <control type="image">
                <top>-16</top>
                <left>-16</left>
                <width>506</width>
                <height>741</height>
                <texture colordiffuse="60FFFFFF">dialogs/black.png</texture>
                <bordertexture border="20">dialogs/shadow.png</bordertexture>
                <bordersize>20</bordersize>
            </control>
            <control type="image">
                <top>-16</top>
                <left>-16</left>
                <width>506</width>
                <height>741</height>
                <aspectratio>keep</aspectratio>
                <texture>$INFO[Container(100).ListItem.Icon]</texture>
                <bordertexture border="20">dialogs/shadow.png</bordertexture>
                <bordersize>20</bordersize>
            </control>
            <control type="image">
                <left>1286</left>
                <top>-18</top>
                <width>506</width>
                <height>616</height>
                <texture border="40">buttons/dialogbutton-nofo.png</texture>
            </control>
            <control type="textbox">
                <left>1326</left>
                <top>19</top>
                <width>406</width>
                <height>546</height>
                <label>$INFO[Container(100).ListItem.Property(Plot)]</label>
                <autoscroll delay="10000" time="5000" repeat="10000">True</autoscroll>
            </control>
            <control type="group" id="900">
                <control type="list" id="200">
                    <left>490</left>
                    <top>-18</top>
                    <width>800</width>
                    <height>741</height>
                    <itemlayout width="800" height="81">
                        <control type="image">
                            <left>0</left>
                            <top>0</top>
                            <width>800</width>
                            <height>100</height>
                            <texture border="40">buttons/dialogbutton-nofo.png</texture>
                        </control>
                        <control type="label">
                            <left>40</left>
                            <top>0</top>
                            <width>720</width>
                            <height>100</height>
                            <aligny>center</aligny>
                            <font>font12</font>
                            <label>$INFO[ListItem.Label]</label>
                            <textcolor>FFFFFFFF</textcolor>
                        </control>
                        <control type="label">
                            <left>40</left>
                            <top>0</top>
                            <width>720</width>
                            <height>100</height>
                            <aligny>center</aligny>
                            <font>font12</font>
                            <label>$INFO[ListItem.Label2]</label>
                            <align>right</align>
                        </control>
                    </itemlayout>
                    <focusedlayout width="800" height="81">
                        <control type="image">
                            <left>0</left>
                            <top>0</top>
                            <width>800</width>
                            <height>100</height>
                            <texture border="40">buttons/dialogbutton-nofo.png</texture>
                            <visible>!Control.HasFocus(200)</visible>
                        </control>
                        <control type="image">
                            <left>0</left>
                            <top>0</top>
                            <width>800</width>
                            <height>100</height>
                            <texture border="40" colordiffuse="$VAR[SkinColorVar]">buttons/dialogbutton-fo.png</texture>
                            <visible>Control.HasFocus(200)</visible>
                        </control>
                        <control type="label">
                            <left>40</left>
                            <top>0</top>
                            <width>720</width>
                            <height>100</height>
                            <aligny>center</aligny>
                            <font>font12</font>
                            <label>$INFO[ListItem.Label]</label>
                            <textcolor>FFFFFFFF</textcolor>
                        </control>
                        <control type="label">
                            <left>40</left>
                            <top>0</top>
                            <width>720</width>
                            <height>100</height>
                            <aligny>center</aligny>
                            <font>font12</font>
                            <label>$INFO[ListItem.Label2]</label>
                            <align>right</align>
                            <scroll>true</scroll>
                        </control>
                    </focusedlayout>
                    <content>
                        <item>
                            <label>$LOCALIZE[19080] :</label>
 							<label2>$INFO[Container(100).ListItem.Property(StartTime)]</label2>
 							<onclick>noop</onclick>
 							<visible>!String.IsEmpty(Container(100).ListItem.Property(StartTime))</visible>
                        </item>
                        <item>
                            <label>$LOCALIZE[19081]:</label>
 							<label2>$INFO[Container(100).ListItem.Property(EndTime)]</label2>
                            <onclick>noop</onclick>
                            <visible>!String.IsEmpty(Container(100).ListItem.Property(EndTime))</visible>
                        </item>
                        <item>
                            <label>$LOCALIZE[2050] :</label>
                            <label2>$INFO[Container(100).ListItem.Property(Duration),, $LOCALIZE[12391]]</label2>
                            <onclick>noop</onclick>
                            <visible>!String.IsEmpty(Container(100).ListItem.Property(Duration))</visible>
                        </item>
                        <item>
                            <label>$LOCALIZE[515] :</label>
                            <label2>$INFO[Container(100).ListItem.Property(Genre)]</label2>
                            <onclick>noop</onclick>
                            <visible>!String.IsEmpty(Container(100).ListItem.Property(Genre))</visible>
                        </item>
                    </content>
                </control>
            </control>
        </control>
    </controls>
</window>