<?xml version="1.0" encoding="UTF-8" standalone="yes"?>
<addon id="plugin.video.EmKalthoum"
	name="OmKalthoum Songs"
	version="1.0.5"
	provider-name="mfaraj">
  <requires>
    <import addon="xbmc.python" version="2.1.0"/>
	<import addon="script.module.urlresolver" version="2.3.1"/>
    <import addon="plugin.video.youtube"/>
  </requires>
  <extension point="xbmc.python.pluginsource" library="default.py">
    <provides>video</provides>
  </extension>
  <extension point="xbmc.addon.metadata">
    <summary lang="en">OmKalthoum Songs</summary>
    <description lang="en"> enOmkalthoum songs from youtube!</description>
    <platform>all</platform>
  </extension>
</addon>
