<?xml version="1.0" encoding="UTF-8" standalone="yes"?>
<addon id="plugin.video.MG.Wizard" name="Kodi MG Wizard" version="3.0" provider-name="http://mg.esy.es/Kodi/">
  <requires>
    <import addon="xbmc.python" version="2.1.0"/>
  </requires>
  <extension point="xbmc.python.pluginsource" library="default.py">
        <provides>executable</provides>
  </extension>
  <extension point="xbmc.addon.metadata">
    <summary lang="en">Kodi MG Wizard</summary>
    <description lang="en">The hub of Kodi MG and the home of all official, and Community builds.  Find us online at http://mg.esy.es/Kodi/</description>
    <platform>all</platform> 
  </extension>
</addon>
