<?xml version="1.0" encoding="UTF-8" standalone="yes"?>
<addon id="repository.MG.Arabic" name="MG Arabic" version="2.0.1" provider-name="MG Arabic">
	<extension point="xbmc.addon.repository" name="MG Arabic">
	<dir>
		<info compressed="false">http://arabickodi.comli.com/Plugins/addons.xml</info>
		<checksum>http://arabickodi.comli.com/Plugins/addons.xml.md5</checksum>
		<datadir zip="true">http://arabickodi.comli.com/Plugins/</datadir>
	</dir>
	<dir>
	        <info compressed="false">https://offshoregit.com/tvaresolvers/tva-common-repository/raw/master/addons.xml</info>
	        <checksum>https://offshoregit.com/tvaresolvers/tva-common-repository/raw/master/addons.xml.md5</checksum>
	        <datadir zip="true">https://offshoregit.com/tvaresolvers/tva-common-repository/raw/master/zips/</datadir>
    </dir>
	
	</extension>
	<requires>
    <import addon="plugin.video.freshstart" version="1.0.5"/>
	<import addon="plugin.video.MG.Wizard" />
  </requires>
	<extension point="xbmc.addon.metadata">
		<summary>http://mg.esy.es/Kodi/</summary>
		<description>MG Arabic v0.0.4</description>
		<platform>all</platform>
	</extension>
</addon>