{
  "channels": [
    {
      "guid": "50E04907-8983-4552-A775-E70F3D91FB99",
      "name": "Vier",
      "description": "Online uitzendingen van www.vier.be.",
      "icon": "viericon.png",
      "category": "National",
      "channelcode": null,
      "sortorder": 4,
      "language": "be",
      "fanart": "vierfanart.jpg"
    }
  ],
  "settings": [
    {
      "order": 1,
      "id": "username",
      "value": "label=\"30094\" type=\"text\" default=\"\""
    },
    {
      "order": 2,
      "id": "set_password",
      "value": "label=\"30093\" type=\"action\" action=\"RunScript(net.rieter.xot, 0, ?action=encryptsetting&amp;settingid=channel_50E04907-8983-4552-A775-E70F3D91FB99_password&amp;settingname=Vier.be password&amp;tabfocus=102)\" option=\"close\""
    },
    {
      "order": 3,
      "id": "password",
      "value": "type=\"hidden\" default=\"\""
    },
    {
      "order": 4,
      "id": "cookie",
      "value": "type=\"hidden\" default=\"\""
    }
  ]
}