<?xml version="1.0" encoding="utf-8" ?><dwsync><file name=".DS_Store" server="ftp.offshoregit.com" local="3537017869" remote="318763443929936112" Dst="-1" /><file name="__init__.py" server="ftp.offshoregit.com" local="3535854249" remote="318763443928587732" Dst="-1" /><file name="addonwindow.py" server="ftp.offshoregit.com" local="3535854249" remote="318763443929465292" Dst="-1" /><file name="cleantitle.py" server="ftp.offshoregit.com" local="3535854249" remote="318763443929465292" Dst="-1" /><file name="cloudflare.py" server="ftp.offshoregit.com" local="3535854249" remote="318763443929465292" Dst="-1" /><file name="kodi.py" server="ftp.offshoregit.com" local="3536700775" remote="318763443929718192" Dst="-1" /><file name="log_utils.py" server="ftp.offshoregit.com" local="3535854249" remote="318763443929465292" Dst="-1" /><file name="message.py" server="ftp.offshoregit.com" local="3535854249" remote="318763443929465292" Dst="-1" /><file name="rating.py" server="ftp.offshoregit.com" local="3535854249" remote="318763443929465292" Dst="-1" /><file name="strings.py" server="ftp.offshoregit.com" local="3535854249" remote="318763443929465292" Dst="-1" /><file name="timeout_decorator.py" server="ftp.offshoregit.com" local="3535854249" remote="318763443929465292" Dst="-1" /><file name="trakt.py" server="ftp.offshoregit.com" local="3537015661" remote="318763443929936112" Dst="-1" /><file name="trakt_auth.py" server="ftp.offshoregit.com" local="3536802940" remote="318763443929722752" Dst="-1" /><file name="trans_utils.py" server="ftp.offshoregit.com" local="3535854249" remote="318763443929465292" Dst="-1" /><file name="window_box.py" server="ftp.offshoregit.com" local="3535854249" remote="318763443929465292" Dst="-1" /><file name="window_utils.py" server="ftp.offshoregit.com" local="3536893392" remote="318763443929812872" Dst="-1" /></dwsync>