﻿<?xml version="1.0" encoding="UTF-8" standalone="yes"?>
<addon id="plugin.video.exodus" version="3.1.23.1" name="Exodus" provider-name="Exodus">
	<requires>
		<import addon="xbmc.python" version="2.19.0" />
		<import addon="repository.xvbmc"  version="4.0.2"/>
		<!--<import addon="repository.exodus" version="3.0.0" optional="true"/> *broken* -->
		<import addon="script.exodus.artwork" version="1.0.5" />
		<import addon="script.exodus.metadata" version="1.0.0" />
		<import addon="script.module.urlresolver" version="3.0.36" />
		<import addon="script.module.metahandler" version="2.9.1" />
	</requires>
	<extension point="xbmc.python.pluginsource" library="exodus.py">
		<provides>video</provides>
	</extension>
	<extension point="xbmc.service" library="service.py" start="startup" />
	<extension point="xbmc.addon.metadata">
		<summary lang="en">Exodus</summary>
		<description>Exodus</description>
		<disclaimer>The author does not host or distribute any of the content displayed by this addon. The author does not have any affiliation with the content provider.</disclaimer>
		<platform>all</platform>
		<forum>TVA (=down)</forum>
		<website>TVA (=down)</website>
		<source>Exodus (=down)</source>
		<assets>
			<icon>icon.png</icon>
			<fanart>fanart.jpg</fanart>
			<screenshot>resources/screenshots/screenshot-01.jpg</screenshot>
			<screenshot>resources/screenshots/screenshot-02.jpg</screenshot>
			<screenshot>resources/screenshots/screenshot-03.jpg</screenshot>
		</assets>
		<news>v3.1.19: Last Version Made From The TVA Guys, If anything changes will be listed here, this version should fix install/dependency errors

v3.1.23: Last Version Made From The [COLOR red][B]C0LD[/B][/COLOR][COLOR turquoise][B]FIRE[/B][/COLOR], If anything changes will be listed here, this version should fix missing sources!
		</news>
	</extension>
</addon>