<?xml version="1.0" encoding="UTF-8"?>
<window>
    <animation type="WindowOpen" reversible="false">
        <effect type="fade" start="0" end="100" time="300" tween="sine" delay="300" easing="out" />
        <effect type="slide" start="320" end="0" time="400" delay="300" tween="cubic" easing="out" />
    </animation>
    <animation type="WindowClose" reversible="false">
        <effect type="fade" start="100" end="0" time="300" tween="sine" delay="300" easing="out" />
        <effect type="slide" start="0" end="320" time="400" delay="300" tween="cubic" easing="out" />
    </animation>
    <depth>0.50</depth>
    <coordinates>
        <left>1470</left>
        <top>78</top>
    </coordinates>
    <controls>
        <control type="image">
            <left>0</left>
            <top>13</top>
            <width>1059</width>
            <height>566</height>
            <texture background="true">dialogs/back.png</texture>
        </control>
        <!-- ** Required ** Do not change <id> or <type> (Smooth scrolling list for lyrics) -->
        <control type="list" id="110">
            <left>50</left>
            <top>13</top>
            <width>965</width>
            <height>566</height>
            <onleft>111</onleft>
            <onright>111</onright>
            <onup>110</onup>
            <ondown>110</ondown>
            <pagecontrol>111</pagecontrol>
            <scrolltime>200</scrolltime>
            <itemlayout height="56">
                <control type="label">
                    <left>0</left>
                    <top>0</top>
                    <width>965</width>
                    <height>56</height>
                    <font>font14</font>
                    <aligny>center</aligny>
                    <align>center</align>
                    <label fallback="--">$INFO[ListItem.Label]</label>
                </control>
            </itemlayout>
            <focusedlayout height="56">
                <control type="label">
                    <left>0</left>
                    <top>0</top>
                    <width>965</width>
                    <height>56</height>
                    <font>font14</font>
                    <aligny>center</aligny>
                    <align>center</align>
                    <shadowcolor>black</shadowcolor>
                    <label fallback="--">$INFO[ListItem.Label]</label>
                    <visible>!Control.HasFocus(110)</visible>
                </control>
                <control type="label">
                    <left>0</left>
                    <top>0</top>
                    <width>965</width>
                    <height>56</height>
                    <font>font14</font>
                    <aligny>center</aligny>
                    <align>center</align>
                    <shadowcolor>black</shadowcolor>
                    <textcolor>FF12B2E7</textcolor>
                    <label fallback="--">$INFO[ListItem.Label]</label>
                    <visible>Control.HasFocus(110)</visible>
                </control>
            </focusedlayout>
        </control>
        <control type="label">
            <description>Pick label</description>
            <left>50</left>
            <top>0</top>
            <width>965</width>
            <height>70</height>
            <align>center</align>
            <aligny>center</aligny>
            <font>font13_title</font>
            <label>$ADDON[script.cu.lrclyrics 32005]</label>
            <shadowcolor>black</shadowcolor>
            <visible>Control.IsVisible(120) + !Control.IsVisible(110)</visible>
        </control>
        <!-- ** Required ** Do not change <id> or <type> (Lyrics Chooser if it gets it wrong) -->
        <control type="list" id="120">
            <left>50</left>
            <top>80</top>
            <width>965</width>
            <height>486</height>
            <onleft>121</onleft>
            <onright>121</onright>
            <onup>120</onup>
            <ondown>120</ondown>
            <pagecontrol>121</pagecontrol>
            <scrolltime>200</scrolltime>
            <animation effect="slide" start="0,0" end="20,0" time="0" condition="!Control.IsVisible(121)">Conditional</animation>
            <itemlayout height="48">
                <control type="label">
                    <left>10</left>
                    <top>0</top>
                    <width>965</width>
                    <height>48</height>
                    <font>font14</font>
                    <align>center</align>
                    <aligny>center</aligny>
                    <label>$INFO[ListItem.Label]</label>
                </control>
            </itemlayout>
            <focusedlayout height="48">
                <control type="label">
                    <left>10</left>
                    <top>0</top>
                    <width>965</width>
                    <height>48</height>
                    <font>font14</font>
                    <align>center</align>
                    <aligny>center</aligny>
                    <label>$INFO[ListItem.Label]</label>
                    <textcolor>FF12B2E7</textcolor>
                </control>
            </focusedlayout>
        </control>
        <control type="button">
            <left>10</left>
            <top>555</top>
            <width>24</width>
            <height>12</height>
            <texturefocus colordiffuse="$VAR[SkinColorVar]">overlays/arrowdown.png</texturefocus>
            <texturenofocus colordiffuse="$VAR[SkinColorVar]">overlays/arrowdown.png</texturenofocus>
            <animation effect="zoom" start="100,0" end="100,100" center="auto" time="200" delay="10">VisibleChange</animation>
            <animation effect="zoom" start="100,0" end="100,100" delay="500" center="auto" time="200">WindowOpen</animation>
            <animation effect="zoom" start="100,100" end="100,0" center="auto" time="200">WindowClose</animation>
            <onclick>SetFocus(110)</onclick>
            <onclick>PageDown</onclick>
            <visible>Container(110).HasNext + Control.IsVisible(110)</visible>
        </control>
        <control type="button">
            <left>10</left>
            <top>25</top>
            <width>24</width>
            <height>12</height>
            <texturefocus colordiffuse="$VAR[SkinColorVar]" flipy="true">overlays/arrowdown.png</texturefocus>
            <texturenofocus colordiffuse="$VAR[SkinColorVar]" flipy="true">overlays/arrowdown.png</texturenofocus>
            <animation effect="zoom" start="100,0" end="100,100" center="auto" time="200" delay="10">VisibleChange</animation>
            <animation effect="zoom" start="100,0" end="100,100" delay="500" center="auto" time="200">WindowOpen</animation>
            <animation effect="zoom" start="100,100" end="100,0" center="auto" time="200">WindowClose</animation>
            <onclick>SetFocus(110)</onclick>
            <onclick>PageUp</onclick>
            <visible>Container(110).HasPrevious + Control.IsVisible(110)</visible>
        </control>
        <control type="image">
            <description>lyricslist</description>
            <left>-8</left>
            <top>268</top>
            <width>60</width>
            <height>60</height>
            <texture>dialogs/culrc-contextmenu.png</texture>
            <visible>!String.IsEmpty(Window(Home).Property(culrc.haslist))</visible>
        </control>
        <control type="label">
            <description>Scraper label</description>
            <left>-70</left>
            <top>740</top>
            <width>1087</width>
            <height>30</height>
            <label>$LOCALIZE[40118] : $INFO[Control.GetLabel(200)]</label>
            <font>font12_title</font>
            <align>right</align>
            <aligny>center</aligny>
            <textcolor>FF999999</textcolor>
            <shadowcolor>black</shadowcolor>
            <animation type="WindowOpen" reversible="false">
                <effect type="zoom" start="80" end="100" center="960,540" delay="600" tween="back" time="240" />
                <effect type="fade" delay="600" end="100" time="240" />
            </animation>
            <animation type="WindowClose" reversible="false">
                <effect type="zoom" start="100" end="80" center="960,540" easing="in" tween="back" time="240" />
                <effect type="fade" start="100" end="0" time="240" />
            </animation>
        </control>
        <control type="label" id="200">
            <description>Scraper label</description>
            <visible>false</visible>
        </control>
        <control type="button">
            <description>background close area</description>
            <left>-1920</left>
            <top>-1080</top>
            <width>5760</width>
            <height>3240</height>
            <texturefocus></texturefocus>
            <texturenofocus></texturenofocus>
            <onclick>Action(close)</onclick>
        </control>
        <control type="button">
            <description>button overlay to avoid closing in dialog area</description>
            <left>0</left>
            <top>0</top>
            <width>1320</width>
            <height>780</height>
            <texturefocus></texturefocus>
            <texturenofocus></texturenofocus>
            <onclick>noop</onclick>
        </control>
        <control type="radiobutton">
            <left>1085</left>
            <top>11</top>
            <width>48</width>
            <height>48</height>
            <radiowidth>48</radiowidth>
            <radioheight>48</radioheight>
            <texturefocus></texturefocus>
            <texturenofocus></texturenofocus>
            <label></label>
            <animation effect="slide" end="-70,0" time="0" condition="true">Conditional</animation>
            <textureradioofffocus colordiffuse="EEFFFFFF">dialogs/close.png</textureradioofffocus>
            <textureradiooffnofocus colordiffuse="EEFFFFFF">dialogs/close.png</textureradiooffnofocus>
            <textureradioonfocus colordiffuse="EEFFFFFF">dialogs/close.png</textureradioonfocus>
            <textureradioonnofocus colordiffuse="EEFFFFFF">dialogs/close.png</textureradioonnofocus>
            <onclick>Action(close)</onclick>
        </control>
    </controls>
</window>