﻿<?xml version="1.0" encoding="UTF-8" standalone="yes"?>
<addon id="script.thumbnailscleaner" name="Thumbnails Cleaner" version="1.1.5" provider-name="Max (m4x1m) Headroom, zeppy">
     <requires>
	  <import addon="xbmc.python" version="2.1.0" />
	  <import addon="script.module.simplejson" version="2.0.10" />
     </requires>
     <extension point="xbmc.python.script" library="default.py">
	  <provides>executable</provides>
     </extension>
     <extension point="xbmc.addon.metadata">
	  <platform>all</platform>
	  <forum>http://forum.xbmc.org/showthread.php?tid=158972</forum>
	  <summary lang="en">Thumbnails Cleaner allows you to clean the thumbnails folder of your Kodi</summary>
	  <summary lang="it">Thumbnails Cleaner consente di pulire la cartella thumbnails del tuo Kodi</summary>
	  <description lang="en">Thumbnails Cleaner works for exclusion. The script read the databases and excludes the images found. Once completed, the images will be moved to the destination folder you choose. It is also possible to completely delete the images without moving them. In case of simulation, the images will be copied.</description>
	  <description lang="it">Thumbnails Cleaner lavora per esclusione. Lo script legge i database ed esclude le immagini trovate. Una volta completato, le immagini verranno spostate nella cartella di destinazione scelta. E' anche possibile cancellare completamente le immagini senza spostarle. In caso di simulazione, le immagini verranno copiate.</description>
	  <disclaimer lang="en">Thumbnails Cleaner works only with Frodo and later</disclaimer>
	  <disclaimer lang="it">Thumbnails Cleaner funziona solo con Frodo e successivi</disclaimer>
     </extension>
</addon>
